Employee_ID,Employee_Status,Attrition_Flag,Attrition,Age,Age_Group,Gender,Marital_Status,Education,Education_Field,Department,Job_Role,Job_Level,Job_Involvement,Business_Travel,Distance_From_Home,Distance_Category,Daily_Rate,Hourly_Rate,Monthly_Rate,Monthly_Income,Income_Range,Income_Category,Percent_Salary_Hike,Stock_Option_Level,Performance_Rating,Performance_Category,Environment_Satisfaction,Job_Satisfaction,Relationship_Satisfaction,Work_Life_Balance,Overall_Satisfaction,Over_Time,Attrition_Risk,Total_Working_Years,Experience_Group,Years_At_Company,Company_Tenure,Years_In_Current_Role,Years_Since_Last_Promotion,Years_With_Current_Manager,Num_Companies_Worked,Training_Times_Last_Year
1,Ex-Employee,1,Yes,41,35-45,Female,Single,2,Life Sciences,Sales,Sales Executive,2,3,Travel Rarely,1,Near (0-5 km),1102,94,19479,5993,$3K-<6K,Lower Middle Income,11,0,3,Good,2,4,1,1,2,Yes,High Risk,8,Mid-Level(6-10),6,4-7 Years,4,0,5,8,0
2,Active Employee,0,No,49,46-55,Male,Married,1,Life Sciences,Research & Development,Research Scientist,2,2,Travel Frequently,8,Moderate (6-15 km),279,61,24907,5130,$3K-<6K,Lower Middle Income,23,1,4,Excellent,3,2,4,3,3,No,Low Risk,10,Mid-Level(6-10),10,8-10 Years,7,1,7,1,3
4,Ex-Employee,1,Yes,37,35-45,Male,Single,2,Other,Research & Development,Laboratory Technician,1,2,Travel Rarely,2,Near (0-5 km),1373,92,2396,2090,<$3K,Lower Income,15,0,3,Good,4,3,2,3,3,Yes,Moderate Risk,7,Mid-Level(6-10),0,New Joiner,0,0,0,6,3
5,Active Employee,0,No,33,26-35,Female,Married,4,Life Sciences,Research & Development,Research Scientist,1,3,Travel Frequently,3,Near (0-5 km),1392,56,23159,2909,<$3K,Lower Income,11,0,3,Good,4,3,3,3,3.25,Yes,Moderate Risk,8,Mid-Level(6-10),8,8-10 Years,7,3,0,1,3
7,Active Employee,0,No,27,26-35,Male,Married,1,Medical,Research & Development,Laboratory Technician,1,3,Travel Rarely,2,Near (0-5 km),591,40,16632,3468,$3K-<6K,Lower Middle Income,12,1,3,Good,1,2,4,3,2.5,No,Low Risk,6,Mid-Level(6-10),2,1-3 Years,2,2,2,9,3
8,Active Employee,0,No,32,26-35,Male,Single,2,Life Sciences,Research & Development,Laboratory Technician,1,3,Travel Frequently,2,Near (0-5 km),1005,79,11864,3068,$3K-<6K,Lower Middle Income,13,0,3,Good,4,4,3,2,3.25,No,Low Risk,8,Mid-Level(6-10),7,4-7 Years,7,3,6,0,2
10,Active Employee,0,No,59,56+,Female,Married,3,Medical,Research & Development,Laboratory Technician,1,4,Travel Rarely,3,Near (0-5 km),1324,81,9964,2670,<$3K,Lower Income,20,3,4,Excellent,3,1,1,2,1.75,Yes,High Risk,12,Senior(11-20),1,1-3 Years,0,0,0,4,3
11,Active Employee,0,No,30,26-35,Male,Divorced,1,Life Sciences,Research & Development,Laboratory Technician,1,3,Travel Rarely,24,Far (16-30 km),1358,67,13335,2693,<$3K,Lower Income,22,1,4,Excellent,4,3,2,3,3,No,Low Risk,1,Fresher(0-2),1,1-3 Years,0,0,0,1,2
12,Active Employee,0,No,38,35-45,Male,Single,3,Life Sciences,Research & Development,Manufacturing Director,3,2,Travel Frequently,23,Far (16-30 km),216,44,8787,9526,$6K-<10K,Middle Income,21,0,4,Excellent,4,3,2,3,3,No,Low Risk,10,Mid-Level(6-10),9,8-10 Years,7,1,8,0,2
13,Active Employee,0,No,36,35-45,Male,Married,3,Medical,Research & Development,Healthcare Representative,2,3,Travel Rarely,27,Far (16-30 km),1299,94,16577,5237,$3K-<6K,Lower Middle Income,13,2,3,Good,3,3,2,2,2.5,No,Low Risk,17,Senior(11-20),7,4-7 Years,7,7,7,6,3
14,Active Employee,0,No,35,35-45,Male,Married,3,Medical,Research & Development,Laboratory Technician,1,4,Travel Rarely,16,Far (16-30 km),809,84,16479,2426,<$3K,Lower Income,13,1,3,Good,1,2,3,3,2.25,No,Low Risk,6,Mid-Level(6-10),5,4-7 Years,4,0,3,0,5
15,Active Employee,0,No,29,26-35,Female,Single,2,Life Sciences,Research & Development,Laboratory Technician,2,2,Travel Rarely,15,Moderate (6-15 km),153,49,12682,4193,$3K-<6K,Lower Middle Income,12,0,3,Good,4,3,4,3,3.5,Yes,Moderate Risk,10,Mid-Level(6-10),9,8-10 Years,5,0,8,0,3
16,Active Employee,0,No,31,26-35,Male,Divorced,1,Life Sciences,Research & Development,Research Scientist,1,3,Travel Rarely,26,Far (16-30 km),670,31,15170,2911,<$3K,Lower Income,17,1,3,Good,1,3,4,2,2.5,No,Low Risk,5,Junior(3-5),5,4-7 Years,2,4,3,1,1
18,Active Employee,0,No,34,26-35,Male,Divorced,2,Medical,Research & Development,Laboratory Technician,1,3,Travel Rarely,19,Far (16-30 km),1346,93,8758,2661,<$3K,Lower Income,11,1,3,Good,2,4,3,3,3,No,Low Risk,3,Junior(3-5),2,1-3 Years,2,1,2,0,2
19,Ex-Employee,1,Yes,28,26-35,Male,Single,3,Life Sciences,Research & Development,Laboratory Technician,1,2,Travel Rarely,24,Far (16-30 km),103,50,12947,2028,<$3K,Lower Income,14,0,3,Good,3,3,2,3,2.75,Yes,High Risk,6,Mid-Level(6-10),4,4-7 Years,2,0,3,5,4
20,Active Employee,0,No,29,26-35,Female,Divorced,4,Life Sciences,Research & Development,Manufacturing Director,3,4,Travel Rarely,21,Far (16-30 km),1389,51,10195,9980,$6K-<10K,Middle Income,11,1,3,Good,2,1,3,3,2.25,No,Low Risk,10,Mid-Level(6-10),10,8-10 Years,9,8,8,1,1
21,Active Employee,0,No,32,26-35,Male,Divorced,2,Life Sciences,Research & Development,Research Scientist,1,4,Travel Rarely,5,Near (0-5 km),334,80,15053,3298,$3K-<6K,Lower Middle Income,12,2,3,Good,1,2,4,2,2.25,Yes,Moderate Risk,7,Mid-Level(6-10),6,4-7 Years,2,0,5,0,5
22,Active Employee,0,No,22,18-25,Male,Divorced,2,Medical,Research & Development,Laboratory Technician,1,4,Non-Travel,16,Far (16-30 km),1123,96,7324,2935,<$3K,Lower Income,13,2,3,Good,4,4,2,2,3,Yes,High Risk,1,Fresher(0-2),1,1-3 Years,0,0,0,1,2
23,Active Employee,0,No,53,46-55,Female,Married,4,Life Sciences,Sales,Manager,4,2,Travel Rarely,2,Near (0-5 km),1219,78,22021,15427,$15K+,Higher Income,16,0,3,Good,1,4,3,3,2.75,No,Low Risk,31,Expert(20+),25,15+ Years,8,3,7,2,3
24,Active Employee,0,No,38,35-45,Male,Single,3,Life Sciences,Research & Development,Research Scientist,1,3,Travel Rarely,2,Near (0-5 km),371,45,4306,3944,$3K-<6K,Lower Middle Income,11,0,3,Good,4,4,3,3,3.5,Yes,Moderate Risk,6,Mid-Level(6-10),3,1-3 Years,2,1,2,5,3
26,Active Employee,0,No,24,18-25,Female,Divorced,2,Other,Research & Development,Manufacturing Director,2,4,Non-Travel,11,Moderate (6-15 km),673,96,8232,4011,$3K-<6K,Lower Middle Income,18,1,3,Good,1,3,4,2,2.5,No,Low Risk,5,Junior(3-5),4,4-7 Years,2,1,3,0,5
27,Ex-Employee,1,Yes,36,35-45,Male,Single,4,Life Sciences,Sales,Sales Representative,1,2,Travel Rarely,9,Moderate (6-15 km),1218,82,6986,3407,$3K-<6K,Lower Middle Income,23,0,4,Excellent,3,1,2,3,2.25,No,Low Risk,10,Mid-Level(6-10),5,4-7 Years,3,0,3,7,4
28,Active Employee,0,No,34,26-35,Female,Single,4,Life Sciences,Research & Development,Research Director,3,3,Travel Rarely,7,Moderate (6-15 km),419,53,21293,11994,$10K-<15K,Upper Middle Income,11,0,3,Good,1,2,3,3,2.25,No,Low Risk,13,Senior(11-20),12,10-15 Years,6,2,11,0,4
30,Active Employee,0,No,21,18-25,Male,Single,2,Life Sciences,Research & Development,Research Scientist,1,3,Travel Rarely,15,Moderate (6-15 km),391,96,19281,1232,<$3K,Lower Income,14,0,3,Good,3,4,4,3,3.5,No,Low Risk,0,Fresher(0-2),0,New Joiner,0,0,0,1,6
31,Ex-Employee,1,Yes,34,26-35,Male,Single,1,Medical,Research & Development,Research Scientist,1,3,Travel Rarely,6,Moderate (6-15 km),699,83,17102,2960,<$3K,Lower Income,11,0,3,Good,2,1,3,3,2.25,No,Low Risk,8,Mid-Level(6-10),4,4-7 Years,2,1,3,2,2
32,Active Employee,0,No,53,46-55,Female,Divorced,3,Other,Research & Development,Manager,5,3,Travel Rarely,5,Near (0-5 km),1282,58,10735,19094,$15K+,Higher Income,11,1,3,Good,3,3,4,2,3,No,Low Risk,26,Expert(20+),14,10-15 Years,13,4,8,4,3
33,Ex-Employee,1,Yes,32,26-35,Female,Single,1,Life Sciences,Research & Development,Research Scientist,1,1,Travel Frequently,16,Far (16-30 km),1125,72,4681,3919,$3K-<6K,Lower Middle Income,22,0,4,Excellent,2,1,2,3,2,Yes,High Risk,10,Mid-Level(6-10),10,8-10 Years,2,6,7,1,5
35,Active Employee,0,No,42,35-45,Male,Married,4,Marketing,Sales,Sales Executive,2,3,Travel Rarely,8,Moderate (6-15 km),691,48,21173,6825,$6K-<10K,Middle Income,11,1,3,Good,3,2,4,3,3,No,Low Risk,10,Mid-Level(6-10),9,8-10 Years,7,4,2,0,2
36,Active Employee,0,No,44,35-45,Female,Married,4,Medical,Research & Development,Healthcare Representative,3,2,Travel Rarely,7,Moderate (6-15 km),477,42,2094,10248,$10K-<15K,Upper Middle Income,14,1,3,Good,1,4,4,3,3,No,Low Risk,24,Expert(20+),22,15+ Years,6,5,17,3,4
38,Active Employee,0,No,46,46-55,Female,Single,4,Marketing,Sales,Manager,5,3,Travel Rarely,2,Near (0-5 km),705,83,22822,18947,$15K+,Higher Income,12,0,3,Good,2,1,4,2,2.25,No,Low Risk,22,Expert(20+),2,1-3 Years,2,2,1,3,2
39,Active Employee,0,No,33,26-35,Male,Single,3,Medical,Research & Development,Laboratory Technician,1,3,Travel Rarely,2,Near (0-5 km),924,78,6670,2496,<$3K,Lower Income,11,0,3,Good,3,4,4,3,3.5,No,Low Risk,7,Mid-Level(6-10),1,1-3 Years,1,0,0,4,3
40,Active Employee,0,No,44,35-45,Male,Married,4,Other,Research & Development,Healthcare Representative,2,3,Travel Rarely,10,Moderate (6-15 km),1459,41,19121,6465,$6K-<10K,Middle Income,13,0,3,Good,4,4,4,4,4,Yes,Moderate Risk,9,Mid-Level(6-10),4,4-7 Years,2,1,3,2,5
41,Active Employee,0,No,30,26-35,Male,Single,2,Medical,Research & Development,Laboratory Technician,1,2,Travel Rarely,9,Moderate (6-15 km),125,83,16117,2206,<$3K,Lower Income,13,0,3,Good,4,3,1,3,2.75,No,Low Risk,10,Mid-Level(6-10),10,8-10 Years,0,1,8,1,5
42,Ex-Employee,1,Yes,39,35-45,Male,Married,3,Technical Degree,Sales,Sales Representative,2,3,Travel Rarely,5,Near (0-5 km),895,56,3335,2086,<$3K,Lower Income,14,1,3,Good,4,4,3,4,3.75,No,Low Risk,19,Senior(11-20),1,1-3 Years,0,0,0,3,6
45,Ex-Employee,1,Yes,24,18-25,Male,Married,3,Medical,Research & Development,Research Scientist,1,3,Travel Rarely,1,Near (0-5 km),813,61,3020,2293,<$3K,Lower Income,16,1,3,Good,2,4,1,2,2.25,Yes,Moderate Risk,6,Mid-Level(6-10),2,1-3 Years,0,2,0,2,2
46,Active Employee,0,No,43,35-45,Female,Divorced,2,Medical,Research & Development,Research Scientist,1,4,Travel Rarely,2,Near (0-5 km),1273,72,21923,2645,<$3K,Lower Income,12,2,3,Good,4,3,4,2,3.25,No,Low Risk,6,Mid-Level(6-10),5,4-7 Years,3,1,4,1,3
47,Ex-Employee,1,Yes,50,46-55,Male,Married,2,Marketing,Sales,Sales Representative,1,2,Travel Rarely,3,Near (0-5 km),869,86,3810,2683,<$3K,Lower Income,14,0,3,Good,1,3,3,3,2.5,Yes,Moderate Risk,3,Junior(3-5),3,1-3 Years,2,0,2,1,2
49,Active Employee,0,No,35,35-45,Female,Married,3,Marketing,Sales,Sales Representative,1,3,Travel Rarely,2,Near (0-5 km),890,97,9687,2014,<$3K,Lower Income,13,0,3,Good,4,4,1,3,3,No,Low Risk,2,Fresher(0-2),2,1-3 Years,2,2,2,1,3
51,Active Employee,0,No,36,35-45,Female,Married,4,Life Sciences,Research & Development,Research Scientist,1,2,Travel Rarely,5,Near (0-5 km),852,82,13072,3419,$3K-<6K,Lower Middle Income,14,1,3,Good,2,1,4,4,2.75,Yes,Moderate Risk,6,Mid-Level(6-10),1,1-3 Years,1,0,0,9,3
52,Active Employee,0,No,33,26-35,Female,Married,3,Life Sciences,Sales,Sales Executive,2,4,Travel Frequently,1,Near (0-5 km),1141,42,3193,5376,$3K-<6K,Lower Middle Income,19,2,3,Good,3,1,1,3,2,No,Low Risk,10,Mid-Level(6-10),5,4-7 Years,3,1,3,2,3
53,Active Employee,0,No,35,35-45,Male,Divorced,2,Other,Research & Development,Laboratory Technician,1,3,Travel Rarely,4,Near (0-5 km),464,75,10910,1951,<$3K,Lower Income,12,1,3,Good,3,4,3,3,3.25,No,Low Risk,1,Fresher(0-2),1,1-3 Years,0,0,0,1,3
54,Active Employee,0,No,27,26-35,Female,Divorced,4,Life Sciences,Research & Development,Laboratory Technician,1,3,Travel Rarely,2,Near (0-5 km),1240,33,19715,2341,<$3K,Lower Income,13,1,3,Good,4,1,4,3,3,No,Low Risk,1,Fresher(0-2),1,1-3 Years,0,0,0,1,6
55,Ex-Employee,1,Yes,26,26-35,Male,Single,3,Life Sciences,Research & Development,Laboratory Technician,1,1,Travel Rarely,25,Far (16-30 km),1357,48,10558,2293,<$3K,Lower Income,12,0,3,Good,1,3,3,2,2.25,No,Low Risk,1,Fresher(0-2),1,1-3 Years,0,0,1,1,2
56,Active Employee,0,No,27,26-35,Male,Single,3,Life Sciences,Sales,Sales Executive,3,3,Travel Frequently,8,Moderate (6-15 km),994,37,2975,8726,$6K-<10K,Middle Income,15,0,3,Good,4,3,4,3,3.5,No,Low Risk,9,Mid-Level(6-10),9,8-10 Years,8,1,7,1,0
57,Active Employee,0,No,30,26-35,Female,Single,2,Medical,Research & Development,Laboratory Technician,2,3,Travel Frequently,1,Near (0-5 km),721,58,10781,4011,$3K-<6K,Lower Middle Income,23,0,4,Excellent,3,4,4,3,3.5,No,Low Risk,12,Senior(11-20),12,10-15 Years,8,3,7,1,2
58,Ex-Employee,1,Yes,41,35-45,Female,Married,3,Technical Degree,Research & Development,Research Director,5,3,Travel Rarely,12,Moderate (6-15 km),1360,49,16280,19545,$15K+,Higher Income,12,0,3,Good,2,3,4,3,3,No,Low Risk,23,Expert(20+),22,15+ Years,15,15,8,1,0
60,Active Employee,0,No,34,26-35,Male,Single,4,Marketing,Sales,Sales Executive,2,3,Non-Travel,23,Far (16-30 km),1065,72,10034,4568,$3K-<6K,Lower Middle Income,20,0,4,Excellent,2,3,3,3,2.75,No,Low Risk,10,Mid-Level(6-10),9,8-10 Years,5,8,7,0,2
61,Active Employee,0,No,37,35-45,Male,Married,2,Life Sciences,Research & Development,Research Scientist,1,3,Travel Rarely,19,Far (16-30 km),408,73,10227,3022,$3K-<6K,Lower Middle Income,21,0,4,Excellent,2,2,1,3,2,No,Low Risk,8,Mid-Level(6-10),1,1-3 Years,0,0,0,4,1
62,Active Employee,0,No,46,46-55,Male,Single,4,Marketing,Sales,Sales Executive,2,3,Travel Frequently,5,Near (0-5 km),1211,98,20445,5772,$3K-<6K,Lower Middle Income,21,0,4,Excellent,1,4,3,3,2.75,Yes,Moderate Risk,14,Senior(11-20),9,8-10 Years,6,0,8,4,4
63,Active Employee,0,No,35,35-45,Male,Married,1,Life Sciences,Research & Development,Laboratory Technician,1,4,Travel Rarely,8,Moderate (6-15 km),1229,36,4892,2269,<$3K,Lower Income,19,0,3,Good,4,4,4,3,3.75,No,Low Risk,1,Fresher(0-2),1,1-3 Years,0,0,1,1,2
64,Ex-Employee,1,Yes,48,46-55,Male,Single,2,Life Sciences,Research & Development,Laboratory Technician,3,2,Travel Rarely,1,Near (0-5 km),626,98,19294,5381,$3K-<6K,Lower Middle Income,13,0,3,Good,1,3,4,3,2.75,Yes,Moderate Risk,23,Expert(20+),1,1-3 Years,0,0,0,9,2
65,Ex-Employee,1,Yes,28,26-35,Male,Single,4,Technical Degree,Research & Development,Laboratory Technician,1,3,Travel Rarely,5,Near (0-5 km),1434,50,11179,3441,$3K-<6K,Lower Middle Income,13,0,3,Good,3,3,3,2,2.75,Yes,Moderate Risk,2,Fresher(0-2),2,1-3 Years,2,2,2,1,3
68,Active Employee,0,No,44,35-45,Female,Divorced,5,Marketing,Sales,Sales Executive,2,3,Travel Rarely,1,Near (0-5 km),1488,75,4009,5454,$3K-<6K,Lower Middle Income,21,1,4,Excellent,2,1,3,2,2,Yes,High Risk,9,Mid-Level(6-10),4,4-7 Years,3,1,3,5,2
70,Active Employee,0,No,35,35-45,Male,Married,2,Medical,Research & Development,Healthcare Representative,3,2,Non-Travel,11,Moderate (6-15 km),1097,79,8302,9884,$6K-<10K,Middle Income,13,1,3,Good,3,1,3,3,2.5,Yes,Moderate Risk,10,Mid-Level(6-10),4,4-7 Years,0,2,3,2,3
72,Active Employee,0,No,26,26-35,Female,Married,3,Marketing,Sales,Sales Executive,2,2,Travel Rarely,23,Far (16-30 km),1443,47,21436,4157,$3K-<6K,Lower Middle Income,19,1,3,Good,3,4,3,2,3,Yes,High Risk,5,Junior(3-5),2,1-3 Years,2,0,0,7,2
73,Active Employee,0,No,33,26-35,Female,Single,2,Life Sciences,Research & Development,Research Director,3,3,Travel Frequently,1,Near (0-5 km),515,98,15146,13458,$10K-<15K,Upper Middle Income,12,0,3,Good,1,4,3,3,2.75,Yes,High Risk,15,Senior(11-20),15,10-15 Years,14,8,12,1,1
74,Active Employee,0,No,35,35-45,Male,Married,5,Life Sciences,Sales,Sales Executive,3,3,Travel Frequently,18,Far (16-30 km),853,71,11031,9069,$6K-<10K,Middle Income,22,1,4,Excellent,2,1,4,2,2.25,No,Low Risk,9,Mid-Level(6-10),9,8-10 Years,8,1,8,1,3
75,Active Employee,0,No,35,35-45,Female,Married,4,Medical,Research & Development,Laboratory Technician,1,3,Travel Rarely,23,Far (16-30 km),1142,30,16002,4014,$3K-<6K,Lower Middle Income,15,1,3,Good,3,1,3,3,2.5,Yes,High Risk,4,Junior(3-5),2,1-3 Years,2,2,2,3,3
76,Active Employee,0,No,31,26-35,Male,Divorced,4,Life Sciences,Research & Development,Laboratory Technician,2,3,Travel Rarely,7,Moderate (6-15 km),655,48,9528,5915,$3K-<6K,Lower Middle Income,22,1,4,Excellent,4,4,4,2,3.5,No,Low Risk,10,Mid-Level(6-10),7,4-7 Years,7,1,7,3,3
77,Active Employee,0,No,37,35-45,Male,Divorced,4,Life Sciences,Research & Development,Manufacturing Director,2,2,Travel Rarely,1,Near (0-5 km),1115,51,2689,5993,$3K-<6K,Lower Middle Income,18,1,3,Good,1,3,3,4,2.75,No,Low Risk,7,Mid-Level(6-10),7,4-7 Years,5,0,7,1,2
78,Active Employee,0,No,32,26-35,Male,Married,3,Medical,Research & Development,Manufacturing Director,2,3,Travel Rarely,1,Near (0-5 km),427,33,10877,6162,$6K-<10K,Middle Income,22,1,4,Excellent,1,4,2,3,2.5,Yes,High Risk,9,Mid-Level(6-10),9,8-10 Years,8,7,8,1,3
79,Active Employee,0,No,38,35-45,Female,Single,5,Life Sciences,Research & Development,Laboratory Technician,2,3,Travel Frequently,29,Far (16-30 km),653,50,5456,2406,<$3K,Lower Income,11,0,3,Good,4,4,4,3,3.75,No,Low Risk,10,Mid-Level(6-10),10,8-10 Years,3,9,9,1,2
80,Active Employee,0,No,50,46-55,Female,Divorced,2,Medical,Research & Development,Research Director,5,2,Travel Rarely,7,Moderate (6-15 km),989,43,16701,18740,$15K+,Higher Income,12,1,3,Good,2,3,4,2,2.75,Yes,High Risk,29,Expert(20+),27,15+ Years,3,13,8,5,2
81,Active Employee,0,No,59,56+,Female,Single,3,Life Sciences,Sales,Sales Executive,3,3,Travel Rarely,25,Far (16-30 km),1435,99,2354,7637,$6K-<10K,Middle Income,11,0,3,Good,1,1,4,2,2,No,Low Risk,28,Expert(20+),21,15+ Years,16,7,9,7,3
83,Active Employee,0,No,36,35-45,Female,Divorced,3,Technical Degree,Research & Development,Healthcare Representative,3,3,Travel Rarely,8,Moderate (6-15 km),1223,59,8202,10096,$10K-<15K,Upper Middle Income,13,3,3,Good,3,3,2,3,2.75,No,Low Risk,17,Senior(11-20),17,15+ Years,14,12,8,1,2
84,Active Employee,0,No,55,46-55,Female,Divorced,3,Medical,Research & Development,Manager,4,3,Travel Rarely,8,Moderate (6-15 km),836,33,19730,14756,$10K-<15K,Upper Middle Income,14,3,3,Good,4,3,3,3,3.25,Yes,Moderate Risk,21,Expert(20+),5,4-7 Years,0,0,2,2,2
85,Active Employee,0,No,36,35-45,Male,Single,3,Life Sciences,Research & Development,Manufacturing Director,2,2,Travel Frequently,11,Moderate (6-15 km),1195,95,22656,6499,$6K-<10K,Middle Income,13,0,3,Good,2,2,3,3,2.5,No,Low Risk,6,Mid-Level(6-10),6,4-7 Years,5,0,3,1,3
86,Active Employee,0,No,45,35-45,Male,Divorced,3,Life Sciences,Research & Development,Research Scientist,3,3,Travel Rarely,7,Moderate (6-15 km),1339,59,18787,9724,$6K-<10K,Middle Income,17,1,3,Good,2,1,3,3,2.25,No,Low Risk,25,Expert(20+),1,1-3 Years,0,0,0,2,2
88,Active Employee,0,No,35,35-45,Male,Married,3,Medical,Research & Development,Research Scientist,1,3,Travel Frequently,1,Near (0-5 km),664,79,5868,2194,<$3K,Lower Income,13,1,3,Good,2,1,4,2,2.25,No,Low Risk,5,Junior(3-5),3,1-3 Years,2,1,2,4,2
90,Ex-Employee,1,Yes,36,35-45,Male,Married,3,Medical,Research & Development,Research Scientist,1,2,Travel Rarely,9,Moderate (6-15 km),318,79,21777,3388,$3K-<6K,Lower Middle Income,17,1,3,Good,4,3,1,2,2.5,Yes,Moderate Risk,2,Fresher(0-2),1,1-3 Years,0,0,0,0,0
91,Active Employee,0,No,59,56+,Female,Single,1,Life Sciences,Sales,Sales Executive,2,2,Travel Frequently,1,Near (0-5 km),1225,57,24668,5473,$3K-<6K,Lower Middle Income,11,0,3,Good,1,3,4,2,2.5,No,Low Risk,20,Senior(11-20),4,4-7 Years,3,1,3,7,2
94,Active Employee,0,No,29,26-35,Male,Married,3,Life Sciences,Research & Development,Research Scientist,1,3,Travel Rarely,2,Near (0-5 km),1328,76,4956,2703,<$3K,Lower Income,23,1,4,Excellent,3,2,4,3,3,No,Low Risk,6,Mid-Level(6-10),5,4-7 Years,4,0,4,0,3
95,Active Employee,0,No,31,26-35,Male,Single,4,Medical,Research & Development,Research Scientist,1,3,Travel Rarely,1,Near (0-5 km),1082,87,18775,2501,<$3K,Lower Income,17,0,3,Good,3,2,2,3,2.5,No,Low Risk,1,Fresher(0-2),1,1-3 Years,1,1,0,1,4
96,Active Employee,0,No,32,26-35,Male,Married,3,Life Sciences,Research & Development,Research Scientist,2,3,Travel Rarely,1,Near (0-5 km),548,66,7346,6220,$6K-<10K,Middle Income,17,2,3,Good,2,2,2,3,2.25,No,Low Risk,10,Mid-Level(6-10),10,8-10 Years,4,0,9,1,3
97,Active Employee,0,No,36,35-45,Female,Married,3,Life Sciences,Research & Development,Laboratory Technician,1,4,Travel Rarely,6,Moderate (6-15 km),132,55,22002,3038,$3K-<6K,Lower Middle Income,12,0,3,Good,2,4,2,3,2.75,No,Low Risk,5,Junior(3-5),1,1-3 Years,0,0,0,3,3
98,Active Employee,0,No,31,26-35,Female,Single,4,Life Sciences,Research & Development,Manufacturing Director,2,3,Travel Rarely,8,Moderate (6-15 km),746,61,20682,4424,$3K-<6K,Lower Middle Income,23,0,4,Excellent,3,4,4,3,3.5,No,Low Risk,11,Senior(11-20),11,10-15 Years,7,1,8,1,2
100,Active Employee,0,No,35,35-45,Male,Single,4,Marketing,Sales,Sales Executive,2,2,Travel Rarely,1,Near (0-5 km),776,32,23016,4312,$3K-<6K,Lower Middle Income,14,0,3,Good,3,1,2,3,2.25,No,Low Risk,16,Senior(11-20),15,10-15 Years,13,2,8,0,2
101,Active Employee,0,No,45,35-45,Male,Married,4,Other,Research & Development,Research Director,3,3,Travel Rarely,6,Moderate (6-15 km),193,52,15067,13245,$10K-<15K,Upper Middle Income,14,0,3,Good,4,1,2,4,2.75,Yes,Moderate Risk,17,Senior(11-20),0,New Joiner,0,0,0,4,3
102,Active Employee,0,No,37,35-45,Male,Single,4,Medical,Research & Development,Research Director,3,3,Travel Rarely,7,Moderate (6-15 km),397,30,25258,13664,$10K-<15K,Upper Middle Income,13,0,3,Good,1,3,1,4,2.25,No,Low Risk,16,Senior(11-20),5,4-7 Years,2,0,2,4,3
103,Active Employee,0,No,46,46-55,Male,Divorced,2,Medical,Human Resources,Human Resources,2,3,Travel Rarely,5,Near (0-5 km),945,80,10425,5021,$3K-<6K,Lower Middle Income,22,1,4,Excellent,2,2,4,3,2.75,Yes,Moderate Risk,16,Senior(11-20),4,4-7 Years,2,0,2,8,2
104,Active Employee,0,No,30,26-35,Male,Married,1,Life Sciences,Research & Development,Laboratory Technician,2,2,Travel Rarely,1,Near (0-5 km),852,55,15998,5126,$3K-<6K,Lower Middle Income,12,2,3,Good,4,4,3,2,3.25,Yes,Moderate Risk,10,Mid-Level(6-10),10,8-10 Years,8,3,0,1,1
105,Active Employee,0,No,35,35-45,Male,Single,3,Medical,Research & Development,Research Scientist,1,2,Travel Rarely,1,Near (0-5 km),1214,30,26278,2859,<$3K,Lower Income,18,0,3,Good,2,3,1,3,2.25,No,Low Risk,6,Mid-Level(6-10),6,4-7 Years,4,0,4,1,3
106,Active Employee,0,No,55,46-55,Male,Married,2,Life Sciences,Sales,Sales Executive,3,3,Travel Rarely,1,Near (0-5 km),111,70,18092,10239,$10K-<15K,Upper Middle Income,14,1,3,Good,1,4,4,3,3,No,Low Risk,24,Expert(20+),1,1-3 Years,0,1,0,3,4
107,Active Employee,0,No,38,35-45,Female,Divorced,3,Medical,Research & Development,Research Scientist,2,1,Non-Travel,6,Moderate (6-15 km),573,79,15717,5329,$3K-<6K,Lower Middle Income,12,3,3,Good,2,4,4,3,3.25,Yes,Moderate Risk,17,Senior(11-20),13,10-15 Years,11,1,9,7,3
110,Active Employee,0,No,34,26-35,Male,Married,2,Medical,Research & Development,Manufacturing Director,2,3,Travel Rarely,1,Near (0-5 km),1153,94,17736,4325,$3K-<6K,Lower Middle Income,15,0,3,Good,1,2,3,3,2.25,No,Low Risk,5,Junior(3-5),5,4-7 Years,2,1,3,1,2
112,Active Employee,0,No,56,56+,Male,Single,3,Life Sciences,Research & Development,Manufacturing Director,3,1,Travel Rarely,7,Moderate (6-15 km),1400,49,21698,7260,$6K-<10K,Middle Income,11,0,3,Good,4,4,1,2,2.75,No,Low Risk,37,Expert(20+),6,4-7 Years,4,0,2,4,3
113,Active Employee,0,No,23,18-25,Male,Divorced,1,Technical Degree,Sales,Sales Representative,1,3,Travel Rarely,2,Near (0-5 km),541,62,9518,2322,<$3K,Lower Income,13,1,3,Good,3,1,3,3,2.5,No,Low Risk,3,Junior(3-5),0,New Joiner,0,0,0,3,3
116,Active Employee,0,No,51,46-55,Male,Married,4,Life Sciences,Research & Development,Laboratory Technician,1,3,Travel Rarely,9,Moderate (6-15 km),432,96,18725,2075,<$3K,Lower Income,23,2,4,Excellent,4,4,2,3,3.25,No,Low Risk,10,Mid-Level(6-10),4,4-7 Years,2,0,3,3,4
117,Active Employee,0,No,30,26-35,Male,Married,3,Life Sciences,Research & Development,Healthcare Representative,2,2,Travel Rarely,2,Near (0-5 km),288,99,15830,4152,$3K-<6K,Lower Middle Income,19,3,3,Good,3,4,1,3,2.75,No,Low Risk,11,Senior(11-20),11,10-15 Years,10,10,8,1,3
118,Ex-Employee,1,Yes,46,46-55,Male,Single,2,Medical,Sales,Sales Executive,3,2,Travel Rarely,9,Moderate (6-15 km),669,64,13596,9619,$6K-<10K,Middle Income,16,0,3,Good,3,4,4,3,3.5,No,Low Risk,9,Mid-Level(6-10),9,8-10 Years,8,4,7,1,3
119,Active Employee,0,No,40,35-45,Male,Married,4,Life Sciences,Research & Development,Healthcare Representative,4,2,Travel Frequently,1,Near (0-5 km),530,78,14115,13503,$10K-<15K,Upper Middle Income,22,1,4,Excellent,3,2,4,2,2.75,No,Low Risk,22,Expert(20+),22,15+ Years,3,11,11,1,3
120,Active Employee,0,No,51,46-55,Male,Single,4,Marketing,Sales,Sales Executive,2,3,Travel Rarely,21,Far (16-30 km),632,71,8423,5441,$3K-<6K,Lower Middle Income,22,0,4,Excellent,3,4,4,1,3,Yes,High Risk,11,Senior(11-20),10,8-10 Years,7,1,0,0,2
121,Active Employee,0,No,30,26-35,Female,Divorced,2,Medical,Sales,Sales Executive,2,2,Travel Rarely,4,Near (0-5 km),1334,63,19760,5209,$3K-<6K,Lower Middle Income,12,3,3,Good,3,2,2,2,2.25,Yes,Moderate Risk,11,Senior(11-20),11,10-15 Years,8,2,7,1,4
124,Active Employee,0,No,46,46-55,Male,Married,3,Medical,Research & Development,Healthcare Representative,3,2,Travel Frequently,1,Near (0-5 km),638,40,3142,10673,$10K-<15K,Upper Middle Income,13,1,3,Good,3,1,3,2,2.25,Yes,High Risk,21,Expert(20+),10,8-10 Years,9,9,5,2,5
125,Active Employee,0,No,32,26-35,Male,Single,4,Medical,Sales,Sales Executive,2,3,Travel Rarely,6,Moderate (6-15 km),1093,87,24301,5010,$3K-<6K,Lower Middle Income,16,0,3,Good,2,3,1,3,2.25,No,Low Risk,12,Senior(11-20),11,10-15 Years,8,5,7,1,0
126,Active Employee,0,No,54,46-55,Female,Married,4,Technical Degree,Research & Development,Research Director,3,3,Travel Rarely,2,Near (0-5 km),1217,60,24001,13549,$10K-<15K,Upper Middle Income,12,1,3,Good,1,3,1,1,1.5,No,Low Risk,16,Senior(11-20),4,4-7 Years,3,0,3,9,5
128,Active Employee,0,No,24,18-25,Female,Married,2,Other,Sales,Sales Executive,2,3,Travel Rarely,3,Near (0-5 km),1353,33,17519,4999,$3K-<6K,Lower Middle Income,21,1,4,Excellent,1,3,1,2,1.75,No,Low Risk,4,Junior(3-5),3,1-3 Years,2,0,2,0,2
129,Active Employee,0,No,28,26-35,Male,Married,3,Medical,Sales,Sales Executive,2,3,Non-Travel,4,Near (0-5 km),120,43,8863,4221,$3K-<6K,Lower Middle Income,15,0,3,Good,2,3,2,4,2.75,No,Low Risk,5,Junior(3-5),5,4-7 Years,4,0,4,1,3
131,Active Employee,0,No,58,56+,Male,Single,4,Medical,Sales,Sales Executive,4,3,Travel Rarely,10,Moderate (6-15 km),682,37,24409,13872,$10K-<15K,Upper Middle Income,13,0,3,Good,4,3,3,2,3,No,Low Risk,38,Expert(20+),37,15+ Years,10,1,8,0,1
132,Active Employee,0,No,44,35-45,Male,Married,3,Medical,Research & Development,Laboratory Technician,2,3,Non-Travel,23,Far (16-30 km),489,67,25043,2042,<$3K,Lower Income,12,1,3,Good,2,2,3,4,2.75,No,Low Risk,17,Senior(11-20),3,1-3 Years,2,1,2,4,3
133,Ex-Employee,1,Yes,37,35-45,Male,Divorced,4,Human Resources,Human Resources,Human Resources,1,3,Travel Rarely,6,Moderate (6-15 km),807,63,23648,2073,<$3K,Lower Income,22,0,4,Excellent,3,1,4,3,2.75,Yes,Moderate Risk,7,Mid-Level(6-10),3,1-3 Years,2,0,2,4,3
134,Active Employee,0,No,32,26-35,Male,Single,1,Life Sciences,Research & Development,Research Scientist,1,3,Travel Rarely,1,Near (0-5 km),827,71,15178,2956,<$3K,Lower Income,13,0,3,Good,4,1,4,3,3,No,Low Risk,1,Fresher(0-2),1,1-3 Years,0,0,0,1,2
137,Ex-Employee,1,Yes,20,18-25,Female,Single,3,Life Sciences,Research & Development,Laboratory Technician,1,2,Travel Frequently,6,Moderate (6-15 km),871,66,19783,2926,<$3K,Lower Income,18,0,3,Good,4,4,2,3,3.25,Yes,Moderate Risk,1,Fresher(0-2),1,1-3 Years,0,1,0,1,5
138,Active Employee,0,No,34,26-35,Female,Single,4,Other,Research & Development,Research Scientist,2,3,Travel Rarely,6,Moderate (6-15 km),665,41,12482,4809,$3K-<6K,Lower Middle Income,14,0,3,Good,1,3,3,3,2.5,No,Low Risk,16,Senior(11-20),16,15+ Years,13,2,10,1,3
139,Active Employee,0,No,37,35-45,Male,Divorced,2,Life Sciences,Research & Development,Healthcare Representative,2,2,Non-Travel,2,Near (0-5 km),1040,100,15850,5163,$3K-<6K,Lower Middle Income,14,1,3,Good,3,4,4,4,3.75,No,Low Risk,17,Senior(11-20),1,1-3 Years,0,0,0,5,2
140,Active Employee,0,No,59,56+,Female,Married,4,Human Resources,Human Resources,Manager,5,2,Non-Travel,2,Near (0-5 km),1420,32,21922,18844,$15K+,Higher Income,21,1,4,Excellent,3,4,4,3,3.5,No,Low Risk,30,Expert(20+),3,1-3 Years,2,2,2,9,3
141,Active Employee,0,No,50,46-55,Female,Married,3,Life Sciences,Research & Development,Research Director,5,3,Travel Frequently,1,Near (0-5 km),1115,73,9755,18172,$15K+,Higher Income,19,0,3,Good,1,2,1,2,1.5,Yes,High Risk,28,Expert(20+),8,8-10 Years,3,0,7,3,1
142,Ex-Employee,1,Yes,25,18-25,Male,Single,3,Marketing,Sales,Sales Executive,2,2,Travel Rarely,5,Near (0-5 km),240,46,26959,5744,$3K-<6K,Lower Middle Income,11,0,3,Good,3,3,4,3,3.25,Yes,Moderate Risk,6,Mid-Level(6-10),6,4-7 Years,4,0,3,1,1
143,Active Employee,0,No,25,18-25,Male,Married,1,Medical,Research & Development,Research Scientist,1,2,Travel Rarely,7,Moderate (6-15 km),1280,64,26897,2889,<$3K,Lower Income,11,2,3,Good,4,4,3,3,3.5,No,Low Risk,2,Fresher(0-2),2,1-3 Years,2,2,1,1,2
144,Active Employee,0,No,22,18-25,Female,Single,3,Medical,Research & Development,Laboratory Technician,1,3,Travel Rarely,15,Moderate (6-15 km),534,59,23785,2871,<$3K,Lower Income,15,0,3,Good,2,4,3,3,3,No,Low Risk,1,Fresher(0-2),0,New Joiner,0,0,0,1,5
145,Active Employee,0,No,51,46-55,Female,Single,4,Medical,Research & Development,Healthcare Representative,3,2,Travel Frequently,1,Near (0-5 km),1456,30,25796,7484,$6K-<10K,Middle Income,20,0,4,Excellent,1,1,3,2,1.75,No,Low Risk,23,Expert(20+),13,10-15 Years,12,12,8,3,1
147,Ex-Employee,1,Yes,34,26-35,Male,Single,3,Life Sciences,Research & Development,Laboratory Technician,2,1,Travel Frequently,7,Moderate (6-15 km),658,66,22887,6074,$6K-<10K,Middle Income,24,0,4,Excellent,1,3,4,3,2.75,Yes,Moderate Risk,9,Mid-Level(6-10),9,8-10 Years,7,0,6,1,3
148,Active Employee,0,No,54,46-55,Female,Single,3,Human Resources,Human Resources,Manager,4,4,Non-Travel,26,Far (16-30 km),142,30,13871,17328,$15K+,Higher Income,12,0,3,Good,4,4,3,3,3.5,Yes,High Risk,23,Expert(20+),5,4-7 Years,3,4,4,2,3
150,Active Employee,0,No,24,18-25,Male,Married,1,Life Sciences,Research & Development,Laboratory Technician,1,3,Travel Rarely,18,Far (16-30 km),1127,52,13257,2774,<$3K,Lower Income,12,1,3,Good,2,3,3,3,2.75,No,Low Risk,6,Mid-Level(6-10),5,4-7 Years,3,1,2,0,2
151,Active Employee,0,No,34,26-35,Female,Divorced,4,Life Sciences,Research & Development,Research Scientist,2,2,Travel Rarely,6,Moderate (6-15 km),1031,45,15000,4505,$3K-<6K,Lower Middle Income,15,1,3,Good,3,2,3,3,2.75,No,Low Risk,12,Senior(11-20),1,1-3 Years,0,0,0,6,3
152,Active Employee,0,No,37,35-45,Male,Single,3,Life Sciences,Sales,Sales Executive,3,3,Travel Rarely,3,Near (0-5 km),1189,87,14506,7428,$6K-<10K,Middle Income,12,0,3,Good,3,4,1,3,2.75,No,Low Risk,12,Senior(11-20),5,4-7 Years,3,1,3,2,3
153,Active Employee,0,No,34,26-35,Female,Single,3,Medical,Research & Development,Manager,3,2,Travel Rarely,5,Near (0-5 km),1354,45,5615,11631,$10K-<15K,Upper Middle Income,12,0,3,Good,3,1,4,3,2.75,No,Low Risk,14,Senior(11-20),11,10-15 Years,10,5,8,2,6
154,Active Employee,0,No,36,35-45,Female,Married,2,Technical Degree,Sales,Sales Executive,3,3,Travel Frequently,11,Moderate (6-15 km),1467,92,22952,9738,$6K-<10K,Middle Income,14,1,3,Good,2,4,3,3,3,No,Low Risk,10,Mid-Level(6-10),9,8-10 Years,7,2,8,0,6
155,Active Employee,0,No,36,35-45,Female,Divorced,2,Life Sciences,Research & Development,Laboratory Technician,1,3,Travel Rarely,3,Near (0-5 km),922,39,2561,2835,<$3K,Lower Income,22,1,4,Excellent,1,4,1,3,2.25,No,Low Risk,7,Mid-Level(6-10),1,1-3 Years,0,0,0,5,2
158,Active Employee,0,No,43,35-45,Male,Married,2,Life Sciences,Sales,Manager,4,3,Travel Frequently,26,Far (16-30 km),394,92,19494,16959,$15K+,Higher Income,12,2,3,Good,3,4,4,4,3.75,Yes,High Risk,25,Expert(20+),25,15+ Years,12,4,12,1,3
159,Active Employee,0,No,30,26-35,Male,Divorced,3,Life Sciences,Research & Development,Research Scientist,1,1,Travel Frequently,23,Far (16-30 km),1312,96,22310,2613,<$3K,Lower Income,25,3,4,Excellent,1,3,3,2,2.25,No,Low Risk,10,Mid-Level(6-10),10,8-10 Years,7,0,9,1,2
160,Active Employee,0,No,33,26-35,Male,Married,2,Marketing,Sales,Sales Executive,2,3,Non-Travel,22,Far (16-30 km),750,95,15480,6146,$6K-<10K,Middle Income,13,1,3,Good,3,2,1,4,2.5,No,Low Risk,8,Mid-Level(6-10),7,4-7 Years,7,0,7,0,2
161,Ex-Employee,1,Yes,56,56+,Female,Married,4,Life Sciences,Research & Development,Research Scientist,1,3,Travel Rarely,14,Moderate (6-15 km),441,72,4510,4963,$3K-<6K,Lower Middle Income,18,3,3,Good,2,2,1,3,2,Yes,High Risk,7,Mid-Level(6-10),5,4-7 Years,4,4,3,9,2
162,Active Employee,0,No,51,46-55,Male,Single,3,Life Sciences,Research & Development,Research Director,5,3,Travel Rarely,6,Moderate (6-15 km),684,51,6462,19537,$15K+,Higher Income,13,0,3,Good,1,3,3,3,2.5,No,Low Risk,23,Expert(20+),20,15+ Years,18,15,15,7,5
163,Ex-Employee,1,Yes,31,26-35,Male,Married,4,Life Sciences,Sales,Sales Executive,2,1,Travel Rarely,6,Moderate (6-15 km),249,76,20739,6172,$6K-<10K,Middle Income,18,0,3,Good,2,3,2,2,2.25,Yes,High Risk,12,Senior(11-20),7,4-7 Years,7,7,7,4,3
164,Active Employee,0,No,26,26-35,Female,Married,3,Other,Research & Development,Research Scientist,1,2,Travel Rarely,6,Moderate (6-15 km),841,46,23300,2368,<$3K,Lower Income,19,0,3,Good,3,2,3,2,2.5,No,Low Risk,5,Junior(3-5),5,4-7 Years,4,4,3,1,3
165,Ex-Employee,1,Yes,58,56+,Female,Married,4,Medical,Research & Development,Healthcare Representative,3,3,Travel Rarely,23,Far (16-30 km),147,94,3465,10312,$10K-<15K,Upper Middle Income,12,1,3,Good,4,4,4,2,3.5,No,Low Risk,40,Expert(20+),40,15+ Years,10,15,6,1,3
167,Ex-Employee,1,Yes,19,18-25,Male,Single,1,Marketing,Sales,Sales Representative,1,3,Travel Rarely,22,Far (16-30 km),528,50,26820,1675,<$3K,Lower Income,19,0,3,Good,4,3,4,2,3.25,Yes,High Risk,0,Fresher(0-2),0,New Joiner,0,0,0,1,2
169,Active Employee,0,No,22,18-25,Male,Married,1,Technical Degree,Research & Development,Laboratory Technician,1,3,Travel Rarely,2,Near (0-5 km),594,100,19299,2523,<$3K,Lower Income,14,1,3,Good,3,4,3,3,3.25,No,Low Risk,3,Junior(3-5),2,1-3 Years,1,2,1,0,2
170,Active Employee,0,No,49,46-55,Female,Married,4,Medical,Research & Development,Manufacturing Director,2,3,Travel Rarely,20,Far (16-30 km),470,96,5549,6567,$6K-<10K,Middle Income,14,0,3,Good,3,1,3,2,2.25,No,Low Risk,16,Senior(11-20),15,10-15 Years,11,5,11,1,2
171,Active Employee,0,No,43,35-45,Female,Single,3,Medical,Research & Development,Research Scientist,1,4,Travel Frequently,28,Far (16-30 km),957,72,16090,4739,$3K-<6K,Lower Middle Income,12,0,3,Good,2,3,4,3,3,No,Low Risk,18,Senior(11-20),3,1-3 Years,2,1,2,4,2
174,Active Employee,0,No,50,46-55,Female,Single,3,Marketing,Sales,Sales Executive,3,3,Travel Frequently,12,Moderate (6-15 km),809,77,6645,9208,$6K-<10K,Middle Income,11,0,3,Good,3,4,4,3,3.5,No,Low Risk,16,Senior(11-20),2,1-3 Years,2,2,1,4,3
175,Ex-Employee,1,Yes,31,26-35,Female,Married,3,Life Sciences,Sales,Sales Executive,2,1,Travel Rarely,20,Far (16-30 km),542,71,24788,4559,$3K-<6K,Lower Middle Income,11,1,3,Good,2,3,3,3,2.75,Yes,High Risk,4,Junior(3-5),2,1-3 Years,2,2,2,3,2
176,Active Employee,0,No,41,35-45,Male,Divorced,1,Life Sciences,Sales,Sales Executive,3,3,Travel Rarely,9,Moderate (6-15 km),802,96,21196,8189,$6K-<10K,Middle Income,13,1,3,Good,3,3,3,3,3,Yes,Moderate Risk,12,Senior(11-20),9,8-10 Years,7,0,7,3,2
177,Active Employee,0,No,26,26-35,Female,Married,1,Life Sciences,Human Resources,Human Resources,1,3,Travel Rarely,25,Far (16-30 km),1355,61,8916,2942,<$3K,Lower Income,23,1,4,Excellent,3,3,4,3,3.25,No,Low Risk,8,Mid-Level(6-10),8,8-10 Years,7,5,7,1,3
178,Active Employee,0,No,36,35-45,Male,Divorced,2,Medical,Research & Development,Manufacturing Director,2,3,Travel Rarely,6,Moderate (6-15 km),216,84,2819,4941,$3K-<6K,Lower Middle Income,20,2,4,Excellent,2,2,4,3,2.75,No,Low Risk,7,Mid-Level(6-10),3,1-3 Years,2,0,1,6,0
179,Ex-Employee,1,Yes,51,46-55,Male,Single,4,Life Sciences,Research & Development,Manufacturing Director,3,1,Travel Frequently,8,Moderate (6-15 km),1150,53,25150,10650,$10K-<15K,Upper Middle Income,15,0,3,Good,1,4,4,3,3,No,Low Risk,18,Senior(11-20),4,4-7 Years,2,0,3,2,2
182,Active Employee,0,No,39,35-45,Female,Married,4,Life Sciences,Sales,Sales Executive,2,2,Travel Rarely,4,Near (0-5 km),1329,47,14590,5902,$3K-<6K,Lower Middle Income,14,1,3,Good,4,3,3,4,3.5,No,Low Risk,17,Senior(11-20),15,10-15 Years,11,5,9,4,1
183,Active Employee,0,No,25,18-25,Male,Married,3,Life Sciences,Sales,Sales Executive,2,2,Travel Rarely,28,Far (16-30 km),959,41,24835,8639,$6K-<10K,Middle Income,18,0,3,Good,1,3,4,3,2.75,No,Low Risk,6,Mid-Level(6-10),2,1-3 Years,2,2,2,2,3
184,Active Employee,0,No,30,26-35,Male,Married,3,Human Resources,Human Resources,Human Resources,2,3,Travel Rarely,9,Moderate (6-15 km),1240,48,13982,6347,$6K-<10K,Middle Income,19,0,3,Good,3,4,4,1,3,Yes,Moderate Risk,12,Senior(11-20),11,10-15 Years,9,4,7,0,2
190,Ex-Employee,1,Yes,32,26-35,Female,Single,3,Medical,Research & Development,Laboratory Technician,1,3,Travel Rarely,9,Moderate (6-15 km),1033,41,10224,4200,$3K-<6K,Lower Middle Income,22,0,4,Excellent,1,1,1,4,1.75,No,Low Risk,10,Mid-Level(6-10),5,4-7 Years,4,0,4,7,2
192,Active Employee,0,No,45,35-45,Male,Single,3,Medical,Research & Development,Research Scientist,1,3,Travel Rarely,29,Far (16-30 km),1316,83,9752,3452,$3K-<6K,Lower Middle Income,13,0,3,Good,3,4,2,2,2.75,No,Low Risk,9,Mid-Level(6-10),6,4-7 Years,5,0,3,5,2
193,Active Employee,0,No,38,35-45,Female,Single,5,Technical Degree,Research & Development,Research Scientist,2,3,Travel Rarely,3,Near (0-5 km),364,32,2302,4317,$3K-<6K,Lower Middle Income,20,0,4,Excellent,4,3,2,3,3,Yes,Moderate Risk,19,Senior(11-20),3,1-3 Years,2,2,2,3,2
194,Active Employee,0,No,30,26-35,Female,Single,3,Life Sciences,Research & Development,Research Scientist,1,3,Travel Rarely,18,Far (16-30 km),438,75,23910,2632,<$3K,Lower Income,14,0,3,Good,1,3,3,2,2.25,No,Low Risk,5,Junior(3-5),5,4-7 Years,4,0,4,1,4
195,Active Employee,0,No,32,26-35,Male,Divorced,2,Medical,Sales,Sales Executive,2,1,Travel Frequently,9,Moderate (6-15 km),689,35,22812,4668,$3K-<6K,Lower Middle Income,17,3,3,Good,4,4,4,4,4,No,Low Risk,9,Mid-Level(6-10),8,8-10 Years,7,0,7,0,2
197,Active Employee,0,No,30,26-35,Female,Divorced,3,Technical Degree,Research & Development,Research Scientist,1,3,Travel Rarely,5,Near (0-5 km),201,84,10415,3204,$3K-<6K,Lower Middle Income,14,1,3,Good,4,1,4,3,3,No,Low Risk,8,Mid-Level(6-10),3,1-3 Years,2,2,2,5,3
198,Active Employee,0,No,30,26-35,Male,Single,1,Medical,Research & Development,Laboratory Technician,1,2,Travel Rarely,2,Near (0-5 km),1427,35,11162,2720,<$3K,Lower Income,13,0,3,Good,2,4,4,3,3.25,No,Low Risk,6,Mid-Level(6-10),5,4-7 Years,3,1,2,0,3
199,Active Employee,0,No,41,35-45,Male,Divorced,3,Life Sciences,Research & Development,Manager,4,2,Travel Frequently,10,Moderate (6-15 km),857,91,12888,17181,$15K+,Higher Income,13,1,3,Good,4,1,2,2,2.25,No,Low Risk,21,Expert(20+),7,4-7 Years,6,7,7,4,2
200,Active Employee,0,No,41,35-45,Male,Married,4,Life Sciences,Research & Development,Laboratory Technician,1,3,Travel Rarely,9,Moderate (6-15 km),933,94,6961,2238,<$3K,Lower Income,21,1,4,Excellent,3,1,4,3,2.75,No,Low Risk,7,Mid-Level(6-10),5,4-7 Years,0,1,4,2,2
201,Active Employee,0,No,19,18-25,Female,Single,1,Medical,Research & Development,Laboratory Technician,1,3,Travel Rarely,3,Near (0-5 km),1181,79,16102,1483,<$3K,Lower Income,14,0,3,Good,2,2,4,3,2.75,No,Low Risk,1,Fresher(0-2),1,1-3 Years,0,0,0,1,3
202,Active Employee,0,No,40,35-45,Female,Divorced,3,Medical,Research & Development,Research Scientist,2,3,Travel Frequently,26,Far (16-30 km),1395,54,8504,5605,$3K-<6K,Lower Middle Income,11,1,3,Good,2,2,1,3,2,No,Low Risk,20,Senior(11-20),20,15+ Years,7,2,13,1,2
204,Active Employee,0,No,35,35-45,Male,Married,5,Marketing,Sales,Sales Executive,3,3,Travel Rarely,1,Near (0-5 km),662,94,11439,7295,$6K-<10K,Middle Income,13,2,3,Good,3,2,1,3,2.25,No,Low Risk,10,Mid-Level(6-10),10,8-10 Years,8,0,6,1,3
205,Active Employee,0,No,53,46-55,Male,Married,2,Marketing,Sales,Sales Representative,2,3,Travel Rarely,6,Moderate (6-15 km),1436,34,16047,2306,<$3K,Lower Income,20,1,4,Excellent,2,3,4,1,2.5,Yes,Moderate Risk,13,Senior(11-20),7,4-7 Years,7,4,5,2,3
206,Active Employee,0,No,45,35-45,Male,Divorced,3,Life Sciences,Research & Development,Laboratory Technician,2,3,Travel Rarely,9,Moderate (6-15 km),194,60,10901,2348,<$3K,Lower Income,18,1,3,Good,2,2,3,1,2,No,Low Risk,20,Senior(11-20),17,15+ Years,9,0,15,8,2
207,Active Employee,0,No,32,26-35,Female,Single,3,Marketing,Sales,Sales Executive,3,3,Travel Frequently,8,Moderate (6-15 km),967,43,15589,8998,$6K-<10K,Middle Income,14,0,3,Good,2,4,4,3,3.25,No,Low Risk,9,Mid-Level(6-10),9,8-10 Years,8,3,7,1,2
208,Active Employee,0,No,29,26-35,Male,Married,1,Technical Degree,Research & Development,Manufacturing Director,2,3,Non-Travel,1,Near (0-5 km),1496,41,26283,4319,$3K-<6K,Lower Middle Income,13,1,3,Good,4,3,1,3,2.75,No,Low Risk,10,Mid-Level(6-10),10,8-10 Years,7,0,9,1,1
211,Active Employee,0,No,51,46-55,Male,Married,4,Medical,Research & Development,Manufacturing Director,2,2,Travel Rarely,7,Moderate (6-15 km),1169,34,13983,6132,$6K-<10K,Middle Income,17,0,3,Good,2,3,3,3,2.75,No,Low Risk,10,Mid-Level(6-10),1,1-3 Years,0,0,0,2,2
214,Active Employee,0,No,58,56+,Female,Married,3,Medical,Research & Development,Research Scientist,1,2,Travel Rarely,9,Moderate (6-15 km),1145,75,11873,3346,$3K-<6K,Lower Middle Income,20,1,4,Excellent,2,2,2,2,2,Yes,High Risk,9,Mid-Level(6-10),1,1-3 Years,0,0,0,4,3
215,Active Employee,0,No,40,35-45,Male,Married,4,Marketing,Sales,Sales Executive,3,2,Travel Rarely,4,Near (0-5 km),630,67,8552,10855,$10K-<15K,Upper Middle Income,11,1,3,Good,3,4,1,2,2.5,No,Low Risk,15,Senior(11-20),12,10-15 Years,11,2,11,7,2
216,Active Employee,0,No,34,26-35,Female,Married,4,Marketing,Sales,Sales Representative,1,3,Travel Frequently,2,Near (0-5 km),303,75,11314,2231,<$3K,Lower Income,18,1,3,Good,3,3,4,3,3.25,No,Low Risk,6,Mid-Level(6-10),4,4-7 Years,3,1,2,6,3
217,Active Employee,0,No,22,18-25,Male,Married,1,Medical,Research & Development,Research Scientist,1,3,Travel Rarely,19,Far (16-30 km),1256,80,11992,2323,<$3K,Lower Income,24,2,4,Excellent,3,4,1,3,2.75,No,Low Risk,2,Fresher(0-2),2,1-3 Years,2,2,2,1,6
218,Active Employee,0,No,27,26-35,Male,Divorced,3,Medical,Research & Development,Research Scientist,1,3,Non-Travel,9,Moderate (6-15 km),691,57,5970,2024,<$3K,Lower Income,18,1,3,Good,4,2,4,1,2.75,No,Low Risk,6,Mid-Level(6-10),2,1-3 Years,2,2,2,6,1
221,Active Employee,0,No,28,26-35,Male,Married,3,Medical,Research & Development,Research Scientist,1,3,Travel Rarely,21,Far (16-30 km),440,42,6672,2713,<$3K,Lower Income,11,1,3,Good,3,4,3,1,2.75,No,Low Risk,5,Junior(3-5),5,4-7 Years,2,0,2,1,2
223,Active Employee,0,No,57,56+,Male,Divorced,2,Life Sciences,Research & Development,Healthcare Representative,3,4,Travel Rarely,24,Far (16-30 km),334,83,23402,9439,$6K-<10K,Middle Income,16,1,3,Good,3,4,2,1,2.5,Yes,High Risk,12,Senior(11-20),5,4-7 Years,3,1,4,3,2
224,Active Employee,0,No,27,26-35,Male,Divorced,3,Medical,Research & Development,Research Scientist,1,2,Non-Travel,3,Near (0-5 km),1450,79,25326,2566,<$3K,Lower Income,15,1,3,Good,3,3,4,2,3,Yes,Moderate Risk,1,Fresher(0-2),1,1-3 Years,1,0,1,1,2
226,Active Employee,0,No,50,46-55,Female,Single,3,Life Sciences,Research & Development,Manager,5,3,Travel Rarely,11,Moderate (6-15 km),1452,53,17053,19926,$15K+,Higher Income,15,0,3,Good,3,2,2,3,2.5,No,Low Risk,21,Expert(20+),5,4-7 Years,4,4,4,3,5
227,Active Employee,0,No,41,35-45,Male,Divorced,3,Life Sciences,Research & Development,Research Scientist,1,3,Travel Rarely,14,Moderate (6-15 km),465,56,4609,2451,<$3K,Lower Income,12,1,3,Good,1,3,1,3,2,No,Low Risk,13,Senior(11-20),9,8-10 Years,8,1,8,4,2
228,Active Employee,0,No,30,26-35,Female,Married,3,Life Sciences,Sales,Sales Executive,3,3,Travel Rarely,5,Near (0-5 km),1339,41,8053,9419,$6K-<10K,Middle Income,12,1,3,Good,2,4,3,3,3,No,Low Risk,12,Senior(11-20),10,8-10 Years,9,7,4,2,2
230,Active Employee,0,No,38,35-45,Female,Single,4,Life Sciences,Sales,Sales Executive,2,2,Travel Rarely,1,Near (0-5 km),702,59,12930,8686,$6K-<10K,Middle Income,22,0,4,Excellent,1,4,3,4,3,No,Low Risk,12,Senior(11-20),8,8-10 Years,3,0,7,4,2
231,Active Employee,0,No,32,26-35,Male,Single,5,Life Sciences,Research & Development,Research Scientist,1,3,Travel Rarely,6,Moderate (6-15 km),120,43,12430,3038,$3K-<6K,Lower Middle Income,20,0,4,Excellent,3,3,1,3,2.5,No,Low Risk,8,Mid-Level(6-10),5,4-7 Years,4,1,4,3,2
233,Active Employee,0,No,27,26-35,Male,Married,3,Technical Degree,Research & Development,Research Scientist,1,3,Travel Rarely,17,Far (16-30 km),1157,51,13364,3058,$3K-<6K,Lower Middle Income,16,1,3,Good,3,2,4,2,2.75,Yes,High Risk,6,Mid-Level(6-10),5,4-7 Years,2,1,1,0,3
235,Ex-Employee,1,Yes,19,18-25,Female,Single,1,Technical Degree,Sales,Sales Representative,1,1,Travel Frequently,1,Near (0-5 km),602,100,20989,2325,<$3K,Lower Income,21,0,4,Excellent,3,1,1,4,2.25,No,Low Risk,1,Fresher(0-2),0,New Joiner,0,0,0,0,5
238,Active Employee,0,No,36,35-45,Male,Single,2,Medical,Research & Development,Laboratory Technician,1,3,Travel Frequently,3,Near (0-5 km),1480,30,15062,2088,<$3K,Lower Income,12,0,3,Good,4,2,3,2,2.75,No,Low Risk,13,Senior(11-20),8,8-10 Years,7,7,2,4,3
239,Active Employee,0,No,30,26-35,Male,Divorced,3,Medical,Research & Development,Laboratory Technician,2,3,Non-Travel,9,Moderate (6-15 km),111,66,11012,3072,$3K-<6K,Lower Middle Income,11,2,3,Good,3,1,3,3,2.5,No,Low Risk,12,Senior(11-20),12,10-15 Years,9,6,10,1,4
240,Active Employee,0,No,45,35-45,Female,Divorced,2,Life Sciences,Sales,Sales Executive,2,3,Travel Rarely,4,Near (0-5 km),1268,30,6319,5006,$3K-<6K,Lower Middle Income,11,1,3,Good,3,1,1,4,2.25,Yes,Moderate Risk,9,Mid-Level(6-10),5,4-7 Years,4,0,3,4,3
241,Active Employee,0,No,56,56+,Female,Divorced,3,Life Sciences,Research & Development,Research Scientist,1,3,Travel Rarely,8,Moderate (6-15 km),713,67,13939,4257,$3K-<6K,Lower Middle Income,18,1,3,Good,3,1,3,3,2.5,Yes,Moderate Risk,19,Senior(11-20),2,1-3 Years,2,2,2,4,3
242,Active Employee,0,No,33,26-35,Male,Single,3,Life Sciences,Research & Development,Research Scientist,1,3,Travel Rarely,2,Near (0-5 km),134,90,10515,2500,<$3K,Lower Income,14,0,3,Good,3,4,1,4,3,No,Low Risk,4,Junior(3-5),3,1-3 Years,1,0,2,0,2
243,Ex-Employee,1,Yes,19,18-25,Male,Single,3,Life Sciences,Research & Development,Laboratory Technician,1,2,Travel Rarely,2,Near (0-5 km),303,47,9241,1102,<$3K,Lower Income,22,0,4,Excellent,2,4,3,2,2.75,No,Low Risk,1,Fresher(0-2),1,1-3 Years,0,1,0,1,3
244,Active Employee,0,No,46,46-55,Female,Divorced,2,Marketing,Sales,Sales Executive,3,3,Travel Rarely,1,Near (0-5 km),526,92,2137,10453,$10K-<15K,Upper Middle Income,25,3,4,Excellent,2,1,3,3,2.25,No,Low Risk,24,Expert(20+),24,15+ Years,13,15,7,1,2
245,Active Employee,0,No,38,35-45,Female,Single,2,Life Sciences,Research & Development,Laboratory Technician,1,3,Travel Rarely,9,Moderate (6-15 km),1380,75,6319,2288,<$3K,Lower Income,12,0,3,Good,3,4,3,3,3.25,No,Low Risk,2,Fresher(0-2),2,1-3 Years,2,2,1,1,3
246,Active Employee,0,No,31,26-35,Female,Married,1,Medical,Research & Development,Research Scientist,1,3,Travel Rarely,12,Moderate (6-15 km),140,95,6984,3929,$3K-<6K,Lower Middle Income,23,1,4,Excellent,3,4,3,3,3.25,Yes,Moderate Risk,7,Mid-Level(6-10),4,4-7 Years,2,0,2,8,0
247,Active Employee,0,No,34,26-35,Female,Single,2,Medical,Research & Development,Research Scientist,1,3,Travel Rarely,27,Far (16-30 km),629,95,5711,2311,<$3K,Lower Income,15,0,3,Good,4,2,4,3,3.25,No,Low Risk,9,Mid-Level(6-10),3,1-3 Years,2,1,2,2,3
248,Ex-Employee,1,Yes,41,35-45,Female,Single,2,Marketing,Sales,Sales Representative,1,3,Travel Rarely,20,Far (16-30 km),1356,70,21728,3140,$3K-<6K,Lower Middle Income,22,0,4,Excellent,2,2,4,2,2.5,Yes,High Risk,4,Junior(3-5),4,4-7 Years,3,0,2,1,5
249,Active Employee,0,No,50,46-55,Male,Married,3,Medical,Research & Development,Laboratory Technician,1,2,Travel Rarely,1,Near (0-5 km),328,86,3425,3690,$3K-<6K,Lower Middle Income,15,1,3,Good,3,3,4,2,3,No,Low Risk,5,Junior(3-5),3,1-3 Years,2,0,2,2,2
250,Active Employee,0,No,53,46-55,Female,Divorced,2,Medical,Research & Development,Manufacturing Director,2,4,Travel Rarely,13,Moderate (6-15 km),1084,57,26250,4450,$3K-<6K,Lower Middle Income,11,2,3,Good,4,1,3,3,2.75,No,Low Risk,5,Junior(3-5),4,4-7 Years,2,1,3,1,3
252,Active Employee,0,No,33,26-35,Female,Married,3,Medical,Research & Development,Research Scientist,1,3,Travel Rarely,14,Moderate (6-15 km),931,72,4673,2756,<$3K,Lower Income,13,1,3,Good,4,2,4,3,3.25,No,Low Risk,8,Mid-Level(6-10),8,8-10 Years,7,1,6,1,5
253,Active Employee,0,No,40,35-45,Female,Married,1,Medical,Research & Development,Manager,5,3,Travel Rarely,4,Near (0-5 km),989,46,6499,19033,$15K+,Higher Income,14,1,3,Good,4,3,2,3,3,No,Low Risk,21,Expert(20+),20,15+ Years,8,9,9,1,2
254,Active Employee,0,No,55,46-55,Male,Single,4,Medical,Research & Development,Research Director,5,4,Travel Rarely,14,Moderate (6-15 km),692,61,13339,18722,$15K+,Higher Income,11,0,3,Good,3,2,4,3,3,No,Low Risk,36,Expert(20+),24,15+ Years,15,2,15,8,3
256,Active Employee,0,No,34,26-35,Male,Married,1,Life Sciences,Research & Development,Manufacturing Director,2,2,Travel Frequently,2,Near (0-5 km),1069,45,14074,9547,$6K-<10K,Middle Income,17,0,3,Good,4,3,3,2,3,No,Low Risk,10,Mid-Level(6-10),10,8-10 Years,9,1,9,1,2
258,Active Employee,0,No,51,46-55,Female,Single,3,Medical,Research & Development,Healthcare Representative,4,3,Travel Rarely,3,Near (0-5 km),313,98,7192,13734,$10K-<15K,Upper Middle Income,18,0,3,Good,4,2,3,3,3,No,Low Risk,21,Expert(20+),7,4-7 Years,7,1,0,3,6
259,Active Employee,0,No,52,46-55,Male,Married,4,Life Sciences,Research & Development,Manager,5,2,Travel Rarely,1,Near (0-5 km),699,65,5678,19999,$15K+,Higher Income,14,1,3,Good,3,3,1,3,2.5,No,Low Risk,34,Expert(20+),33,15+ Years,18,11,9,0,5
260,Active Employee,0,No,27,26-35,Female,Single,3,Medical,Research & Development,Research Scientist,1,3,Travel Rarely,9,Moderate (6-15 km),894,99,11781,2279,<$3K,Lower Income,16,0,3,Good,4,2,4,2,3,No,Low Risk,7,Mid-Level(6-10),7,4-7 Years,7,0,3,1,2
261,Ex-Employee,1,Yes,35,35-45,Male,Married,2,Life Sciences,Research & Development,Manufacturing Director,2,2,Travel Rarely,23,Far (16-30 km),556,50,15497,5916,$3K-<6K,Lower Middle Income,13,0,3,Good,2,3,1,3,2.25,Yes,High Risk,8,Mid-Level(6-10),1,1-3 Years,0,0,1,3,1
262,Active Employee,0,No,43,35-45,Male,Divorced,3,Medical,Research & Development,Research Scientist,1,4,Non-Travel,7,Moderate (6-15 km),1344,37,5228,2089,<$3K,Lower Income,14,3,3,Good,4,4,4,4,4,No,Low Risk,7,Mid-Level(6-10),5,4-7 Years,4,2,2,4,3
264,Active Employee,0,No,45,35-45,Male,Married,2,Medical,Research & Development,Manager,4,2,Non-Travel,2,Near (0-5 km),1195,65,20462,16792,$15K+,Higher Income,23,1,4,Excellent,1,4,4,3,3,No,Low Risk,22,Expert(20+),20,15+ Years,8,11,8,9,1
267,Active Employee,0,No,37,35-45,Male,Married,3,Life Sciences,Research & Development,Research Scientist,1,4,Travel Rarely,21,Far (16-30 km),290,65,22977,3564,$3K-<6K,Lower Middle Income,12,1,3,Good,2,1,1,2,1.5,Yes,High Risk,8,Mid-Level(6-10),8,8-10 Years,7,1,7,1,3
269,Active Employee,0,No,35,35-45,Female,Single,3,Medical,Research & Development,Laboratory Technician,2,3,Travel Frequently,2,Near (0-5 km),138,37,15986,4425,$3K-<6K,Lower Middle Income,11,0,3,Good,2,2,4,3,2.75,No,Low Risk,10,Mid-Level(6-10),6,4-7 Years,2,1,2,5,5
270,Active Employee,0,No,42,35-45,Female,Divorced,2,Medical,Research & Development,Manufacturing Director,2,3,Non-Travel,21,Far (16-30 km),926,36,16439,5265,$3K-<6K,Lower Middle Income,16,1,3,Good,3,3,2,3,2.75,No,Low Risk,11,Senior(11-20),5,4-7 Years,3,0,2,2,5
271,Active Employee,0,No,38,35-45,Male,Married,4,Life Sciences,Research & Development,Manufacturing Director,2,3,Travel Rarely,2,Near (0-5 km),1261,88,7259,6553,$6K-<10K,Middle Income,14,0,3,Good,4,3,2,3,3,No,Low Risk,14,Senior(11-20),1,1-3 Years,0,0,0,9,3
273,Active Employee,0,No,38,35-45,Male,Married,3,Technical Degree,Research & Development,Manufacturing Director,2,3,Travel Rarely,29,Far (16-30 km),1084,54,4185,6261,$6K-<10K,Middle Income,18,1,3,Good,4,4,1,1,2.5,No,Low Risk,9,Mid-Level(6-10),7,4-7 Years,7,1,7,3,3
274,Active Employee,0,No,27,26-35,Male,Married,1,Technical Degree,Research & Development,Manufacturing Director,2,2,Travel Frequently,1,Near (0-5 km),472,60,9679,4298,$3K-<6K,Lower Middle Income,19,1,3,Good,3,1,3,3,2.5,No,Low Risk,6,Mid-Level(6-10),2,1-3 Years,2,2,0,5,1
275,Active Employee,0,No,49,46-55,Male,Divorced,4,Life Sciences,Research & Development,Manufacturing Director,2,3,Non-Travel,18,Far (16-30 km),1002,92,23793,6804,$6K-<10K,Middle Income,15,2,3,Good,4,4,1,3,3,Yes,High Risk,7,Mid-Level(6-10),7,4-7 Years,7,1,7,1,0
277,Active Employee,0,No,34,26-35,Male,Divorced,4,Medical,Research & Development,Research Scientist,1,3,Travel Frequently,10,Moderate (6-15 km),878,43,5972,3815,$3K-<6K,Lower Middle Income,17,1,3,Good,4,3,4,4,3.75,Yes,Moderate Risk,5,Junior(3-5),5,4-7 Years,3,2,0,1,4
281,Active Employee,0,No,40,35-45,Male,Married,2,Medical,Research & Development,Laboratory Technician,2,3,Travel Rarely,19,Far (16-30 km),905,99,16523,2741,<$3K,Lower Income,15,1,3,Good,3,4,3,4,3.5,Yes,High Risk,15,Senior(11-20),7,4-7 Years,2,3,7,8,2
282,Ex-Employee,1,Yes,38,35-45,Male,Married,1,Medical,Research & Development,Healthcare Representative,2,3,Travel Rarely,29,Far (16-30 km),1180,70,11354,6673,$6K-<10K,Middle Income,19,0,3,Good,2,1,2,3,2,Yes,High Risk,17,Senior(11-20),1,1-3 Years,0,0,0,7,2
283,Ex-Employee,1,Yes,29,26-35,Female,Married,3,Marketing,Sales,Sales Executive,3,3,Travel Rarely,27,Far (16-30 km),121,35,24525,7639,$6K-<10K,Middle Income,22,3,4,Excellent,2,4,4,2,3,No,Low Risk,10,Mid-Level(6-10),10,8-10 Years,4,1,9,1,3
284,Active Employee,0,No,22,18-25,Male,Divorced,3,Life Sciences,Research & Development,Research Scientist,1,4,Travel Rarely,5,Near (0-5 km),1136,60,12392,2328,<$3K,Lower Income,16,1,3,Good,4,2,1,2,2.25,Yes,Moderate Risk,4,Junior(3-5),4,4-7 Years,2,2,2,1,2
286,Active Employee,0,No,36,35-45,Female,Single,1,Medical,Research & Development,Laboratory Technician,1,3,Travel Frequently,18,Far (16-30 km),635,73,7703,2153,<$3K,Lower Income,13,0,3,Good,2,4,1,3,2.5,No,Low Risk,8,Mid-Level(6-10),8,8-10 Years,1,1,7,1,2
287,Active Employee,0,No,40,35-45,Male,Married,5,Life Sciences,Research & Development,Healthcare Representative,2,2,Non-Travel,9,Moderate (6-15 km),1151,63,14242,4876,$3K-<6K,Lower Middle Income,14,1,3,Good,4,4,4,1,3.25,No,Low Risk,5,Junior(3-5),3,1-3 Years,2,0,2,9,5
288,Active Employee,0,No,46,46-55,Male,Divorced,4,Medical,Research & Development,Healthcare Representative,3,3,Travel Rarely,1,Near (0-5 km),644,97,12368,9396,$6K-<10K,Middle Income,16,1,3,Good,4,1,3,3,2.75,No,Low Risk,17,Senior(11-20),4,4-7 Years,2,0,3,7,3
291,Ex-Employee,1,Yes,32,26-35,Male,Married,4,Medical,Sales,Sales Executive,3,1,Travel Rarely,4,Near (0-5 km),1045,32,25812,10400,$10K-<15K,Upper Middle Income,11,0,3,Good,4,4,3,2,3.25,No,Low Risk,14,Senior(11-20),14,10-15 Years,8,9,8,1,2
292,Active Employee,0,No,30,26-35,Male,Single,1,Life Sciences,Research & Development,Manufacturing Director,3,2,Non-Travel,1,Near (0-5 km),829,88,20925,8474,$6K-<10K,Middle Income,22,0,4,Excellent,3,3,3,3,3,No,Low Risk,12,Senior(11-20),11,10-15 Years,8,5,8,1,2
293,Active Employee,0,No,27,26-35,Female,Single,3,Life Sciences,Sales,Sales Executive,2,3,Travel Frequently,20,Far (16-30 km),1242,90,12916,9981,$6K-<10K,Middle Income,14,0,3,Good,4,3,4,3,3.5,No,Low Risk,7,Mid-Level(6-10),7,4-7 Years,7,0,7,1,2
296,Active Employee,0,No,51,46-55,Male,Married,4,Life Sciences,Research & Development,Research Director,3,2,Travel Rarely,8,Moderate (6-15 km),1469,81,15736,12490,$10K-<15K,Upper Middle Income,16,2,3,Good,2,2,4,1,2.25,No,Low Risk,16,Senior(11-20),10,8-10 Years,9,4,7,5,5
297,Ex-Employee,1,Yes,30,26-35,Female,Single,3,Technical Degree,Research & Development,Research Scientist,1,3,Travel Rarely,3,Near (0-5 km),1005,88,8556,2657,<$3K,Lower Income,11,0,3,Good,4,1,3,3,2.75,Yes,Moderate Risk,8,Mid-Level(6-10),5,4-7 Years,2,0,4,5,5
298,Active Employee,0,No,41,35-45,Female,Single,3,Life Sciences,Sales,Manager,3,3,Travel Rarely,6,Moderate (6-15 km),896,75,14674,13591,$10K-<15K,Upper Middle Income,18,0,3,Good,4,4,3,3,3.5,Yes,Moderate Risk,16,Senior(11-20),1,1-3 Years,0,0,0,3,3
299,Ex-Employee,1,Yes,30,26-35,Female,Single,4,Marketing,Sales,Sales Executive,2,2,Travel Frequently,26,Far (16-30 km),334,52,22967,6696,$6K-<10K,Middle Income,15,0,3,Good,3,1,3,2,2.25,No,Low Risk,9,Mid-Level(6-10),6,4-7 Years,3,0,1,5,5
300,Ex-Employee,1,Yes,29,26-35,Male,Single,3,Technical Degree,Research & Development,Research Scientist,1,3,Travel Rarely,1,Near (0-5 km),992,85,19757,2058,<$3K,Lower Income,14,0,3,Good,3,3,4,2,3,No,Low Risk,7,Mid-Level(6-10),6,4-7 Years,2,1,5,0,1
302,Active Employee,0,No,45,35-45,Female,Single,3,Medical,Sales,Sales Executive,3,2,Non-Travel,6,Moderate (6-15 km),1052,57,16840,8865,$6K-<10K,Middle Income,12,0,3,Good,4,4,4,3,3.75,No,Low Risk,23,Expert(20+),19,15+ Years,7,12,8,6,2
303,Active Employee,0,No,54,46-55,Female,Married,3,Marketing,Sales,Sales Executive,2,3,Travel Rarely,3,Near (0-5 km),1147,52,17011,5940,$3K-<6K,Lower Middle Income,14,1,3,Good,4,1,4,3,3,No,Low Risk,16,Senior(11-20),6,4-7 Years,2,0,5,2,4
304,Active Employee,0,No,36,35-45,Male,Single,2,Life Sciences,Research & Development,Laboratory Technician,2,3,Travel Rarely,5,Near (0-5 km),1396,62,9945,5914,$3K-<6K,Lower Middle Income,16,0,3,Good,4,2,4,4,3.5,No,Low Risk,16,Senior(11-20),13,10-15 Years,11,3,7,8,3
305,Active Employee,0,No,33,26-35,Female,Married,4,Medical,Research & Development,Research Scientist,1,2,Travel Rarely,4,Near (0-5 km),147,47,13248,2622,<$3K,Lower Income,21,0,4,Excellent,3,2,4,3,3,No,Low Risk,7,Mid-Level(6-10),3,1-3 Years,2,1,1,6,3
306,Active Employee,0,No,37,35-45,Male,Divorced,3,Other,Research & Development,Research Director,3,3,Travel Frequently,11,Moderate (6-15 km),663,47,10056,12185,$10K-<15K,Upper Middle Income,14,3,3,Good,2,4,3,3,3,Yes,Moderate Risk,10,Mid-Level(6-10),10,8-10 Years,8,0,7,1,1
307,Active Employee,0,No,38,35-45,Male,Divorced,3,Life Sciences,Sales,Sales Executive,3,3,Travel Rarely,3,Near (0-5 km),119,76,9647,10609,$10K-<15K,Upper Middle Income,12,2,3,Good,1,3,3,2,2.25,No,Low Risk,17,Senior(11-20),16,15+ Years,10,5,13,0,6
308,Active Employee,0,No,31,26-35,Male,Married,4,Medical,Research & Development,Manufacturing Director,2,1,Non-Travel,1,Near (0-5 km),979,90,4381,4345,$3K-<6K,Lower Middle Income,12,1,3,Good,3,3,4,3,3.25,No,Low Risk,6,Mid-Level(6-10),5,4-7 Years,4,1,4,0,2
309,Active Employee,0,No,59,56+,Male,Married,3,Life Sciences,Research & Development,Research Scientist,1,2,Travel Rarely,3,Near (0-5 km),142,70,8456,2177,<$3K,Lower Income,17,1,3,Good,3,4,1,3,2.75,No,Low Risk,7,Mid-Level(6-10),1,1-3 Years,0,0,0,3,6
311,Active Employee,0,No,37,35-45,Male,Divorced,4,Marketing,Sales,Sales Representative,1,3,Travel Frequently,4,Near (0-5 km),319,41,2539,2793,<$3K,Lower Income,17,1,3,Good,1,4,3,3,2.75,No,Low Risk,13,Senior(11-20),9,8-10 Years,8,5,8,4,2
312,Active Employee,0,No,29,26-35,Female,Married,1,Medical,Sales,Sales Executive,3,3,Travel Frequently,1,Near (0-5 km),1413,42,6599,7918,$6K-<10K,Middle Income,14,1,3,Good,2,4,4,3,3.25,No,Low Risk,11,Senior(11-20),11,10-15 Years,10,4,1,1,5
314,Active Employee,0,No,35,35-45,Female,Single,3,Marketing,Sales,Sales Executive,3,3,Travel Frequently,1,Near (0-5 km),944,92,9096,8789,$6K-<10K,Middle Income,14,0,3,Good,3,3,1,4,2.75,No,Low Risk,10,Mid-Level(6-10),10,8-10 Years,7,0,8,1,3
315,Ex-Employee,1,Yes,29,26-35,Male,Single,1,Medical,Research & Development,Research Scientist,1,2,Travel Rarely,18,Far (16-30 km),896,86,14961,2389,<$3K,Lower Income,13,0,3,Good,3,4,3,2,3,Yes,High Risk,4,Junior(3-5),4,4-7 Years,3,0,1,1,3
316,Active Employee,0,No,52,46-55,Female,Single,3,Life Sciences,Research & Development,Laboratory Technician,1,2,Travel Rarely,2,Near (0-5 km),1323,89,3300,3212,$3K-<6K,Lower Middle Income,15,0,3,Good,3,4,2,2,2.75,No,Low Risk,6,Mid-Level(6-10),2,1-3 Years,2,2,2,7,3
319,Active Employee,0,No,42,35-45,Male,Married,2,Technical Degree,Research & Development,Manager,5,3,Travel Rarely,4,Near (0-5 km),532,58,4933,19232,$15K+,Higher Income,11,0,3,Good,3,4,4,3,3.5,No,Low Risk,22,Expert(20+),22,15+ Years,17,11,15,1,3
321,Active Employee,0,No,59,56+,Male,Married,2,Medical,Human Resources,Human Resources,1,3,Travel Rarely,6,Moderate (6-15 km),818,52,25657,2267,<$3K,Lower Income,17,0,3,Good,2,3,4,2,2.75,No,Low Risk,7,Mid-Level(6-10),2,1-3 Years,2,2,2,8,2
323,Active Employee,0,No,50,46-55,Female,Divorced,4,Medical,Sales,Manager,5,3,Travel Rarely,1,Near (0-5 km),854,68,24118,19517,$15K+,Higher Income,11,1,3,Good,4,4,3,2,3.25,No,Low Risk,32,Expert(20+),7,4-7 Years,0,0,6,3,3
325,Ex-Employee,1,Yes,33,26-35,Male,Married,3,Medical,Research & Development,Laboratory Technician,1,3,Travel Rarely,14,Moderate (6-15 km),813,58,22149,2436,<$3K,Lower Income,13,1,3,Good,3,4,3,1,2.75,Yes,Moderate Risk,8,Mid-Level(6-10),5,4-7 Years,4,0,4,5,2
327,Active Employee,0,No,43,35-45,Female,Married,3,Marketing,Sales,Manager,4,3,Travel Rarely,16,Far (16-30 km),1034,80,7744,16064,$15K+,Higher Income,22,1,4,Excellent,4,4,3,3,3.5,Yes,High Risk,22,Expert(20+),17,15+ Years,13,1,9,5,3
328,Ex-Employee,1,Yes,33,26-35,Female,Married,2,Life Sciences,Research & Development,Laboratory Technician,1,3,Travel Rarely,2,Near (0-5 km),465,39,21509,2707,<$3K,Lower Income,20,0,4,Excellent,1,1,1,4,1.75,No,Low Risk,13,Senior(11-20),9,8-10 Years,7,1,7,7,3
329,Active Employee,0,No,52,46-55,Male,Single,4,Life Sciences,Sales,Manager,5,2,Non-Travel,2,Near (0-5 km),771,79,21030,19068,$15K+,Higher Income,18,0,3,Good,1,3,4,4,3,Yes,High Risk,33,Expert(20+),33,15+ Years,7,15,12,1,2
330,Active Employee,0,No,32,26-35,Female,Married,2,Life Sciences,Sales,Sales Representative,1,3,Travel Rarely,4,Near (0-5 km),1401,56,20990,3931,$3K-<6K,Lower Middle Income,11,1,3,Good,3,2,1,3,2.25,No,Low Risk,6,Mid-Level(6-10),4,4-7 Years,3,1,2,2,5
331,Ex-Employee,1,Yes,32,26-35,Male,Single,3,Life Sciences,Research & Development,Laboratory Technician,1,2,Travel Rarely,1,Near (0-5 km),515,62,9571,3730,$3K-<6K,Lower Middle Income,14,0,3,Good,4,3,4,1,3,Yes,Moderate Risk,4,Junior(3-5),3,1-3 Years,2,1,2,0,2
332,Active Employee,0,No,39,35-45,Female,Divorced,4,Medical,Research & Development,Laboratory Technician,1,3,Travel Rarely,1,Near (0-5 km),1431,96,15417,2232,<$3K,Lower Income,14,3,3,Good,3,3,3,3,3,No,Low Risk,7,Mid-Level(6-10),3,1-3 Years,2,1,2,7,1
333,Active Employee,0,No,32,26-35,Male,Married,4,Marketing,Sales,Sales Executive,2,3,Non-Travel,26,Far (16-30 km),976,100,12069,4465,$3K-<6K,Lower Middle Income,18,0,3,Good,3,4,1,3,2.75,No,Low Risk,4,Junior(3-5),3,1-3 Years,2,2,2,0,2
334,Active Employee,0,No,41,35-45,Male,Divorced,2,Life Sciences,Research & Development,Research Scientist,2,3,Travel Rarely,19,Far (16-30 km),1411,36,19877,3072,$3K-<6K,Lower Middle Income,16,2,3,Good,3,1,1,2,1.75,No,Low Risk,17,Senior(11-20),1,1-3 Years,0,0,0,2,2
335,Active Employee,0,No,40,35-45,Male,Divorced,2,Technical Degree,Research & Development,Research Scientist,2,3,Travel Rarely,24,Far (16-30 km),1300,62,24447,3319,$3K-<6K,Lower Middle Income,17,2,3,Good,1,4,1,3,2.25,No,Low Risk,9,Mid-Level(6-10),9,8-10 Years,8,4,7,1,3
336,Active Employee,0,No,45,35-45,Male,Married,3,Other,Research & Development,Manager,5,4,Travel Rarely,1,Near (0-5 km),252,70,15970,19202,$15K+,Higher Income,11,1,3,Good,3,4,3,3,3.25,No,Low Risk,25,Expert(20+),24,15+ Years,0,1,7,0,2
337,Active Employee,0,No,31,26-35,Male,Divorced,4,Medical,Research & Development,Research Director,3,3,Travel Frequently,3,Near (0-5 km),1327,73,13523,13675,$10K-<15K,Upper Middle Income,12,1,3,Good,2,3,1,3,2.25,No,Low Risk,9,Mid-Level(6-10),2,1-3 Years,2,2,2,9,3
338,Active Employee,0,No,33,26-35,Female,Married,4,Life Sciences,Research & Development,Research Scientist,1,2,Travel Rarely,5,Near (0-5 km),832,63,14776,2911,<$3K,Lower Income,13,1,3,Good,3,4,3,2,3,No,Low Risk,2,Fresher(0-2),2,1-3 Years,2,0,2,1,2
339,Active Employee,0,No,34,26-35,Male,Married,4,Life Sciences,Research & Development,Manufacturing Director,2,2,Travel Rarely,2,Near (0-5 km),470,84,23687,5957,$3K-<6K,Lower Middle Income,13,1,3,Good,4,1,2,3,2.5,No,Low Risk,13,Senior(11-20),11,10-15 Years,9,5,9,6,3
340,Active Employee,0,No,37,35-45,Female,Married,2,Medical,Research & Development,Research Scientist,1,2,Travel Rarely,1,Near (0-5 km),1017,83,18697,3920,$3K-<6K,Lower Middle Income,14,1,3,Good,3,1,1,2,1.75,No,Low Risk,17,Senior(11-20),3,1-3 Years,1,0,2,2,2
341,Active Employee,0,No,45,35-45,Male,Married,4,Life Sciences,Research & Development,Manufacturing Director,2,4,Travel Frequently,7,Moderate (6-15 km),1199,77,5118,6434,$6K-<10K,Middle Income,17,1,3,Good,1,3,4,3,2.75,No,Low Risk,9,Mid-Level(6-10),3,1-3 Years,2,0,2,4,1
342,Ex-Employee,1,Yes,37,35-45,Male,Divorced,3,Medical,Research & Development,Manufacturing Director,3,3,Travel Frequently,10,Moderate (6-15 km),504,61,22573,10048,$10K-<15K,Upper Middle Income,11,2,3,Good,1,3,2,3,2.25,No,Low Risk,17,Senior(11-20),1,1-3 Years,0,0,0,6,5
343,Active Employee,0,No,39,35-45,Female,Single,4,Technical Degree,Research & Development,Healthcare Representative,3,3,Travel Frequently,2,Near (0-5 km),505,64,6420,10938,$10K-<15K,Upper Middle Income,25,0,4,Excellent,3,3,4,3,3.25,No,Low Risk,20,Senior(11-20),19,15+ Years,6,11,8,0,1
346,Active Employee,0,No,29,26-35,Male,Single,3,Life Sciences,Research & Development,Research Scientist,1,3,Travel Rarely,15,Moderate (6-15 km),665,60,22673,2340,<$3K,Lower Income,19,0,3,Good,3,4,1,3,2.75,No,Low Risk,6,Mid-Level(6-10),6,4-7 Years,5,1,5,1,1
347,Active Employee,0,No,42,35-45,Female,Single,2,Life Sciences,Research & Development,Research Scientist,2,4,Travel Rarely,17,Far (16-30 km),916,82,23016,6545,$6K-<10K,Middle Income,13,0,3,Good,4,1,3,3,2.75,Yes,High Risk,10,Mid-Level(6-10),3,1-3 Years,2,0,2,3,1
349,Active Employee,0,No,29,26-35,Male,Divorced,2,Marketing,Sales,Sales Executive,2,3,Travel Rarely,20,Far (16-30 km),1247,45,10732,6931,$6K-<10K,Middle Income,14,1,3,Good,4,4,4,3,3.75,No,Low Risk,10,Mid-Level(6-10),3,1-3 Years,2,0,2,2,2
350,Active Employee,0,No,25,18-25,Female,Married,3,Life Sciences,Research & Development,Manufacturing Director,2,3,Travel Rarely,1,Near (0-5 km),685,62,7505,4898,$3K-<6K,Lower Middle Income,12,2,3,Good,1,3,4,3,2.75,No,Low Risk,5,Junior(3-5),4,4-7 Years,2,1,2,0,3
351,Active Employee,0,No,42,35-45,Female,Divorced,3,Medical,Research & Development,Laboratory Technician,1,2,Travel Rarely,2,Near (0-5 km),269,56,8007,2593,<$3K,Lower Income,11,1,3,Good,4,1,3,3,2.75,Yes,High Risk,10,Mid-Level(6-10),9,8-10 Years,6,7,8,0,4
352,Active Employee,0,No,40,35-45,Male,Divorced,2,Medical,Research & Development,Research Director,5,3,Travel Rarely,2,Near (0-5 km),1416,49,5949,19436,$15K+,Higher Income,19,1,3,Good,1,3,4,3,2.75,No,Low Risk,22,Expert(20+),21,15+ Years,7,3,9,0,5
353,Active Employee,0,No,51,46-55,Male,Married,3,Life Sciences,Research & Development,Research Scientist,1,3,Travel Rarely,1,Near (0-5 km),833,96,23231,2723,<$3K,Lower Income,11,0,3,Good,3,4,2,2,2.75,No,Low Risk,1,Fresher(0-2),1,1-3 Years,0,0,0,1,0
355,Ex-Employee,1,Yes,31,26-35,Male,Single,2,Medical,Research & Development,Laboratory Technician,1,2,Travel Frequently,29,Far (16-30 km),307,71,11652,3479,$3K-<6K,Lower Middle Income,11,0,3,Good,3,2,2,4,2.75,No,Low Risk,6,Mid-Level(6-10),5,4-7 Years,4,1,4,0,2
359,Active Employee,0,No,32,26-35,Male,Married,3,Life Sciences,Research & Development,Laboratory Technician,1,4,Travel Frequently,7,Moderate (6-15 km),1311,100,26062,2794,<$3K,Lower Income,20,0,4,Excellent,2,2,3,1,2,No,Low Risk,5,Junior(3-5),5,4-7 Years,1,0,3,1,3
361,Active Employee,0,No,38,35-45,Male,Married,2,Life Sciences,Sales,Sales Executive,2,2,Non-Travel,2,Near (0-5 km),1327,39,19682,5249,$3K-<6K,Lower Middle Income,18,1,3,Good,4,4,4,3,3.75,No,Low Risk,13,Senior(11-20),8,8-10 Years,7,7,5,3,0
362,Active Employee,0,No,32,26-35,Male,Single,1,Technical Degree,Research & Development,Laboratory Technician,2,2,Travel Rarely,2,Near (0-5 km),128,84,19737,2176,<$3K,Lower Income,13,0,3,Good,4,1,4,3,3,No,Low Risk,9,Mid-Level(6-10),6,4-7 Years,2,0,4,4,5
363,Active Employee,0,No,46,46-55,Female,Married,3,Technical Degree,Sales,Manager,4,1,Travel Rarely,2,Near (0-5 km),488,75,14977,16872,$15K+,Higher Income,12,1,3,Good,3,2,2,2,2.25,Yes,High Risk,28,Expert(20+),7,4-7 Years,7,7,7,3,2
364,Ex-Employee,1,Yes,28,26-35,Male,Single,4,Life Sciences,Research & Development,Laboratory Technician,1,3,Travel Rarely,2,Near (0-5 km),529,79,14935,3485,$3K-<6K,Lower Middle Income,11,0,3,Good,1,3,3,1,2,No,Low Risk,5,Junior(3-5),0,New Joiner,0,0,0,2,5
366,Active Employee,0,No,29,26-35,Male,Married,3,Medical,Sales,Sales Executive,2,2,Travel Rarely,2,Near (0-5 km),1210,78,3687,6644,$6K-<10K,Middle Income,19,2,3,Good,1,2,2,3,2,No,Low Risk,10,Mid-Level(6-10),0,New Joiner,0,0,0,2,2
367,Active Employee,0,No,31,26-35,Male,Married,3,Medical,Research & Development,Healthcare Representative,2,2,Travel Rarely,23,Far (16-30 km),1463,64,14408,5582,$3K-<6K,Lower Middle Income,21,1,4,Excellent,2,4,2,3,2.75,No,Low Risk,10,Mid-Level(6-10),9,8-10 Years,0,7,8,0,2
369,Active Employee,0,No,25,18-25,Male,Divorced,2,Life Sciences,Research & Development,Healthcare Representative,2,4,Non-Travel,5,Near (0-5 km),675,85,18384,4000,$3K-<6K,Lower Middle Income,12,2,3,Good,2,1,4,3,2.5,No,Low Risk,6,Mid-Level(6-10),6,4-7 Years,3,1,5,1,2
372,Active Employee,0,No,45,35-45,Male,Married,2,Medical,Research & Development,Healthcare Representative,4,3,Travel Rarely,20,Far (16-30 km),1385,79,7501,13496,$10K-<15K,Upper Middle Income,14,0,3,Good,3,4,2,3,3,Yes,High Risk,21,Expert(20+),20,15+ Years,7,4,10,0,2
373,Active Employee,0,No,36,35-45,Male,Married,3,Life Sciences,Research & Development,Laboratory Technician,1,3,Travel Rarely,6,Moderate (6-15 km),1403,47,20251,3210,$3K-<6K,Lower Middle Income,11,1,3,Good,4,4,3,3,3.5,No,Low Risk,16,Senior(11-20),15,10-15 Years,13,10,11,0,4
374,Active Employee,0,No,55,46-55,Male,Single,3,Medical,Research & Development,Manager,5,3,Travel Rarely,1,Near (0-5 km),452,81,18938,19045,$15K+,Higher Income,14,0,3,Good,4,1,3,3,2.75,Yes,Moderate Risk,37,Expert(20+),36,15+ Years,10,4,13,0,2
376,Ex-Employee,1,Yes,47,46-55,Male,Married,4,Life Sciences,Research & Development,Manager,3,3,Non-Travel,29,Far (16-30 km),666,88,10268,11849,$10K-<15K,Upper Middle Income,12,1,3,Good,1,2,4,2,2.25,Yes,High Risk,10,Mid-Level(6-10),10,8-10 Years,7,9,9,1,2
377,Active Employee,0,No,28,26-35,Male,Married,3,Medical,Research & Development,Research Scientist,1,3,Travel Rarely,9,Moderate (6-15 km),1158,94,2613,2070,<$3K,Lower Income,23,1,4,Excellent,4,4,4,2,3.5,No,Low Risk,5,Junior(3-5),5,4-7 Years,2,0,4,1,3
378,Active Employee,0,No,37,35-45,Male,Married,4,Medical,Sales,Sales Executive,2,3,Travel Rarely,6,Moderate (6-15 km),228,98,22825,6502,$6K-<10K,Middle Income,14,1,3,Good,3,4,2,4,3.25,No,Low Risk,7,Mid-Level(6-10),5,4-7 Years,4,0,1,4,5
379,Active Employee,0,No,21,18-25,Male,Single,2,Medical,Research & Development,Research Scientist,1,2,Travel Rarely,3,Near (0-5 km),996,100,10531,3230,$3K-<6K,Lower Middle Income,17,0,3,Good,4,3,1,4,3,No,Low Risk,3,Junior(3-5),3,1-3 Years,2,1,0,1,4
380,Active Employee,0,No,37,35-45,Female,Divorced,4,Medical,Research & Development,Research Director,3,3,Non-Travel,1,Near (0-5 km),728,80,11677,13603,$10K-<15K,Upper Middle Income,18,2,3,Good,1,4,1,3,2.25,Yes,Moderate Risk,15,Senior(11-20),5,4-7 Years,2,0,2,2,2
381,Active Employee,0,No,35,35-45,Female,Divorced,3,Life Sciences,Research & Development,Manager,3,4,Travel Rarely,22,Far (16-30 km),1315,71,19100,11996,$10K-<15K,Upper Middle Income,18,1,3,Good,2,2,2,2,2,No,Low Risk,10,Mid-Level(6-10),7,4-7 Years,7,6,2,7,6
382,Active Employee,0,No,38,35-45,Female,Divorced,2,Medical,Sales,Sales Executive,2,4,Travel Rarely,7,Moderate (6-15 km),322,44,19191,5605,$3K-<6K,Lower Middle Income,24,1,4,Excellent,1,1,3,3,2,Yes,High Risk,8,Mid-Level(6-10),8,8-10 Years,0,7,7,1,3
384,Active Employee,0,No,26,26-35,Female,Divorced,3,Life Sciences,Research & Development,Manufacturing Director,2,3,Travel Frequently,1,Near (0-5 km),1479,84,26767,6397,$6K-<10K,Middle Income,20,1,4,Excellent,3,2,1,1,1.75,No,Low Risk,6,Mid-Level(6-10),6,4-7 Years,5,1,4,1,6
385,Active Employee,0,No,50,46-55,Male,Divorced,1,Life Sciences,Research & Development,Research Director,5,3,Travel Rarely,4,Near (0-5 km),797,96,15815,19144,$15K+,Higher Income,14,2,3,Good,1,2,1,2,1.5,No,Low Risk,28,Expert(20+),10,8-10 Years,4,1,6,3,4
386,Active Employee,0,No,53,46-55,Male,Married,4,Medical,Research & Development,Research Director,4,3,Travel Rarely,3,Near (0-5 km),1070,45,21016,17584,$15K+,Higher Income,16,3,3,Good,3,3,4,2,3,Yes,Moderate Risk,21,Expert(20+),5,4-7 Years,3,1,3,3,5
387,Active Employee,0,No,42,35-45,Male,Married,1,Life Sciences,Sales,Sales Executive,2,3,Travel Rarely,1,Near (0-5 km),635,99,24532,4907,$3K-<6K,Lower Middle Income,25,0,4,Excellent,2,3,3,3,2.75,No,Low Risk,20,Senior(11-20),20,15+ Years,16,11,6,1,3
388,Active Employee,0,No,29,26-35,Male,Single,2,Life Sciences,Sales,Sales Executive,2,3,Travel Frequently,2,Near (0-5 km),442,44,20260,4554,$3K-<6K,Lower Middle Income,18,0,3,Good,2,4,1,2,2.25,No,Low Risk,10,Mid-Level(6-10),10,8-10 Years,7,0,9,1,3
389,Active Employee,0,No,55,46-55,Male,Married,2,Technical Degree,Research & Development,Laboratory Technician,2,3,Travel Rarely,20,Far (16-30 km),147,37,15972,5415,$3K-<6K,Lower Middle Income,19,1,3,Good,2,4,4,3,3.25,Yes,High Risk,12,Senior(11-20),10,8-10 Years,7,0,8,3,4
390,Active Employee,0,No,26,26-35,Male,Married,2,Medical,Research & Development,Healthcare Representative,2,3,Travel Frequently,11,Moderate (6-15 km),496,60,22722,4741,$3K-<6K,Lower Middle Income,13,1,3,Good,1,1,3,3,2,Yes,High Risk,5,Junior(3-5),5,4-7 Years,3,3,3,1,3
391,Active Employee,0,No,37,35-45,Female,Single,3,Life Sciences,Research & Development,Research Scientist,1,3,Travel Rarely,1,Near (0-5 km),1372,42,15881,2115,<$3K,Lower Income,12,0,3,Good,4,4,2,3,3.25,No,Low Risk,17,Senior(11-20),17,15+ Years,12,5,7,1,3
392,Ex-Employee,1,Yes,44,35-45,Male,Divorced,3,Life Sciences,Research & Development,Laboratory Technician,1,3,Travel Frequently,24,Far (16-30 km),920,43,19920,3161,$3K-<6K,Lower Middle Income,22,1,4,Excellent,4,3,4,1,3,Yes,High Risk,19,Senior(11-20),1,1-3 Years,0,0,0,3,0
393,Active Employee,0,No,38,35-45,Male,Divorced,4,Life Sciences,Research & Development,Healthcare Representative,2,3,Travel Rarely,23,Far (16-30 km),688,82,18899,5745,$3K-<6K,Lower Middle Income,14,1,3,Good,4,4,2,3,3.25,No,Low Risk,10,Mid-Level(6-10),2,1-3 Years,2,1,2,9,2
394,Ex-Employee,1,Yes,26,26-35,Male,Divorced,4,Medical,Research & Development,Laboratory Technician,1,3,Travel Rarely,16,Far (16-30 km),1449,45,14180,2373,<$3K,Lower Income,13,1,3,Good,1,2,4,3,2.5,Yes,High Risk,5,Junior(3-5),3,1-3 Years,2,0,2,2,2
395,Active Employee,0,No,28,26-35,Female,Single,2,Life Sciences,Research & Development,Research Scientist,1,3,Travel Rarely,8,Moderate (6-15 km),1117,66,4488,3310,$3K-<6K,Lower Middle Income,21,0,4,Excellent,4,4,4,3,3.75,No,Low Risk,5,Junior(3-5),5,4-7 Years,3,0,2,1,3
396,Active Employee,0,No,49,46-55,Female,Single,4,Life Sciences,Research & Development,Research Director,5,3,Travel Frequently,10,Moderate (6-15 km),636,35,25594,18665,$15K+,Higher Income,11,0,3,Good,3,1,4,3,2.75,Yes,Moderate Risk,22,Expert(20+),3,1-3 Years,2,1,2,9,4
397,Active Employee,0,No,36,35-45,Male,Single,3,Technical Degree,Research & Development,Research Scientist,2,3,Travel Rarely,3,Near (0-5 km),506,30,26285,4485,$3K-<6K,Lower Middle Income,12,0,3,Good,3,2,4,3,3,No,Low Risk,10,Mid-Level(6-10),8,8-10 Years,0,7,7,4,2
399,Active Employee,0,No,31,26-35,Female,Divorced,3,Marketing,Sales,Sales Representative,1,3,Travel Frequently,5,Near (0-5 km),444,84,3909,2789,<$3K,Lower Income,11,1,3,Good,4,2,3,2,2.75,No,Low Risk,2,Fresher(0-2),2,1-3 Years,2,2,2,1,5
401,Ex-Employee,1,Yes,26,26-35,Male,Single,4,Marketing,Sales,Sales Executive,2,2,Travel Rarely,4,Near (0-5 km),950,48,8450,5828,$3K-<6K,Lower Middle Income,12,0,3,Good,4,4,2,3,3.25,Yes,High Risk,8,Mid-Level(6-10),8,8-10 Years,7,7,4,1,0
403,Active Employee,0,No,37,35-45,Male,Married,3,Medical,Research & Development,Research Scientist,1,3,Travel Frequently,9,Moderate (6-15 km),889,53,11411,2326,<$3K,Lower Income,12,3,3,Good,2,4,3,2,2.75,Yes,Moderate Risk,4,Junior(3-5),4,4-7 Years,2,1,2,1,3
404,Active Employee,0,No,42,35-45,Female,Married,3,Marketing,Sales,Sales Executive,4,3,Travel Frequently,26,Far (16-30 km),555,77,14864,13525,$10K-<15K,Upper Middle Income,14,1,3,Good,3,2,4,4,3.25,No,Low Risk,23,Expert(20+),20,15+ Years,4,4,8,5,2
405,Ex-Employee,1,Yes,18,18-25,Male,Single,3,Life Sciences,Research & Development,Laboratory Technician,1,3,Travel Rarely,3,Near (0-5 km),230,54,25233,1420,<$3K,Lower Income,13,0,3,Good,3,3,3,3,3,No,Low Risk,0,Fresher(0-2),0,New Joiner,0,0,0,1,2
406,Active Employee,0,No,35,35-45,Male,Married,3,Marketing,Sales,Sales Executive,3,3,Travel Rarely,16,Far (16-30 km),1232,96,5100,8020,$6K-<10K,Middle Income,15,2,3,Good,3,2,3,2,2.5,No,Low Risk,12,Senior(11-20),11,10-15 Years,9,6,9,0,3
407,Active Employee,0,No,36,35-45,Male,Married,4,Life Sciences,Research & Development,Laboratory Technician,1,4,Travel Frequently,18,Far (16-30 km),566,81,7122,3688,$3K-<6K,Lower Middle Income,18,2,3,Good,3,4,4,3,3.5,No,Low Risk,4,Junior(3-5),1,1-3 Years,0,0,0,4,2
408,Active Employee,0,No,51,46-55,Male,Divorced,3,Medical,Research & Development,Manufacturing Director,2,1,Travel Rarely,2,Near (0-5 km),1302,84,16321,5482,$3K-<6K,Lower Middle Income,18,1,3,Good,4,2,4,3,3.25,No,Low Risk,13,Senior(11-20),4,4-7 Years,1,1,2,5,3
410,Active Employee,0,No,41,35-45,Male,Single,4,Life Sciences,Sales,Manager,4,3,Travel Rarely,2,Near (0-5 km),334,88,15896,16015,$15K+,Higher Income,19,0,3,Good,4,2,2,3,2.75,No,Low Risk,22,Expert(20+),22,15+ Years,10,0,4,1,2
411,Active Employee,0,No,18,18-25,Female,Single,3,Medical,Sales,Sales Representative,1,2,Travel Rarely,10,Moderate (6-15 km),812,69,9724,1200,<$3K,Lower Income,12,0,3,Good,4,3,1,3,2.75,No,Low Risk,0,Fresher(0-2),0,New Joiner,0,0,0,1,2
412,Active Employee,0,No,28,26-35,Male,Single,2,Medical,Research & Development,Healthcare Representative,2,4,Travel Rarely,16,Far (16-30 km),1476,68,4824,5661,$3K-<6K,Lower Middle Income,19,0,3,Good,2,1,3,3,2.25,No,Low Risk,9,Mid-Level(6-10),8,8-10 Years,3,0,7,0,2
416,Active Employee,0,No,31,26-35,Male,Married,3,Technical Degree,Sales,Sales Executive,2,4,Travel Rarely,7,Moderate (6-15 km),218,100,12241,6929,$6K-<10K,Middle Income,11,1,3,Good,2,4,2,2,2.5,No,Low Risk,10,Mid-Level(6-10),8,8-10 Years,7,7,7,4,3
417,Active Employee,0,No,39,35-45,Male,Divorced,3,Medical,Research & Development,Healthcare Representative,3,4,Travel Rarely,1,Near (0-5 km),1132,48,10942,9613,$6K-<10K,Middle Income,17,3,3,Good,3,4,1,2,2.5,No,Low Risk,19,Senior(11-20),18,15+ Years,10,3,7,0,5
419,Active Employee,0,No,36,35-45,Female,Married,4,Life Sciences,Research & Development,Laboratory Technician,2,3,Non-Travel,24,Far (16-30 km),1105,47,6927,5674,$3K-<6K,Lower Middle Income,15,1,3,Good,2,2,3,3,2.5,No,Low Risk,11,Senior(11-20),9,8-10 Years,8,0,8,7,3
420,Active Employee,0,No,32,26-35,Male,Married,3,Life Sciences,Sales,Sales Executive,2,2,Travel Rarely,7,Moderate (6-15 km),906,91,16985,5484,$3K-<6K,Lower Middle Income,14,1,3,Good,4,3,3,2,3,No,Low Risk,13,Senior(11-20),13,10-15 Years,8,4,8,1,3
421,Active Employee,0,No,38,35-45,Female,Married,2,Life Sciences,Research & Development,Research Director,3,2,Travel Rarely,25,Far (16-30 km),849,81,26707,12061,$10K-<15K,Upper Middle Income,17,1,3,Good,1,2,3,3,2.25,No,Low Risk,19,Senior(11-20),10,8-10 Years,8,0,1,3,2
422,Active Employee,0,No,58,56+,Male,Divorced,4,Life Sciences,Research & Development,Healthcare Representative,2,1,Non-Travel,1,Near (0-5 km),390,32,17056,5660,$3K-<6K,Lower Middle Income,13,1,3,Good,4,3,4,3,3.5,Yes,Moderate Risk,12,Senior(11-20),5,4-7 Years,3,1,2,2,2
423,Active Employee,0,No,31,26-35,Male,Married,4,Technical Degree,Research & Development,Research Scientist,1,3,Travel Rarely,5,Near (0-5 km),691,86,10077,4821,$3K-<6K,Lower Middle Income,12,1,3,Good,3,4,3,3,3.25,Yes,Moderate Risk,6,Mid-Level(6-10),5,4-7 Years,2,0,3,0,4
424,Active Employee,0,No,31,26-35,Male,Married,3,Human Resources,Human Resources,Human Resources,2,2,Travel Rarely,2,Near (0-5 km),106,62,17822,6410,$6K-<10K,Middle Income,12,0,3,Good,1,1,4,3,2.25,No,Low Risk,9,Mid-Level(6-10),2,1-3 Years,2,1,0,3,1
425,Active Employee,0,No,45,35-45,Male,Divorced,3,Life Sciences,Research & Development,Laboratory Technician,3,3,Travel Frequently,7,Moderate (6-15 km),1249,97,20308,5210,$3K-<6K,Lower Middle Income,18,1,3,Good,1,1,1,3,1.5,No,Low Risk,24,Expert(20+),24,15+ Years,9,9,11,1,2
426,Active Employee,0,No,31,26-35,Male,Divorced,4,Life Sciences,Research & Development,Research Scientist,1,3,Travel Rarely,2,Near (0-5 km),192,32,7747,2695,<$3K,Lower Income,18,1,3,Good,3,4,2,1,2.5,Yes,Moderate Risk,3,Junior(3-5),2,1-3 Years,2,2,2,0,2
428,Active Employee,0,No,33,26-35,Female,Married,4,Life Sciences,Research & Development,Manager,3,3,Travel Frequently,5,Near (0-5 km),553,74,23364,11878,$10K-<15K,Upper Middle Income,11,2,3,Good,4,2,2,3,2.75,No,Low Risk,12,Senior(11-20),10,8-10 Years,6,8,8,6,2
429,Active Employee,0,No,39,35-45,Male,Married,1,Medical,Research & Development,Manager,4,3,Travel Rarely,10,Moderate (6-15 km),117,99,5355,17068,$15K+,Higher Income,14,0,3,Good,3,1,4,3,2.75,Yes,High Risk,21,Expert(20+),21,15+ Years,9,11,10,1,3
430,Active Employee,0,No,43,35-45,Female,Single,4,Life Sciences,Research & Development,Laboratory Technician,1,3,Travel Frequently,10,Moderate (6-15 km),185,33,10675,2455,<$3K,Lower Income,19,0,3,Good,3,4,1,3,2.75,No,Low Risk,9,Mid-Level(6-10),8,8-10 Years,7,1,7,0,5
431,Active Employee,0,No,49,46-55,Female,Single,2,Technical Degree,Research & Development,Healthcare Representative,4,2,Travel Rarely,1,Near (0-5 km),1091,90,17810,13964,$10K-<15K,Upper Middle Income,12,0,3,Good,3,3,4,3,3.25,Yes,Moderate Risk,25,Expert(20+),7,4-7 Years,1,0,7,7,2
433,Ex-Employee,1,Yes,52,46-55,Male,Married,4,Medical,Research & Development,Research Scientist,2,2,Travel Rarely,8,Moderate (6-15 km),723,85,17747,4941,$3K-<6K,Lower Middle Income,15,0,3,Good,3,2,1,2,2,No,Low Risk,11,Senior(11-20),8,8-10 Years,2,7,7,2,3
434,Active Employee,0,No,27,26-35,Female,Single,3,Life Sciences,Research & Development,Research Scientist,1,3,Travel Rarely,5,Near (0-5 km),1220,85,20938,2478,<$3K,Lower Income,12,0,3,Good,3,2,2,2,2.25,Yes,Moderate Risk,4,Junior(3-5),4,4-7 Years,3,1,2,1,2
436,Active Employee,0,No,32,26-35,Female,Married,2,Technical Degree,Sales,Sales Executive,2,2,Travel Rarely,8,Moderate (6-15 km),588,65,24624,5228,$3K-<6K,Lower Middle Income,11,0,3,Good,3,2,4,3,3,Yes,High Risk,13,Senior(11-20),13,10-15 Years,12,11,9,1,2
437,Active Employee,0,No,27,26-35,Male,Single,3,Life Sciences,Sales,Sales Executive,2,3,Travel Rarely,2,Near (0-5 km),1377,74,5242,4478,$3K-<6K,Lower Middle Income,11,0,3,Good,4,3,1,3,2.75,Yes,Moderate Risk,5,Junior(3-5),5,4-7 Years,4,0,4,1,3
438,Active Employee,0,No,31,26-35,Male,Divorced,3,Marketing,Sales,Sales Executive,2,3,Travel Rarely,7,Moderate (6-15 km),691,73,7143,7547,$6K-<10K,Middle Income,12,3,3,Good,4,4,4,3,3.75,No,Low Risk,13,Senior(11-20),7,4-7 Years,7,1,7,4,3
439,Active Employee,0,No,32,26-35,Female,Single,4,Medical,Research & Development,Research Scientist,2,4,Travel Rarely,2,Near (0-5 km),1018,74,10557,5055,$3K-<6K,Lower Middle Income,16,0,3,Good,1,4,3,2,2.5,No,Low Risk,10,Mid-Level(6-10),7,4-7 Years,7,0,7,7,0
440,Ex-Employee,1,Yes,28,26-35,Male,Married,4,Medical,Research & Development,Research Scientist,1,1,Travel Rarely,2,Near (0-5 km),1157,84,24737,3464,$3K-<6K,Lower Middle Income,13,0,3,Good,1,4,4,2,2.75,Yes,Moderate Risk,5,Junior(3-5),3,1-3 Years,2,2,2,5,4
441,Active Employee,0,No,30,26-35,Female,Married,2,Medical,Research & Development,Research Scientist,2,3,Travel Rarely,28,Far (16-30 km),1275,64,11934,5775,$3K-<6K,Lower Middle Income,13,2,3,Good,4,4,4,3,3.75,No,Low Risk,11,Senior(11-20),10,8-10 Years,8,1,9,1,2
442,Active Employee,0,No,31,26-35,Female,Married,2,Life Sciences,Research & Development,Manufacturing Director,3,2,Travel Frequently,7,Moderate (6-15 km),798,48,14034,8943,$6K-<10K,Middle Income,24,1,4,Excellent,3,3,1,3,2.5,No,Low Risk,10,Mid-Level(6-10),10,8-10 Years,9,8,9,1,2
444,Active Employee,0,No,39,35-45,Male,Married,2,Medical,Research & Development,Manager,5,2,Travel Frequently,7,Moderate (6-15 km),672,54,21141,19272,$15K+,Higher Income,15,1,3,Good,3,4,1,3,2.75,No,Low Risk,21,Expert(20+),21,15+ Years,9,13,3,1,2
445,Ex-Employee,1,Yes,39,35-45,Female,Married,2,Medical,Sales,Sales Executive,2,3,Travel Rarely,3,Near (0-5 km),1162,41,17778,5238,$3K-<6K,Lower Middle Income,18,0,3,Good,4,3,1,2,2.5,Yes,Moderate Risk,12,Senior(11-20),1,1-3 Years,0,0,0,4,3
446,Active Employee,0,No,33,26-35,Male,Single,3,Marketing,Sales,Sales Executive,2,2,Travel Frequently,10,Moderate (6-15 km),508,46,4317,4682,$3K-<6K,Lower Middle Income,14,0,3,Good,2,4,3,2,2.75,No,Low Risk,9,Mid-Level(6-10),7,4-7 Years,7,0,1,3,6
447,Active Employee,0,No,47,46-55,Male,Married,5,Life Sciences,Research & Development,Research Director,5,3,Travel Rarely,5,Near (0-5 km),1482,42,16375,18300,$15K+,Higher Income,11,1,3,Good,4,3,2,3,3,No,Low Risk,21,Expert(20+),3,1-3 Years,2,1,1,4,2
448,Active Employee,0,No,43,35-45,Female,Divorced,4,Life Sciences,Research & Development,Laboratory Technician,2,2,Travel Frequently,10,Moderate (6-15 km),559,82,6227,5257,$3K-<6K,Lower Middle Income,11,1,3,Good,3,3,2,4,3,No,Low Risk,9,Mid-Level(6-10),9,8-10 Years,7,0,0,1,3
449,Active Employee,0,No,27,26-35,Male,Married,1,Marketing,Sales,Sales Executive,2,3,Non-Travel,1,Near (0-5 km),210,73,22107,6349,$6K-<10K,Middle Income,13,1,3,Good,3,2,4,3,3,Yes,Moderate Risk,6,Mid-Level(6-10),5,4-7 Years,4,1,4,0,0
450,Active Employee,0,No,54,46-55,Female,Single,4,Life Sciences,Research & Development,Research Scientist,2,3,Travel Frequently,20,Far (16-30 km),928,31,16885,4869,$3K-<6K,Lower Middle Income,12,0,3,Good,4,3,4,2,3.25,No,Low Risk,20,Senior(11-20),4,4-7 Years,3,0,3,3,4
451,Active Employee,0,No,43,35-45,Female,Married,3,Life Sciences,Research & Development,Healthcare Representative,3,3,Travel Rarely,7,Moderate (6-15 km),1001,43,9262,9985,$6K-<10K,Middle Income,16,1,3,Good,3,1,1,2,1.75,No,Low Risk,10,Mid-Level(6-10),1,1-3 Years,0,0,0,8,1
452,Active Employee,0,No,45,35-45,Male,Married,4,Other,Research & Development,Research Scientist,2,3,Travel Rarely,8,Moderate (6-15 km),549,75,9278,3697,$3K-<6K,Lower Middle Income,14,2,3,Good,4,4,1,3,3,No,Low Risk,12,Senior(11-20),10,8-10 Years,9,9,8,9,3
453,Active Employee,0,No,40,35-45,Male,Married,2,Medical,Sales,Sales Executive,2,1,Travel Rarely,1,Near (0-5 km),1124,57,13273,7457,$6K-<10K,Middle Income,22,3,4,Excellent,2,4,3,2,2.75,Yes,Moderate Risk,6,Mid-Level(6-10),4,4-7 Years,3,0,2,2,2
454,Ex-Employee,1,Yes,29,26-35,Male,Married,4,Other,Research & Development,Laboratory Technician,1,1,Travel Rarely,8,Moderate (6-15 km),318,77,4759,2119,<$3K,Lower Income,11,0,3,Good,2,1,4,2,2.25,Yes,Moderate Risk,7,Mid-Level(6-10),7,4-7 Years,7,0,7,1,4
455,Active Employee,0,No,29,26-35,Male,Single,5,Other,Research & Development,Laboratory Technician,1,2,Travel Rarely,9,Moderate (6-15 km),738,30,7621,3983,$3K-<6K,Lower Middle Income,17,0,3,Good,2,4,3,3,3,No,Low Risk,4,Junior(3-5),3,1-3 Years,2,2,2,0,2
456,Active Employee,0,No,30,26-35,Female,Divorced,3,Marketing,Sales,Sales Executive,2,2,Travel Rarely,5,Near (0-5 km),570,30,5431,6118,$6K-<10K,Middle Income,13,3,3,Good,4,3,3,3,3.25,No,Low Risk,10,Mid-Level(6-10),10,8-10 Years,9,1,2,1,2
458,Active Employee,0,No,27,26-35,Female,Married,4,Marketing,Sales,Sales Executive,2,3,Travel Rarely,8,Moderate (6-15 km),1130,56,3415,6214,$6K-<10K,Middle Income,18,1,3,Good,2,2,1,3,2,No,Low Risk,8,Mid-Level(6-10),8,8-10 Years,7,0,7,1,3
460,Active Employee,0,No,37,35-45,Male,Divorced,2,Medical,Research & Development,Manufacturing Director,2,3,Travel Rarely,5,Near (0-5 km),1192,61,23177,6347,$6K-<10K,Middle Income,16,2,3,Good,4,4,3,2,3.25,No,Low Risk,8,Mid-Level(6-10),6,4-7 Years,2,0,4,7,2
461,Active Employee,0,No,38,35-45,Male,Divorced,2,Life Sciences,Research & Development,Research Director,3,2,Travel Rarely,15,Moderate (6-15 km),343,92,15682,11510,$10K-<15K,Upper Middle Income,14,1,3,Good,3,4,2,3,3,Yes,Moderate Risk,12,Senior(11-20),11,10-15 Years,10,2,9,0,3
462,Active Employee,0,No,31,26-35,Female,Single,4,Medical,Research & Development,Manufacturing Director,3,3,Travel Rarely,7,Moderate (6-15 km),1232,39,25713,7143,$6K-<10K,Middle Income,14,0,3,Good,3,4,3,2,3,Yes,Moderate Risk,11,Senior(11-20),11,10-15 Years,9,4,10,1,2
463,Active Employee,0,No,29,26-35,Female,Divorced,1,Marketing,Sales,Sales Executive,2,2,Travel Rarely,10,Moderate (6-15 km),144,39,11866,8268,$6K-<10K,Middle Income,14,2,3,Good,4,2,1,3,2.5,Yes,Moderate Risk,7,Mid-Level(6-10),7,4-7 Years,7,1,7,1,2
464,Active Employee,0,No,35,35-45,Male,Single,4,Technical Degree,Research & Development,Manufacturing Director,3,3,Travel Rarely,5,Near (0-5 km),1296,62,18264,8095,$6K-<10K,Middle Income,13,0,3,Good,3,2,4,3,3,No,Low Risk,17,Senior(11-20),16,15+ Years,6,0,13,0,5
465,Active Employee,0,No,23,18-25,Male,Divorced,1,Life Sciences,Research & Development,Research Scientist,1,3,Travel Rarely,26,Far (16-30 km),1309,83,16092,2904,<$3K,Lower Income,12,2,3,Good,3,4,3,2,3,No,Low Risk,4,Junior(3-5),4,4-7 Years,2,0,2,1,2
466,Active Employee,0,No,41,35-45,Male,Single,3,Medical,Research & Development,Manufacturing Director,2,2,Travel Rarely,6,Moderate (6-15 km),483,95,10110,6032,$6K-<10K,Middle Income,15,0,3,Good,4,2,4,3,3.25,Yes,Moderate Risk,8,Mid-Level(6-10),5,4-7 Years,4,1,2,6,3
467,Active Employee,0,No,47,46-55,Male,Single,1,Medical,Sales,Sales Representative,2,3,Travel Frequently,4,Near (0-5 km),1309,99,25751,2976,<$3K,Lower Income,19,0,3,Good,2,3,1,3,2.25,No,Low Risk,5,Junior(3-5),0,New Joiner,0,0,0,3,3
468,Active Employee,0,No,42,35-45,Female,Single,5,Life Sciences,Research & Development,Research Director,4,3,Travel Rarely,23,Far (16-30 km),810,44,15901,15992,$15K+,Higher Income,14,0,3,Good,1,4,2,3,2.5,No,Low Risk,16,Senior(11-20),1,1-3 Years,0,0,0,2,2
469,Active Employee,0,No,29,26-35,Male,Married,3,Life Sciences,Sales,Sales Executive,2,3,Non-Travel,2,Near (0-5 km),746,61,16928,4649,$3K-<6K,Lower Middle Income,14,1,3,Good,4,3,1,2,2.5,No,Low Risk,4,Junior(3-5),4,4-7 Years,3,0,2,1,3
470,Active Employee,0,No,42,35-45,Male,Divorced,1,Technical Degree,Human Resources,Human Resources,1,3,Travel Rarely,2,Near (0-5 km),544,52,24017,2696,<$3K,Lower Income,11,1,3,Good,3,3,3,3,3,Yes,Moderate Risk,4,Junior(3-5),3,1-3 Years,2,1,0,0,5
471,Active Employee,0,No,32,26-35,Female,Married,3,Medical,Research & Development,Laboratory Technician,1,3,Travel Rarely,2,Near (0-5 km),1062,75,3956,2370,<$3K,Lower Income,13,1,3,Good,3,2,3,3,2.75,No,Low Risk,8,Mid-Level(6-10),8,8-10 Years,0,0,7,1,4
473,Active Employee,0,No,48,46-55,Female,Married,1,Medical,Sales,Manager,3,3,Travel Rarely,29,Far (16-30 km),530,91,23978,12504,$10K-<15K,Upper Middle Income,21,1,4,Excellent,1,3,2,1,1.75,No,Low Risk,15,Senior(11-20),0,New Joiner,0,0,0,3,3
474,Active Employee,0,No,37,35-45,Male,Divorced,3,Medical,Research & Development,Research Scientist,2,4,Travel Rarely,6,Moderate (6-15 km),1319,51,17001,5974,$3K-<6K,Lower Middle Income,13,2,3,Good,3,1,1,3,2,Yes,High Risk,13,Senior(11-20),7,4-7 Years,7,6,7,4,2
475,Active Employee,0,No,30,26-35,Female,Married,2,Technical Degree,Sales,Sales Executive,2,3,Non-Travel,25,Far (16-30 km),641,85,6069,4736,$3K-<6K,Lower Middle Income,12,1,3,Good,4,3,2,4,3.25,Yes,High Risk,4,Junior(3-5),2,1-3 Years,2,2,2,7,2
476,Active Employee,0,No,26,26-35,Male,Married,3,Life Sciences,Sales,Sales Executive,2,3,Travel Rarely,1,Near (0-5 km),933,57,20156,5296,$3K-<6K,Lower Middle Income,17,1,3,Good,3,3,2,3,2.75,No,Low Risk,8,Mid-Level(6-10),8,8-10 Years,7,7,7,1,3
477,Active Employee,0,No,42,35-45,Male,Single,4,Other,Research & Development,Healthcare Representative,2,2,Travel Rarely,2,Near (0-5 km),1332,98,17078,6781,$6K-<10K,Middle Income,23,0,4,Excellent,1,4,2,3,2.5,No,Low Risk,14,Senior(11-20),1,1-3 Years,0,0,0,3,6
478,Ex-Employee,1,Yes,21,18-25,Female,Single,1,Technical Degree,Sales,Sales Representative,1,2,Travel Frequently,1,Near (0-5 km),756,99,9150,2174,<$3K,Lower Income,11,0,3,Good,1,2,3,3,2.25,Yes,Moderate Risk,3,Junior(3-5),3,1-3 Years,2,1,2,1,3
479,Active Employee,0,No,36,35-45,Female,Single,5,Medical,Sales,Sales Executive,2,3,Non-Travel,1,Near (0-5 km),845,45,15276,6653,$6K-<10K,Middle Income,15,0,3,Good,4,4,2,3,3.25,No,Low Risk,7,Mid-Level(6-10),1,1-3 Years,0,0,0,4,6
481,Active Employee,0,No,36,35-45,Male,Married,4,Medical,Sales,Sales Executive,3,2,Travel Frequently,3,Near (0-5 km),541,48,7246,9699,$6K-<10K,Middle Income,11,1,3,Good,1,4,1,3,2.25,No,Low Risk,16,Senior(11-20),13,10-15 Years,9,1,12,4,2
482,Active Employee,0,No,57,56+,Male,Married,4,Medical,Research & Development,Healthcare Representative,2,3,Travel Rarely,1,Near (0-5 km),593,88,2967,6755,$6K-<10K,Middle Income,11,0,3,Good,4,3,3,3,3.25,No,Low Risk,15,Senior(11-20),3,1-3 Years,2,1,2,2,2
483,Active Employee,0,No,40,35-45,Female,Married,4,Life Sciences,Research & Development,Laboratory Technician,1,4,Travel Rarely,10,Moderate (6-15 km),1171,46,22495,2213,<$3K,Lower Income,13,1,3,Good,4,3,3,3,3.25,Yes,Moderate Risk,10,Mid-Level(6-10),7,4-7 Years,7,1,7,3,3
484,Active Employee,0,No,21,18-25,Male,Single,2,Medical,Sales,Sales Representative,1,3,Non-Travel,9,Moderate (6-15 km),895,39,2851,2610,<$3K,Lower Income,24,0,4,Excellent,1,4,3,2,2.5,No,Low Risk,3,Junior(3-5),3,1-3 Years,2,2,2,1,3
485,Ex-Employee,1,Yes,33,26-35,Female,Single,3,Marketing,Sales,Sales Representative,1,3,Travel Rarely,5,Near (0-5 km),350,34,9150,2851,<$3K,Lower Income,13,0,3,Good,4,3,2,3,3,Yes,Moderate Risk,1,Fresher(0-2),1,1-3 Years,0,0,0,1,2
486,Active Employee,0,No,37,35-45,Female,Married,3,Medical,Research & Development,Laboratory Technician,1,3,Travel Rarely,10,Moderate (6-15 km),921,98,17663,3452,$3K-<6K,Lower Middle Income,20,1,4,Excellent,3,1,2,3,2.25,No,Low Risk,17,Senior(11-20),5,4-7 Years,4,0,3,6,3
487,Active Employee,0,No,46,46-55,Female,Married,4,Medical,Research & Development,Manufacturing Director,2,3,Non-Travel,7,Moderate (6-15 km),1144,30,16044,5258,$3K-<6K,Lower Middle Income,14,0,3,Good,3,3,3,4,3.25,No,Low Risk,7,Mid-Level(6-10),1,1-3 Years,0,0,0,2,2
488,Ex-Employee,1,Yes,41,35-45,Male,Single,3,Marketing,Sales,Sales Executive,2,3,Travel Frequently,4,Near (0-5 km),143,56,9558,9355,$6K-<10K,Middle Income,18,0,3,Good,1,2,3,3,2.25,No,Low Risk,8,Mid-Level(6-10),8,8-10 Years,7,7,7,1,5
491,Active Employee,0,No,50,46-55,Male,Single,3,Technical Degree,Research & Development,Healthcare Representative,3,2,Travel Rarely,10,Moderate (6-15 km),1046,100,2755,10496,$10K-<15K,Upper Middle Income,15,0,3,Good,4,4,4,3,3.75,No,Low Risk,20,Senior(11-20),4,4-7 Years,3,1,3,6,2
492,Ex-Employee,1,Yes,40,35-45,Male,Married,2,Marketing,Sales,Sales Executive,2,2,Travel Rarely,22,Far (16-30 km),575,68,6110,6380,$6K-<10K,Middle Income,12,2,3,Good,3,3,1,3,2.5,Yes,High Risk,8,Mid-Level(6-10),6,4-7 Years,4,1,0,2,6
493,Active Employee,0,No,31,26-35,Male,Single,4,Life Sciences,Research & Development,Research Scientist,1,2,Travel Rarely,9,Moderate (6-15 km),408,42,7551,2657,<$3K,Lower Income,16,0,3,Good,3,2,4,3,3,Yes,Moderate Risk,3,Junior(3-5),2,1-3 Years,2,2,2,0,5
494,Ex-Employee,1,Yes,21,18-25,Female,Single,3,Life Sciences,Sales,Sales Representative,1,4,Travel Rarely,12,Moderate (6-15 km),156,90,25422,2716,<$3K,Lower Income,15,0,3,Good,3,2,4,3,3,No,Low Risk,1,Fresher(0-2),1,1-3 Years,0,0,0,1,0
495,Active Employee,0,No,29,26-35,Male,Single,3,Life Sciences,Research & Development,Research Scientist,1,3,Travel Rarely,23,Far (16-30 km),1283,54,18168,2201,<$3K,Lower Income,16,0,3,Good,4,4,4,3,3.75,No,Low Risk,6,Mid-Level(6-10),3,1-3 Years,2,1,2,9,4
496,Active Employee,0,No,35,35-45,Male,Single,4,Life Sciences,Research & Development,Healthcare Representative,2,2,Travel Rarely,9,Moderate (6-15 km),755,97,19394,6540,$6K-<10K,Middle Income,19,0,3,Good,3,2,3,3,2.75,No,Low Risk,10,Mid-Level(6-10),1,1-3 Years,1,0,0,9,5
497,Active Employee,0,No,27,26-35,Male,Divorced,2,Medical,Research & Development,Laboratory Technician,1,3,Travel Rarely,1,Near (0-5 km),1469,82,17881,3816,$3K-<6K,Lower Middle Income,11,1,3,Good,4,2,2,3,2.75,No,Low Risk,5,Junior(3-5),5,4-7 Years,2,0,4,1,2
498,Active Employee,0,No,28,26-35,Male,Single,4,Life Sciences,Sales,Sales Executive,2,3,Travel Rarely,9,Moderate (6-15 km),304,92,20750,5253,$3K-<6K,Lower Middle Income,16,0,3,Good,2,4,4,3,3.25,No,Low Risk,7,Mid-Level(6-10),7,4-7 Years,5,0,7,1,1
499,Active Employee,0,No,49,46-55,Male,Single,3,Other,Research & Development,Healthcare Representative,3,2,Travel Rarely,7,Moderate (6-15 km),1261,31,12066,10965,$10K-<15K,Upper Middle Income,24,0,4,Excellent,2,3,3,3,2.75,No,Low Risk,26,Expert(20+),5,4-7 Years,2,0,0,8,2
500,Active Employee,0,No,51,46-55,Female,Married,2,Life Sciences,Sales,Sales Executive,2,3,Travel Rarely,14,Moderate (6-15 km),1178,87,14862,4936,$3K-<6K,Lower Middle Income,11,1,3,Good,3,4,3,2,3,No,Low Risk,18,Senior(11-20),7,4-7 Years,7,0,7,4,2
501,Active Employee,0,No,36,35-45,Female,Married,3,Life Sciences,Research & Development,Research Scientist,1,3,Travel Rarely,2,Near (0-5 km),329,96,11868,2543,<$3K,Lower Income,13,1,3,Good,4,3,2,3,3,No,Low Risk,6,Mid-Level(6-10),2,1-3 Years,2,2,2,4,3
502,Ex-Employee,1,Yes,34,26-35,Male,Single,3,Marketing,Sales,Sales Executive,2,4,Non-Travel,19,Far (16-30 km),1362,67,4652,5304,$3K-<6K,Lower Middle Income,13,0,3,Good,1,4,2,2,2.25,Yes,High Risk,9,Mid-Level(6-10),5,4-7 Years,2,0,4,8,3
505,Active Employee,0,No,55,46-55,Female,Single,3,Life Sciences,Research & Development,Manager,4,3,Travel Rarely,2,Near (0-5 km),1311,97,23258,16659,$15K+,Higher Income,13,0,3,Good,3,4,3,3,3.25,Yes,Moderate Risk,30,Expert(20+),5,4-7 Years,4,1,2,2,2
507,Active Employee,0,No,24,18-25,Female,Divorced,4,Marketing,Sales,Sales Executive,2,3,Travel Rarely,10,Moderate (6-15 km),1371,77,5915,4260,$3K-<6K,Lower Middle Income,12,1,3,Good,4,3,4,4,3.75,Yes,Moderate Risk,5,Junior(3-5),5,4-7 Years,2,0,3,1,2
508,Active Employee,0,No,30,26-35,Male,Married,1,Technical Degree,Sales,Sales Representative,1,3,Travel Rarely,2,Near (0-5 km),202,72,17434,2476,<$3K,Lower Income,18,1,3,Good,3,2,1,3,2.25,No,Low Risk,1,Fresher(0-2),1,1-3 Years,0,0,0,1,3
510,Ex-Employee,1,Yes,26,26-35,Male,Single,1,Technical Degree,Research & Development,Research Scientist,1,3,Travel Frequently,3,Near (0-5 km),575,73,6582,3102,$3K-<6K,Lower Middle Income,22,0,4,Excellent,3,1,3,3,2.5,No,Low Risk,7,Mid-Level(6-10),6,4-7 Years,4,0,4,0,2
511,Active Employee,0,No,22,18-25,Female,Married,3,Medical,Research & Development,Research Scientist,1,3,Travel Rarely,11,Moderate (6-15 km),253,43,24440,2244,<$3K,Lower Income,13,1,3,Good,1,2,4,3,2.5,No,Low Risk,2,Fresher(0-2),2,1-3 Years,1,1,2,1,1
513,Active Employee,0,No,36,35-45,Male,Married,2,Medical,Sales,Sales Executive,3,2,Travel Rarely,2,Near (0-5 km),164,61,3809,7596,$6K-<10K,Middle Income,13,2,3,Good,2,3,2,3,2.5,No,Low Risk,10,Mid-Level(6-10),10,8-10 Years,9,9,0,1,2
514,Ex-Employee,1,Yes,30,26-35,Male,Single,3,Technical Degree,Research & Development,Research Scientist,1,3,Travel Frequently,4,Near (0-5 km),464,40,3427,2285,<$3K,Lower Income,23,0,4,Excellent,3,4,3,3,3.25,Yes,Moderate Risk,3,Junior(3-5),1,1-3 Years,0,0,0,9,4
515,Active Employee,0,No,37,35-45,Female,Divorced,3,Life Sciences,Research & Development,Laboratory Technician,1,3,Travel Rarely,14,Moderate (6-15 km),1107,95,26914,3034,$3K-<6K,Lower Middle Income,12,1,3,Good,4,1,3,2,2.5,No,Low Risk,18,Senior(11-20),18,15+ Years,7,12,17,1,2
516,Active Employee,0,No,40,35-45,Female,Divorced,2,Marketing,Sales,Sales Executive,2,3,Travel Rarely,2,Near (0-5 km),759,46,22553,5715,$3K-<6K,Lower Middle Income,12,2,3,Good,4,2,3,3,3,No,Low Risk,8,Mid-Level(6-10),5,4-7 Years,4,1,3,7,5
517,Active Employee,0,No,42,35-45,Female,Divorced,4,Life Sciences,Research & Development,Laboratory Technician,1,3,Travel Rarely,1,Near (0-5 km),201,95,20490,2576,<$3K,Lower Income,16,1,3,Good,2,1,2,3,2,No,Low Risk,8,Mid-Level(6-10),5,4-7 Years,2,1,2,3,5
518,Active Employee,0,No,37,35-45,Male,Single,4,Life Sciences,Research & Development,Manufacturing Director,2,3,Travel Rarely,10,Moderate (6-15 km),1305,49,21123,4197,$3K-<6K,Lower Middle Income,12,0,3,Good,3,2,4,2,2.75,Yes,Moderate Risk,18,Senior(11-20),1,1-3 Years,0,0,1,2,2
520,Active Employee,0,No,43,35-45,Male,Divorced,3,Life Sciences,Research & Development,Research Director,4,2,Travel Rarely,12,Moderate (6-15 km),982,59,4345,14336,$10K-<15K,Upper Middle Income,11,1,3,Good,1,2,3,3,2.25,No,Low Risk,25,Expert(20+),25,15+ Years,10,3,9,1,3
521,Active Employee,0,No,40,35-45,Female,Married,3,Medical,Research & Development,Laboratory Technician,2,2,Travel Rarely,2,Near (0-5 km),555,78,13436,3448,$3K-<6K,Lower Middle Income,22,1,4,Excellent,2,3,2,3,2.5,No,Low Risk,20,Senior(11-20),1,1-3 Years,0,0,0,6,3
522,Active Employee,0,No,54,46-55,Male,Married,2,Medical,Research & Development,Research Director,5,3,Travel Rarely,5,Near (0-5 km),821,86,8509,19406,$15K+,Higher Income,11,1,3,Good,1,1,3,2,1.75,No,Low Risk,24,Expert(20+),4,4-7 Years,2,1,2,4,4
523,Active Employee,0,No,34,26-35,Female,Married,4,Marketing,Sales,Sales Executive,2,3,Non-Travel,4,Near (0-5 km),1381,72,12740,6538,$6K-<10K,Middle Income,15,1,3,Good,3,3,1,3,2.5,No,Low Risk,6,Mid-Level(6-10),3,1-3 Years,2,1,2,9,3
524,Active Employee,0,No,31,26-35,Female,Married,2,Medical,Research & Development,Manufacturing Director,2,3,Travel Rarely,7,Moderate (6-15 km),480,31,4156,4306,$3K-<6K,Lower Middle Income,12,1,3,Good,2,1,2,1,1.5,No,Low Risk,13,Senior(11-20),13,10-15 Years,10,3,12,1,5
525,Active Employee,0,No,43,35-45,Male,Married,3,Medical,Research & Development,Laboratory Technician,1,3,Travel Frequently,21,Far (16-30 km),313,61,15238,2258,<$3K,Lower Income,20,1,4,Excellent,4,4,1,3,3,No,Low Risk,8,Mid-Level(6-10),3,1-3 Years,2,1,2,7,1
526,Active Employee,0,No,43,35-45,Female,Divorced,4,Other,Research & Development,Healthcare Representative,2,3,Travel Rarely,8,Moderate (6-15 km),1473,74,2227,4522,$3K-<6K,Lower Middle Income,14,0,3,Good,3,3,4,3,3.25,Yes,Moderate Risk,8,Mid-Level(6-10),5,4-7 Years,2,0,2,4,3
527,Active Employee,0,No,25,18-25,Female,Single,2,Life Sciences,Sales,Sales Executive,2,2,Travel Rarely,4,Near (0-5 km),891,99,12090,4487,$3K-<6K,Lower Middle Income,11,0,3,Good,2,4,2,3,2.75,Yes,Moderate Risk,5,Junior(3-5),5,4-7 Years,4,1,3,1,3
529,Active Employee,0,No,37,35-45,Female,Married,5,Medical,Research & Development,Research Scientist,2,3,Non-Travel,25,Far (16-30 km),1063,72,23866,4449,$3K-<6K,Lower Middle Income,15,2,3,Good,2,3,1,3,2.25,Yes,High Risk,15,Senior(11-20),13,10-15 Years,11,10,7,3,2
530,Active Employee,0,No,31,26-35,Male,Married,2,Life Sciences,Research & Development,Laboratory Technician,1,2,Travel Rarely,1,Near (0-5 km),329,98,16193,2218,<$3K,Lower Income,12,1,3,Good,4,1,3,3,2.75,No,Low Risk,4,Junior(3-5),4,4-7 Years,2,3,2,1,3
531,Active Employee,0,No,39,35-45,Male,Divorced,1,Life Sciences,Research & Development,Manager,5,3,Travel Frequently,1,Near (0-5 km),1218,52,8213,19197,$15K+,Higher Income,14,1,3,Good,2,3,3,3,2.75,Yes,Moderate Risk,21,Expert(20+),21,15+ Years,8,1,6,1,3
532,Active Employee,0,No,56,56+,Female,Married,3,Life Sciences,Sales,Sales Executive,4,4,Travel Frequently,6,Moderate (6-15 km),906,86,18256,13212,$10K-<15K,Upper Middle Income,11,3,3,Good,3,1,4,2,2.5,No,Low Risk,36,Expert(20+),7,4-7 Years,7,7,7,9,0
533,Active Employee,0,No,30,26-35,Female,Single,3,Technical Degree,Sales,Sales Executive,2,3,Travel Rarely,12,Moderate (6-15 km),1082,83,19558,6577,$6K-<10K,Middle Income,11,0,3,Good,2,3,2,3,2.5,No,Low Risk,6,Mid-Level(6-10),5,4-7 Years,4,4,4,0,6
534,Active Employee,0,No,41,35-45,Male,Married,3,Marketing,Sales,Sales Executive,3,4,Travel Rarely,1,Near (0-5 km),645,49,19566,8392,$6K-<10K,Middle Income,16,1,3,Good,2,1,3,3,2.25,No,Low Risk,10,Mid-Level(6-10),10,8-10 Years,7,0,7,1,2
536,Active Employee,0,No,28,26-35,Male,Divorced,2,Medical,Research & Development,Laboratory Technician,2,3,Travel Rarely,17,Far (16-30 km),1300,79,13535,4558,$3K-<6K,Lower Middle Income,12,1,3,Good,3,1,4,3,2.75,No,Low Risk,10,Mid-Level(6-10),10,8-10 Years,0,1,8,1,2
538,Ex-Employee,1,Yes,25,18-25,Male,Married,3,Medical,Research & Development,Laboratory Technician,1,3,Travel Rarely,3,Near (0-5 km),688,91,9396,4031,$3K-<6K,Lower Middle Income,13,1,3,Good,1,1,3,3,2,No,Low Risk,6,Mid-Level(6-10),2,1-3 Years,2,0,2,5,5
543,Active Employee,0,No,52,46-55,Male,Married,3,Medical,Research & Development,Manufacturing Director,3,2,Travel Rarely,3,Near (0-5 km),319,39,19609,7969,$6K-<10K,Middle Income,14,0,3,Good,4,3,3,3,3.25,Yes,Moderate Risk,28,Expert(20+),5,4-7 Years,4,0,4,2,4
544,Active Employee,0,No,45,35-45,Male,Married,2,Life Sciences,Research & Development,Research Scientist,1,3,Travel Rarely,10,Moderate (6-15 km),192,69,9655,2654,<$3K,Lower Income,21,2,4,Excellent,1,4,4,2,2.75,No,Low Risk,8,Mid-Level(6-10),2,1-3 Years,2,0,2,3,3
546,Active Employee,0,No,52,46-55,Female,Married,2,Life Sciences,Research & Development,Manager,4,3,Travel Rarely,4,Near (0-5 km),1490,30,10310,16555,$15K+,Higher Income,13,0,3,Good,4,4,4,1,3.25,No,Low Risk,31,Expert(20+),5,4-7 Years,2,1,4,2,2
547,Active Employee,0,No,42,35-45,Female,Divorced,2,Life Sciences,Research & Development,Research Scientist,2,3,Travel Frequently,29,Far (16-30 km),532,92,12932,4556,$3K-<6K,Lower Middle Income,11,1,3,Good,1,3,2,3,2.25,No,Low Risk,19,Senior(11-20),5,4-7 Years,4,0,2,2,3
548,Active Employee,0,No,30,26-35,Female,Single,3,Life Sciences,Research & Development,Manufacturing Director,2,1,Travel Rarely,2,Near (0-5 km),317,43,24793,6091,$6K-<10K,Middle Income,20,0,4,Excellent,3,4,3,3,3.25,No,Low Risk,11,Senior(11-20),5,4-7 Years,4,0,2,2,2
549,Active Employee,0,No,60,56+,Female,Married,3,Life Sciences,Research & Development,Manager,5,3,Travel Rarely,7,Moderate (6-15 km),422,41,3854,19566,$15K+,Higher Income,11,0,3,Good,1,1,4,1,1.75,No,Low Risk,33,Expert(20+),29,15+ Years,8,11,10,5,5
550,Active Employee,0,No,46,46-55,Female,Divorced,3,Medical,Research & Development,Manufacturing Director,2,3,Travel Rarely,18,Far (16-30 km),1485,87,26314,4810,$3K-<6K,Lower Middle Income,14,1,3,Good,3,3,3,2,2.75,No,Low Risk,19,Senior(11-20),10,8-10 Years,7,0,8,2,5
551,Active Employee,0,No,42,35-45,Female,Married,4,Technical Degree,Research & Development,Healthcare Representative,2,2,Travel Frequently,28,Far (16-30 km),1368,88,4386,4523,$3K-<6K,Lower Middle Income,11,3,3,Good,4,4,4,4,4,No,Low Risk,7,Mid-Level(6-10),6,4-7 Years,5,0,4,0,4
554,Ex-Employee,1,Yes,24,18-25,Female,Single,1,Technical Degree,Sales,Sales Representative,1,3,Travel Rarely,1,Near (0-5 km),1448,62,21972,3202,$3K-<6K,Lower Middle Income,16,0,3,Good,1,2,2,3,2,Yes,High Risk,6,Mid-Level(6-10),5,4-7 Years,3,1,4,1,4
555,Ex-Employee,1,Yes,34,26-35,Female,Divorced,2,Marketing,Sales,Sales Representative,1,1,Travel Frequently,6,Moderate (6-15 km),296,33,12253,2351,<$3K,Lower Income,16,1,3,Good,4,3,4,2,3.25,No,Low Risk,3,Junior(3-5),2,1-3 Years,2,1,0,0,3
556,Active Employee,0,No,38,35-45,Male,Married,2,Life Sciences,Research & Development,Laboratory Technician,1,3,Travel Frequently,2,Near (0-5 km),1490,42,12106,1702,<$3K,Lower Income,23,1,4,Excellent,4,4,3,3,3.5,Yes,Moderate Risk,1,Fresher(0-2),1,1-3 Years,0,0,0,1,3
558,Active Employee,0,No,40,35-45,Female,Married,4,Life Sciences,Sales,Manager,5,3,Travel Rarely,2,Near (0-5 km),1398,79,13022,18041,$15K+,Higher Income,14,0,3,Good,3,3,4,3,3.25,No,Low Risk,21,Expert(20+),20,15+ Years,15,1,12,0,2
560,Active Employee,0,No,26,26-35,Female,Divorced,3,Life Sciences,Research & Development,Research Scientist,1,3,Travel Rarely,23,Far (16-30 km),1349,90,3032,2886,<$3K,Lower Income,22,2,4,Excellent,1,4,2,1,2,No,Low Risk,3,Junior(3-5),3,1-3 Years,2,0,2,1,3
562,Active Employee,0,No,30,26-35,Male,Married,3,Life Sciences,Research & Development,Laboratory Technician,1,3,Non-Travel,3,Near (0-5 km),1400,53,16734,2097,<$3K,Lower Income,15,1,3,Good,3,4,3,1,2.75,No,Low Risk,9,Mid-Level(6-10),5,4-7 Years,3,1,4,4,3
564,Active Employee,0,No,29,26-35,Male,Married,4,Medical,Research & Development,Research Director,3,2,Travel Rarely,3,Near (0-5 km),986,93,21526,11935,$10K-<15K,Upper Middle Income,18,0,3,Good,2,3,3,3,2.75,No,Low Risk,10,Mid-Level(6-10),10,8-10 Years,2,0,7,1,2
565,Ex-Employee,1,Yes,29,26-35,Female,Married,5,Technical Degree,Research & Development,Research Scientist,1,2,Travel Rarely,25,Far (16-30 km),408,71,18300,2546,<$3K,Lower Income,16,0,3,Good,3,2,2,4,2.75,No,Low Risk,6,Mid-Level(6-10),2,1-3 Years,2,1,1,5,2
566,Ex-Employee,1,Yes,19,18-25,Male,Single,2,Technical Degree,Human Resources,Human Resources,1,2,Travel Rarely,2,Near (0-5 km),489,52,18437,2564,<$3K,Lower Income,12,0,3,Good,1,4,3,4,3,No,Low Risk,1,Fresher(0-2),1,1-3 Years,0,0,0,1,3
567,Active Employee,0,No,30,26-35,Female,Married,4,Other,Sales,Sales Executive,3,3,Non-Travel,22,Far (16-30 km),1398,69,2890,8412,$6K-<10K,Middle Income,11,0,3,Good,3,1,3,3,2.5,No,Low Risk,10,Mid-Level(6-10),9,8-10 Years,8,7,8,0,3
568,Active Employee,0,No,57,56+,Male,Divorced,3,Marketing,Sales,Manager,4,2,Travel Rarely,29,Far (16-30 km),210,56,22102,14118,$10K-<15K,Upper Middle Income,12,1,3,Good,1,4,3,2,2.5,No,Low Risk,32,Expert(20+),1,1-3 Years,0,0,0,3,3
569,Active Employee,0,No,50,46-55,Male,Married,4,Life Sciences,Research & Development,Manager,4,2,Travel Rarely,29,Far (16-30 km),1099,88,9314,17046,$15K+,Higher Income,15,1,3,Good,2,3,2,3,2.5,No,Low Risk,28,Expert(20+),27,15+ Years,10,15,7,0,2
571,Active Employee,0,No,30,26-35,Female,Single,3,Medical,Research & Development,Laboratory Technician,1,3,Non-Travel,2,Near (0-5 km),1116,49,7181,2564,<$3K,Lower Income,14,0,3,Good,3,4,3,2,3,No,Low Risk,12,Senior(11-20),11,10-15 Years,7,6,7,0,2
573,Active Employee,0,No,60,56+,Female,Married,3,Marketing,Sales,Sales Executive,3,2,Travel Frequently,28,Far (16-30 km),1499,80,2845,10266,$10K-<15K,Upper Middle Income,19,0,3,Good,3,1,4,4,3,No,Low Risk,22,Expert(20+),18,15+ Years,13,13,11,4,5
574,Active Employee,0,No,47,46-55,Female,Divorced,2,Medical,Research & Development,Manufacturing Director,2,3,Travel Rarely,2,Near (0-5 km),983,65,7389,5070,$3K-<6K,Lower Middle Income,13,3,3,Good,1,4,3,3,2.75,No,Low Risk,20,Senior(11-20),5,4-7 Years,0,0,4,5,2
575,Active Employee,0,No,46,46-55,Male,Married,3,Life Sciences,Research & Development,Research Director,4,3,Travel Rarely,2,Near (0-5 km),1009,51,2288,17861,$15K+,Higher Income,13,0,3,Good,1,3,3,1,2,No,Low Risk,26,Expert(20+),3,1-3 Years,2,0,1,6,2
577,Active Employee,0,No,35,35-45,Male,Single,3,Life Sciences,Research & Development,Laboratory Technician,1,1,Travel Rarely,22,Far (16-30 km),144,46,19225,4230,$3K-<6K,Lower Middle Income,15,0,3,Good,4,3,3,3,3.25,No,Low Risk,6,Mid-Level(6-10),5,4-7 Years,4,4,3,0,2
578,Active Employee,0,No,54,46-55,Female,Single,4,Life Sciences,Research & Development,Laboratory Technician,2,3,Travel Rarely,8,Moderate (6-15 km),548,42,23428,3780,$3K-<6K,Lower Middle Income,11,0,3,Good,3,3,3,3,3,No,Low Risk,19,Senior(11-20),1,1-3 Years,0,0,0,7,3
579,Active Employee,0,No,34,26-35,Male,Divorced,4,Life Sciences,Research & Development,Research Scientist,1,2,Travel Rarely,2,Near (0-5 km),1303,62,8416,2768,<$3K,Lower Income,12,1,3,Good,4,3,3,3,3.25,No,Low Risk,14,Senior(11-20),7,4-7 Years,3,5,7,3,3
580,Active Employee,0,No,46,46-55,Female,Married,3,Marketing,Sales,Sales Executive,3,2,Travel Rarely,10,Moderate (6-15 km),1125,94,11563,9071,$6K-<10K,Middle Income,19,1,3,Good,3,4,3,3,3.25,Yes,Moderate Risk,15,Senior(11-20),3,1-3 Years,2,1,2,2,3
581,Active Employee,0,No,31,26-35,Male,Divorced,1,Life Sciences,Research & Development,Manufacturing Director,3,3,Travel Rarely,9,Moderate (6-15 km),1274,33,14394,10648,$10K-<15K,Upper Middle Income,25,1,4,Excellent,3,2,4,4,3.25,No,Low Risk,13,Senior(11-20),13,10-15 Years,8,0,8,1,6
582,Ex-Employee,1,Yes,33,26-35,Male,Married,1,Medical,Research & Development,Manager,3,3,Travel Rarely,15,Moderate (6-15 km),1277,56,24619,13610,$10K-<15K,Upper Middle Income,12,0,3,Good,2,3,4,4,3.25,Yes,High Risk,15,Senior(11-20),7,4-7 Years,6,7,7,7,2
584,Ex-Employee,1,Yes,33,26-35,Male,Divorced,1,Medical,Research & Development,Laboratory Technician,1,1,Travel Rarely,10,Moderate (6-15 km),587,38,6705,3408,$3K-<6K,Lower Middle Income,13,3,3,Good,1,4,1,3,2.25,No,Low Risk,8,Mid-Level(6-10),4,4-7 Years,3,1,3,7,2
585,Active Employee,0,No,30,26-35,Male,Single,1,Marketing,Sales,Sales Representative,1,3,Travel Rarely,7,Moderate (6-15 km),413,57,18398,2983,<$3K,Lower Income,14,0,3,Good,4,2,1,3,2.5,No,Low Risk,4,Junior(3-5),3,1-3 Years,2,1,2,0,3
586,Active Employee,0,No,35,35-45,Male,Married,3,Life Sciences,Research & Development,Healthcare Representative,3,3,Travel Rarely,16,Far (16-30 km),1276,72,14295,7632,$6K-<10K,Middle Income,12,0,3,Good,4,3,3,3,3.25,Yes,High Risk,10,Mid-Level(6-10),8,8-10 Years,7,0,0,4,2
587,Ex-Employee,1,Yes,31,26-35,Male,Married,3,Life Sciences,Research & Development,Healthcare Representative,3,3,Travel Frequently,20,Far (16-30 km),534,66,22908,9824,$6K-<10K,Middle Income,12,0,3,Good,1,3,1,3,2,No,Low Risk,12,Senior(11-20),1,1-3 Years,0,0,0,3,2
590,Ex-Employee,1,Yes,34,26-35,Female,Divorced,3,Human Resources,Human Resources,Human Resources,3,3,Travel Frequently,23,Far (16-30 km),988,43,11533,9950,$6K-<10K,Middle Income,15,3,3,Good,2,1,3,3,2.25,Yes,High Risk,11,Senior(11-20),3,1-3 Years,2,0,2,9,2
591,Active Employee,0,No,42,35-45,Male,Married,2,Other,Research & Development,Laboratory Technician,1,3,Travel Frequently,5,Near (0-5 km),1474,97,9260,2093,<$3K,Lower Income,17,1,3,Good,2,3,4,3,3,No,Low Risk,8,Mid-Level(6-10),2,1-3 Years,2,2,0,4,4
592,Active Employee,0,No,36,35-45,Male,Single,4,Medical,Sales,Sales Executive,3,3,Non-Travel,10,Moderate (6-15 km),635,32,15318,9980,$6K-<10K,Middle Income,14,0,3,Good,2,4,4,2,3,No,Low Risk,10,Mid-Level(6-10),10,8-10 Years,3,9,7,1,3
593,Ex-Employee,1,Yes,22,18-25,Male,Single,1,Technical Degree,Research & Development,Laboratory Technician,1,2,Travel Frequently,4,Near (0-5 km),1368,99,9129,3894,$3K-<6K,Lower Middle Income,16,0,3,Good,3,3,3,3,3,No,Low Risk,4,Junior(3-5),2,1-3 Years,2,1,2,5,3
595,Active Employee,0,No,48,46-55,Female,Married,5,Marketing,Sales,Sales Executive,2,3,Travel Rarely,2,Near (0-5 km),163,37,19658,4051,$3K-<6K,Lower Middle Income,14,1,3,Good,2,4,1,3,2.5,No,Low Risk,14,Senior(11-20),9,8-10 Years,7,6,7,2,2
597,Active Employee,0,No,55,46-55,Female,Single,5,Life Sciences,Sales,Manager,4,3,Travel Rarely,18,Far (16-30 km),1117,83,9873,16835,$15K+,Higher Income,23,0,4,Excellent,1,2,4,3,2.5,No,Low Risk,37,Expert(20+),10,8-10 Years,9,7,7,3,2
599,Active Employee,0,No,41,35-45,Male,Single,2,Life Sciences,Sales,Sales Executive,2,3,Non-Travel,10,Moderate (6-15 km),267,56,13430,6230,$6K-<10K,Middle Income,14,0,3,Good,4,4,4,3,3.75,No,Low Risk,16,Senior(11-20),14,10-15 Years,3,1,10,7,3
600,Active Employee,0,No,35,35-45,Male,Married,3,Marketing,Sales,Sales Executive,2,3,Travel Rarely,1,Near (0-5 km),619,85,18659,4717,$3K-<6K,Lower Middle Income,11,0,3,Good,2,3,3,3,2.75,No,Low Risk,15,Senior(11-20),11,10-15 Years,9,6,9,9,2
601,Active Employee,0,No,40,35-45,Female,Single,3,Life Sciences,Research & Development,Manufacturing Director,4,3,Travel Rarely,6,Moderate (6-15 km),302,75,20364,13237,$10K-<15K,Upper Middle Income,15,0,3,Good,2,3,3,3,2.75,No,Low Risk,22,Expert(20+),20,15+ Years,6,5,13,7,3
602,Active Employee,0,No,39,35-45,Female,Married,1,Life Sciences,Research & Development,Laboratory Technician,1,3,Travel Frequently,8,Moderate (6-15 km),443,48,17872,3755,$3K-<6K,Lower Middle Income,11,1,3,Good,3,3,1,3,2.5,No,Low Risk,8,Mid-Level(6-10),8,8-10 Years,3,0,7,1,3
604,Active Employee,0,No,31,26-35,Male,Single,1,Life Sciences,Sales,Sales Executive,2,3,Travel Rarely,2,Near (0-5 km),828,77,8346,6582,$6K-<10K,Middle Income,13,0,3,Good,2,4,3,4,3.25,Yes,Moderate Risk,10,Mid-Level(6-10),6,4-7 Years,5,0,5,4,2
605,Active Employee,0,No,42,35-45,Male,Married,3,Medical,Research & Development,Manufacturing Director,3,3,Travel Rarely,24,Far (16-30 km),319,56,6950,7406,$6K-<10K,Middle Income,21,1,4,Excellent,4,1,4,2,2.75,Yes,High Risk,10,Mid-Level(6-10),10,8-10 Years,9,5,8,1,5
606,Active Employee,0,No,45,35-45,Male,Married,3,Other,Sales,Sales Executive,2,3,Travel Rarely,2,Near (0-5 km),561,61,16177,4805,$3K-<6K,Lower Middle Income,19,1,3,Good,4,2,2,4,3,No,Low Risk,9,Mid-Level(6-10),8,8-10 Years,7,3,7,0,3
608,Ex-Employee,1,Yes,26,26-35,Female,Divorced,4,Life Sciences,Human Resources,Human Resources,1,3,Travel Frequently,17,Far (16-30 km),426,58,22808,2741,<$3K,Lower Income,11,1,3,Good,2,3,2,2,2.25,Yes,High Risk,8,Mid-Level(6-10),7,4-7 Years,7,1,0,0,2
611,Active Employee,0,No,29,26-35,Male,Divorced,3,Technical Degree,Research & Development,Manufacturing Director,2,3,Travel Rarely,19,Far (16-30 km),232,34,22645,4262,$3K-<6K,Lower Middle Income,12,2,3,Good,4,4,2,4,3.5,No,Low Risk,8,Mid-Level(6-10),3,1-3 Years,2,1,2,4,2
612,Active Employee,0,No,33,26-35,Female,Divorced,5,Medical,Research & Development,Research Director,4,4,Travel Rarely,1,Near (0-5 km),922,95,22578,16184,$15K+,Higher Income,19,1,3,Good,1,3,3,3,2.5,No,Low Risk,10,Mid-Level(6-10),6,4-7 Years,1,0,5,4,2
613,Active Employee,0,No,31,26-35,Male,Divorced,3,Life Sciences,Sales,Manager,3,2,Travel Rarely,7,Moderate (6-15 km),688,44,25291,11557,$10K-<15K,Upper Middle Income,21,1,4,Excellent,3,4,3,2,3,No,Low Risk,10,Mid-Level(6-10),5,4-7 Years,4,0,1,9,3
614,Ex-Employee,1,Yes,18,18-25,Male,Single,3,Marketing,Sales,Sales Representative,1,3,Travel Frequently,5,Near (0-5 km),1306,69,8059,1878,<$3K,Lower Income,14,0,3,Good,2,2,4,3,2.75,Yes,Moderate Risk,0,Fresher(0-2),0,New Joiner,0,0,0,1,3
615,Active Employee,0,No,40,35-45,Male,Divorced,3,Other,Sales,Sales Executive,3,1,Non-Travel,28,Far (16-30 km),1094,58,11373,10932,$10K-<15K,Upper Middle Income,15,1,3,Good,3,1,3,3,2.5,No,Low Risk,20,Senior(11-20),1,1-3 Years,0,0,1,3,2
616,Active Employee,0,No,41,35-45,Female,Single,4,Other,Research & Development,Healthcare Representative,2,2,Non-Travel,2,Near (0-5 km),509,62,2112,6811,$6K-<10K,Middle Income,17,0,3,Good,1,3,1,3,2,Yes,High Risk,10,Mid-Level(6-10),8,8-10 Years,7,0,7,2,3
618,Active Employee,0,No,26,26-35,Male,Divorced,2,Medical,Sales,Sales Executive,2,3,Travel Rarely,29,Far (16-30 km),775,45,4267,4306,$3K-<6K,Lower Middle Income,12,2,3,Good,1,3,1,3,2,No,Low Risk,8,Mid-Level(6-10),0,New Joiner,0,0,0,5,5
620,Active Employee,0,No,35,35-45,Female,Single,3,Medical,Sales,Sales Executive,2,3,Travel Rarely,1,Near (0-5 km),195,80,6698,4859,$3K-<6K,Lower Middle Income,16,0,3,Good,1,3,4,3,2.75,No,Low Risk,5,Junior(3-5),5,4-7 Years,4,0,3,1,3
621,Active Employee,0,No,34,26-35,Male,Single,4,Life Sciences,Sales,Sales Executive,2,4,Travel Rarely,21,Far (16-30 km),258,74,19921,5337,$3K-<6K,Lower Middle Income,12,0,3,Good,4,4,4,3,3.75,No,Low Risk,10,Mid-Level(6-10),10,8-10 Years,7,5,7,1,3
622,Ex-Employee,1,Yes,26,26-35,Male,Single,3,Technical Degree,Research & Development,Laboratory Technician,1,1,Travel Rarely,24,Far (16-30 km),471,66,23213,2340,<$3K,Lower Income,18,0,3,Good,3,4,2,1,2.5,Yes,High Risk,1,Fresher(0-2),1,1-3 Years,0,0,0,1,3
623,Active Employee,0,No,37,35-45,Female,Single,3,Technical Degree,Research & Development,Manufacturing Director,3,3,Travel Rarely,1,Near (0-5 km),799,59,23848,7491,$6K-<10K,Middle Income,17,0,3,Good,2,4,4,4,3.5,No,Low Risk,12,Senior(11-20),6,4-7 Years,5,1,2,4,3
624,Active Employee,0,No,46,46-55,Female,Married,1,Medical,Research & Development,Healthcare Representative,3,3,Travel Frequently,18,Far (16-30 km),1034,86,8984,10527,$10K-<15K,Upper Middle Income,11,0,3,Good,1,3,4,2,2.5,No,Low Risk,28,Expert(20+),2,1-3 Years,2,1,2,5,3
625,Active Employee,0,No,41,35-45,Female,Married,5,Life Sciences,Sales,Manager,4,3,Travel Rarely,2,Near (0-5 km),1276,91,5626,16595,$15K+,Higher Income,16,1,3,Good,2,1,2,3,2,No,Low Risk,22,Expert(20+),18,15+ Years,16,11,8,7,2
626,Active Employee,0,No,37,35-45,Male,Divorced,4,Medical,Sales,Sales Executive,3,3,Non-Travel,9,Moderate (6-15 km),142,69,24666,8834,$6K-<10K,Middle Income,13,1,3,Good,1,2,4,3,2.5,No,Low Risk,9,Mid-Level(6-10),9,8-10 Years,5,7,7,1,6
630,Active Employee,0,No,52,46-55,Male,Divorced,2,Technical Degree,Research & Development,Research Scientist,2,3,Travel Rarely,6,Moderate (6-15 km),956,78,22087,5577,$3K-<6K,Lower Middle Income,12,2,3,Good,4,1,2,3,2.5,Yes,High Risk,18,Senior(11-20),10,8-10 Years,9,6,9,3,3
631,Ex-Employee,1,Yes,32,26-35,Male,Married,4,Other,Sales,Sales Executive,2,4,Non-Travel,11,Moderate (6-15 km),1474,60,23914,4707,$3K-<6K,Lower Middle Income,12,0,3,Good,4,3,4,3,3.5,No,Low Risk,6,Mid-Level(6-10),4,4-7 Years,2,1,2,8,2
632,Active Employee,0,No,24,18-25,Male,Married,3,Medical,Sales,Sales Representative,1,3,Travel Frequently,24,Far (16-30 km),535,38,5530,2400,<$3K,Lower Income,13,2,3,Good,4,4,3,3,3.5,No,Low Risk,3,Junior(3-5),2,1-3 Years,2,2,1,0,3
634,Active Employee,0,No,38,35-45,Female,Married,3,Medical,Research & Development,Healthcare Representative,2,3,Travel Rarely,10,Moderate (6-15 km),1495,76,22174,9824,$6K-<10K,Middle Income,19,1,3,Good,3,3,3,3,3,No,Low Risk,18,Senior(11-20),1,1-3 Years,0,0,0,3,4
635,Active Employee,0,No,37,35-45,Female,Married,4,Life Sciences,Research & Development,Manufacturing Director,2,3,Travel Rarely,1,Near (0-5 km),446,65,15701,6447,$6K-<10K,Middle Income,12,1,3,Good,2,2,2,2,2,No,Low Risk,8,Mid-Level(6-10),6,4-7 Years,5,4,3,6,2
638,Active Employee,0,No,49,46-55,Male,Divorced,4,Life Sciences,Research & Development,Research Director,5,2,Travel Rarely,18,Far (16-30 km),1245,58,2125,19502,$15K+,Higher Income,17,1,3,Good,4,3,3,3,3.25,Yes,High Risk,31,Expert(20+),31,15+ Years,9,0,9,1,5
639,Active Employee,0,No,24,18-25,Male,Married,3,Medical,Research & Development,Research Scientist,1,4,Travel Rarely,23,Far (16-30 km),691,89,21630,2725,<$3K,Lower Income,11,2,3,Good,2,4,2,3,2.75,Yes,High Risk,6,Mid-Level(6-10),6,4-7 Years,5,1,4,1,3
641,Active Employee,0,No,26,26-35,Male,Married,2,Marketing,Sales,Sales Executive,2,3,Travel Rarely,28,Far (16-30 km),703,66,7428,6272,$6K-<10K,Middle Income,20,2,4,Excellent,1,2,4,4,2.75,No,Low Risk,6,Mid-Level(6-10),5,4-7 Years,3,1,4,1,5
643,Active Employee,0,No,24,18-25,Male,Married,2,Other,Research & Development,Laboratory Technician,1,2,Travel Rarely,17,Far (16-30 km),823,94,9100,2127,<$3K,Lower Income,21,1,4,Excellent,4,2,4,3,3.25,No,Low Risk,1,Fresher(0-2),1,1-3 Years,0,0,0,1,2
644,Active Employee,0,No,50,46-55,Male,Married,3,Medical,Human Resources,Manager,5,3,Travel Frequently,3,Near (0-5 km),1246,99,7999,18200,$15K+,Higher Income,11,1,3,Good,1,2,3,3,2.25,No,Low Risk,32,Expert(20+),32,15+ Years,5,10,7,1,2
645,Active Employee,0,No,25,18-25,Male,Married,1,Medical,Sales,Sales Representative,1,3,Travel Rarely,13,Moderate (6-15 km),622,40,26376,2096,<$3K,Lower Income,11,0,3,Good,2,3,3,3,2.75,No,Low Risk,7,Mid-Level(6-10),7,4-7 Years,4,0,6,1,1
647,Ex-Employee,1,Yes,24,18-25,Female,Married,3,Life Sciences,Research & Development,Laboratory Technician,1,3,Travel Frequently,7,Moderate (6-15 km),1287,55,14168,2886,<$3K,Lower Income,16,1,3,Good,1,3,4,3,2.75,Yes,Moderate Risk,6,Mid-Level(6-10),6,4-7 Years,3,1,2,1,4
648,Ex-Employee,1,Yes,30,26-35,Male,Married,4,Life Sciences,Sales,Sales Representative,1,2,Travel Frequently,12,Moderate (6-15 km),448,74,14470,2033,<$3K,Lower Income,18,1,3,Good,2,1,3,4,2.5,No,Low Risk,1,Fresher(0-2),1,1-3 Years,0,0,0,1,2
649,Active Employee,0,No,34,26-35,Male,Married,2,Life Sciences,Research & Development,Research Scientist,1,2,Travel Rarely,1,Near (0-5 km),254,83,22794,3622,$3K-<6K,Lower Middle Income,13,1,3,Good,2,4,4,3,3.25,Yes,Moderate Risk,6,Mid-Level(6-10),6,4-7 Years,5,1,3,1,3
650,Ex-Employee,1,Yes,31,26-35,Male,Divorced,4,Medical,Sales,Sales Executive,2,3,Travel Rarely,13,Moderate (6-15 km),1365,46,11512,4233,$3K-<6K,Lower Middle Income,17,0,3,Good,2,1,3,1,1.75,No,Low Risk,9,Mid-Level(6-10),3,1-3 Years,1,1,2,2,2
652,Active Employee,0,No,35,35-45,Male,Single,2,Other,Research & Development,Laboratory Technician,2,2,Travel Rarely,25,Far (16-30 km),538,54,14004,3681,$3K-<6K,Lower Middle Income,14,0,3,Good,1,4,4,3,3,No,Low Risk,9,Mid-Level(6-10),3,1-3 Years,2,0,2,4,3
653,Active Employee,0,No,31,26-35,Male,Divorced,4,Medical,Sales,Sales Executive,2,4,Travel Rarely,6,Moderate (6-15 km),525,66,6219,5460,$3K-<6K,Lower Middle Income,22,2,4,Excellent,1,4,4,4,3.25,No,Low Risk,13,Senior(11-20),7,4-7 Years,7,5,7,4,4
655,Active Employee,0,No,27,26-35,Female,Divorced,4,Medical,Research & Development,Research Scientist,1,2,Travel Rarely,6,Moderate (6-15 km),798,66,5013,2187,<$3K,Lower Income,12,2,3,Good,1,3,3,2,2.25,No,Low Risk,6,Mid-Level(6-10),5,4-7 Years,3,0,3,0,5
656,Active Employee,0,No,37,35-45,Male,Married,3,Marketing,Sales,Sales Executive,2,3,Travel Rarely,2,Near (0-5 km),558,75,3010,9602,$6K-<10K,Middle Income,11,1,3,Good,4,3,3,2,3,Yes,Moderate Risk,17,Senior(11-20),3,1-3 Years,0,1,0,4,3
657,Active Employee,0,No,20,18-25,Female,Single,3,Life Sciences,Research & Development,Research Scientist,1,2,Travel Rarely,1,Near (0-5 km),959,83,11757,2836,<$3K,Lower Income,13,0,3,Good,4,2,4,4,3.5,No,Low Risk,1,Fresher(0-2),1,1-3 Years,0,0,0,1,0
659,Active Employee,0,No,42,35-45,Female,Married,4,Life Sciences,Research & Development,Healthcare Representative,2,3,Travel Rarely,2,Near (0-5 km),622,81,5718,4089,$3K-<6K,Lower Middle Income,13,2,3,Good,3,4,2,3,3,No,Low Risk,10,Mid-Level(6-10),10,8-10 Years,2,2,2,1,4
661,Active Employee,0,No,43,35-45,Male,Divorced,4,Other,Research & Development,Research Director,4,2,Travel Rarely,6,Moderate (6-15 km),782,50,2671,16627,$15K+,Higher Income,14,1,3,Good,2,4,3,2,2.75,Yes,Moderate Risk,21,Expert(20+),1,1-3 Years,0,0,0,4,3
662,Active Employee,0,No,38,35-45,Female,Single,1,Life Sciences,Research & Development,Research Scientist,1,3,Travel Rarely,1,Near (0-5 km),362,43,14561,2619,<$3K,Lower Income,17,0,3,Good,3,1,4,2,2.5,No,Low Risk,8,Mid-Level(6-10),0,New Joiner,0,0,0,3,3
663,Active Employee,0,No,43,35-45,Male,Divorced,5,Medical,Research & Development,Laboratory Technician,2,3,Travel Frequently,9,Moderate (6-15 km),1001,72,19627,5679,$3K-<6K,Lower Middle Income,13,1,3,Good,4,3,2,3,3,Yes,Moderate Risk,10,Mid-Level(6-10),8,8-10 Years,7,4,7,3,3
664,Active Employee,0,No,48,46-55,Female,Married,4,Life Sciences,Research & Development,Manager,4,2,Travel Rarely,1,Near (0-5 km),1236,40,17997,15402,$15K+,Higher Income,11,1,3,Good,4,1,1,1,1.75,No,Low Risk,21,Expert(20+),3,1-3 Years,2,0,2,7,3
665,Active Employee,0,No,44,35-45,Female,Single,4,Life Sciences,Human Resources,Human Resources,2,2,Travel Rarely,1,Near (0-5 km),1112,50,26894,5985,$3K-<6K,Lower Middle Income,11,0,3,Good,1,3,2,4,2.5,No,Low Risk,10,Mid-Level(6-10),2,1-3 Years,2,0,2,4,1
666,Active Employee,0,No,34,26-35,Female,Divorced,3,Technical Degree,Sales,Sales Representative,1,3,Travel Rarely,14,Moderate (6-15 km),204,31,2912,2579,<$3K,Lower Income,18,2,3,Good,3,3,4,3,3.25,Yes,Moderate Risk,8,Mid-Level(6-10),8,8-10 Years,2,0,6,1,3
667,Ex-Employee,1,Yes,27,26-35,Male,Divorced,1,Marketing,Sales,Sales Representative,1,3,Travel Rarely,2,Near (0-5 km),1420,85,16346,3041,$3K-<6K,Lower Middle Income,11,1,3,Good,3,1,2,3,2.25,No,Low Risk,5,Junior(3-5),4,4-7 Years,3,0,2,0,3
669,Active Employee,0,No,21,18-25,Male,Single,1,Technical Degree,Sales,Sales Representative,1,3,Travel Rarely,22,Far (16-30 km),1343,49,24444,3447,$3K-<6K,Lower Middle Income,11,0,3,Good,3,3,3,3,3,No,Low Risk,3,Junior(3-5),3,1-3 Years,2,1,2,1,2
671,Active Employee,0,No,44,35-45,Male,Married,4,Other,Research & Development,Manager,5,3,Travel Rarely,3,Near (0-5 km),1315,35,9358,19513,$15K+,Higher Income,12,1,3,Good,4,4,1,4,3.25,Yes,Moderate Risk,26,Expert(20+),2,1-3 Years,2,0,1,4,2
675,Active Employee,0,No,22,18-25,Male,Married,1,Medical,Research & Development,Research Scientist,1,3,Travel Rarely,6,Moderate (6-15 km),604,69,12145,2773,<$3K,Lower Income,20,0,4,Excellent,1,3,4,3,2.75,No,Low Risk,3,Junior(3-5),2,1-3 Years,2,2,2,0,3
677,Active Employee,0,No,33,26-35,Male,Divorced,4,Marketing,Sales,Sales Executive,2,3,Travel Rarely,8,Moderate (6-15 km),1216,39,20431,7104,$6K-<10K,Middle Income,12,0,3,Good,3,3,4,3,3.25,No,Low Risk,6,Mid-Level(6-10),5,4-7 Years,0,1,2,0,3
679,Active Employee,0,No,32,26-35,Female,Married,4,Life Sciences,Research & Development,Research Scientist,2,3,Travel Rarely,9,Moderate (6-15 km),646,92,18089,6322,$6K-<10K,Middle Income,12,1,3,Good,1,4,4,2,2.75,Yes,Moderate Risk,6,Mid-Level(6-10),6,4-7 Years,4,0,5,1,2
680,Active Employee,0,No,30,26-35,Female,Divorced,3,Medical,Research & Development,Research Scientist,1,3,Travel Frequently,3,Near (0-5 km),160,71,22653,2083,<$3K,Lower Income,20,1,4,Excellent,3,3,3,3,3,No,Low Risk,1,Fresher(0-2),1,1-3 Years,0,0,0,1,2
682,Active Employee,0,No,53,46-55,Female,Single,1,Medical,Sales,Sales Executive,2,3,Travel Rarely,1,Near (0-5 km),238,34,7507,8381,$6K-<10K,Middle Income,20,0,4,Excellent,4,1,4,4,3.25,No,Low Risk,18,Senior(11-20),14,10-15 Years,7,8,10,7,2
683,Active Employee,0,No,34,26-35,Male,Married,5,Life Sciences,Research & Development,Research Scientist,1,3,Travel Rarely,1,Near (0-5 km),1397,42,7660,2691,<$3K,Lower Income,12,1,3,Good,2,4,4,2,3,No,Low Risk,10,Mid-Level(6-10),10,8-10 Years,9,8,8,1,4
684,Ex-Employee,1,Yes,45,35-45,Female,Married,4,Life Sciences,Sales,Sales Executive,2,3,Travel Frequently,26,Far (16-30 km),306,100,5630,4286,$3K-<6K,Lower Middle Income,14,2,3,Good,1,1,4,3,2.25,No,Low Risk,5,Junior(3-5),1,1-3 Years,1,0,0,2,4
686,Active Employee,0,No,26,26-35,Female,Married,3,Life Sciences,Research & Development,Laboratory Technician,1,3,Travel Rarely,6,Moderate (6-15 km),991,71,17759,2659,<$3K,Lower Income,13,1,3,Good,3,4,3,3,3.25,Yes,Moderate Risk,3,Junior(3-5),3,1-3 Years,2,0,2,1,2
689,Active Employee,0,No,37,35-45,Male,Married,3,Other,Research & Development,Manufacturing Director,3,3,Travel Rarely,3,Near (0-5 km),482,36,9606,9434,$6K-<10K,Middle Income,15,1,3,Good,3,3,3,3,3,No,Low Risk,10,Mid-Level(6-10),10,8-10 Years,7,7,8,1,2
690,Active Employee,0,No,29,26-35,Female,Married,2,Medical,Sales,Sales Executive,2,3,Travel Rarely,3,Near (0-5 km),1176,62,3487,5561,$3K-<6K,Lower Middle Income,14,1,3,Good,2,3,1,2,2,No,Low Risk,6,Mid-Level(6-10),6,4-7 Years,0,1,2,1,5
691,Active Employee,0,No,35,35-45,Male,Single,4,Life Sciences,Research & Development,Research Scientist,2,1,Travel Rarely,6,Moderate (6-15 km),1017,82,19368,6646,$6K-<10K,Middle Income,13,0,3,Good,2,4,2,3,2.75,No,Low Risk,17,Senior(11-20),17,15+ Years,11,11,8,1,3
692,Active Employee,0,No,33,26-35,Male,Divorced,3,Life Sciences,Research & Development,Healthcare Representative,2,3,Travel Frequently,6,Moderate (6-15 km),1296,30,5335,7725,$6K-<10K,Middle Income,23,1,4,Excellent,3,4,3,1,2.75,No,Low Risk,15,Senior(11-20),13,10-15 Years,11,4,7,3,2
698,Active Employee,0,No,54,46-55,Male,Married,4,Medical,Human Resources,Human Resources,3,3,Travel Rarely,19,Far (16-30 km),397,88,6729,10725,$10K-<15K,Upper Middle Income,15,1,3,Good,3,2,3,4,3,No,Low Risk,16,Senior(11-20),9,8-10 Years,7,7,1,2,1
699,Active Employee,0,No,36,35-45,Male,Divorced,2,Medical,Research & Development,Manufacturing Director,2,2,Travel Rarely,9,Moderate (6-15 km),913,48,13934,8847,$6K-<10K,Middle Income,11,1,3,Good,2,2,3,3,2.5,Yes,Moderate Risk,13,Senior(11-20),3,1-3 Years,2,0,2,2,2
700,Active Employee,0,No,27,26-35,Male,Single,4,Medical,Research & Development,Research Scientist,1,2,Travel Rarely,3,Near (0-5 km),1115,54,15174,2045,<$3K,Lower Income,13,0,3,Good,1,4,4,3,3,No,Low Risk,5,Junior(3-5),4,4-7 Years,2,1,1,0,0
701,Ex-Employee,1,Yes,20,18-25,Male,Single,1,Medical,Research & Development,Research Scientist,1,3,Travel Rarely,10,Moderate (6-15 km),1362,32,26999,1009,<$3K,Lower Income,11,0,3,Good,4,3,4,3,3.5,Yes,Moderate Risk,1,Fresher(0-2),1,1-3 Years,0,1,1,1,5
702,Ex-Employee,1,Yes,33,26-35,Male,Single,3,Life Sciences,Research & Development,Research Scientist,1,3,Travel Frequently,3,Near (0-5 km),1076,70,3164,3348,$3K-<6K,Lower Middle Income,11,0,3,Good,1,1,1,3,1.5,Yes,High Risk,10,Mid-Level(6-10),10,8-10 Years,8,9,7,1,3
704,Active Employee,0,No,35,35-45,Male,Married,3,Life Sciences,Research & Development,Laboratory Technician,1,2,Non-Travel,3,Near (0-5 km),727,41,16900,1281,<$3K,Lower Income,18,2,3,Good,3,3,3,3,3,No,Low Risk,1,Fresher(0-2),1,1-3 Years,0,0,0,1,3
705,Active Employee,0,No,23,18-25,Male,Married,3,Medical,Research & Development,Research Scientist,1,4,Travel Rarely,4,Near (0-5 km),885,58,8544,2819,<$3K,Lower Income,16,1,3,Good,1,1,1,4,1.75,No,Low Risk,5,Junior(3-5),3,1-3 Years,2,0,2,2,3
707,Active Employee,0,No,25,18-25,Male,Married,3,Life Sciences,Sales,Sales Executive,2,4,Travel Rarely,8,Moderate (6-15 km),810,57,15678,4851,$3K-<6K,Lower Middle Income,22,1,4,Excellent,4,2,3,3,3,No,Low Risk,4,Junior(3-5),3,1-3 Years,2,1,2,0,4
709,Active Employee,0,No,38,35-45,Female,Single,4,Marketing,Sales,Sales Executive,2,2,Travel Rarely,7,Moderate (6-15 km),243,46,7791,4028,$3K-<6K,Lower Middle Income,20,0,4,Excellent,4,4,1,3,3,No,Low Risk,8,Mid-Level(6-10),7,4-7 Years,7,0,5,0,2
710,Active Employee,0,No,29,26-35,Male,Divorced,4,Life Sciences,Research & Development,Research Scientist,1,1,Travel Frequently,1,Near (0-5 km),806,76,18959,2720,<$3K,Lower Income,18,1,3,Good,2,4,4,3,3.25,No,Low Risk,10,Mid-Level(6-10),10,8-10 Years,7,2,8,1,5
712,Active Employee,0,No,48,46-55,Male,Married,1,Marketing,Sales,Sales Executive,2,4,Travel Rarely,2,Near (0-5 km),817,56,18597,8120,$6K-<10K,Middle Income,12,0,3,Good,2,2,4,3,2.75,No,Low Risk,12,Senior(11-20),2,1-3 Years,2,2,2,3,3
714,Active Employee,0,No,27,26-35,Female,Divorced,1,Medical,Sales,Sales Executive,2,4,Travel Frequently,3,Near (0-5 km),1410,71,16673,4647,$3K-<6K,Lower Middle Income,20,2,4,Excellent,4,4,2,3,3.25,Yes,Moderate Risk,6,Mid-Level(6-10),6,4-7 Years,5,0,4,1,3
715,Active Employee,0,No,37,35-45,Male,Single,2,Life Sciences,Research & Development,Research Scientist,1,4,Travel Rarely,10,Moderate (6-15 km),1225,80,15232,4680,$3K-<6K,Lower Middle Income,17,0,3,Good,4,4,1,3,3,No,Low Risk,4,Junior(3-5),1,1-3 Years,0,0,0,3,2
716,Active Employee,0,No,50,46-55,Male,Married,1,Medical,Research & Development,Laboratory Technician,1,4,Travel Rarely,28,Far (16-30 km),1207,74,3297,3221,$3K-<6K,Lower Middle Income,11,3,3,Good,4,3,3,3,3.25,Yes,High Risk,20,Senior(11-20),20,15+ Years,8,3,8,1,3
717,Active Employee,0,No,34,26-35,Female,Single,3,Medical,Research & Development,Healthcare Representative,3,2,Travel Rarely,9,Moderate (6-15 km),1442,46,17654,8621,$6K-<10K,Middle Income,14,0,3,Good,4,2,2,4,3,No,Low Risk,9,Mid-Level(6-10),8,8-10 Years,7,7,7,1,3
720,Ex-Employee,1,Yes,24,18-25,Female,Single,2,Life Sciences,Sales,Sales Executive,2,3,Travel Rarely,3,Near (0-5 km),693,65,24785,4577,$3K-<6K,Lower Middle Income,14,0,3,Good,1,3,1,3,2,No,Low Risk,4,Junior(3-5),2,1-3 Years,2,2,0,9,3
721,Active Employee,0,No,39,35-45,Female,Single,4,Technical Degree,Research & Development,Healthcare Representative,2,2,Travel Rarely,2,Near (0-5 km),408,80,20978,4553,$3K-<6K,Lower Middle Income,11,0,3,Good,4,3,1,3,2.75,No,Low Risk,20,Senior(11-20),20,15+ Years,7,11,10,1,4
722,Active Employee,0,No,32,26-35,Male,Single,3,Marketing,Sales,Sales Executive,2,3,Travel Rarely,10,Moderate (6-15 km),929,55,21703,5396,$3K-<6K,Lower Middle Income,12,0,3,Good,4,4,4,2,3.5,No,Low Risk,10,Mid-Level(6-10),10,8-10 Years,7,0,8,1,2
723,Ex-Employee,1,Yes,50,46-55,Male,Married,2,Technical Degree,Sales,Sales Executive,2,3,Travel Frequently,8,Moderate (6-15 km),562,50,23452,6796,$6K-<10K,Middle Income,14,1,3,Good,2,3,1,3,2.25,Yes,Moderate Risk,18,Senior(11-20),4,4-7 Years,3,1,3,3,4
724,Active Employee,0,No,38,35-45,Female,Single,4,Life Sciences,Research & Development,Healthcare Representative,2,4,Travel Rarely,1,Near (0-5 km),827,33,19383,7625,$6K-<10K,Middle Income,13,0,3,Good,2,4,3,2,2.75,No,Low Risk,10,Mid-Level(6-10),9,8-10 Years,7,1,8,0,4
725,Active Employee,0,No,27,26-35,Female,Married,2,Life Sciences,Research & Development,Manufacturing Director,3,3,Travel Rarely,1,Near (0-5 km),608,68,6009,7412,$6K-<10K,Middle Income,11,0,3,Good,3,1,4,3,2.75,No,Low Risk,9,Mid-Level(6-10),9,8-10 Years,7,0,7,1,3
727,Active Employee,0,No,32,26-35,Female,Single,2,Life Sciences,Research & Development,Research Director,3,3,Travel Rarely,3,Near (0-5 km),1018,39,19373,11159,$10K-<15K,Upper Middle Income,15,0,3,Good,3,4,4,3,3.5,No,Low Risk,10,Mid-Level(6-10),7,4-7 Years,7,7,7,3,6
728,Active Employee,0,No,47,46-55,Male,Single,4,Marketing,Sales,Sales Executive,2,3,Travel Rarely,14,Moderate (6-15 km),703,42,11825,4960,$3K-<6K,Lower Middle Income,12,0,3,Good,4,1,4,3,3,No,Low Risk,20,Senior(11-20),7,4-7 Years,7,1,7,2,2
729,Active Employee,0,No,40,35-45,Male,Married,4,Life Sciences,Sales,Sales Executive,3,2,Travel Frequently,5,Near (0-5 km),580,48,23772,10475,$10K-<15K,Upper Middle Income,21,1,4,Excellent,4,1,3,3,2.75,Yes,Moderate Risk,20,Senior(11-20),18,15+ Years,13,1,12,5,2
730,Active Employee,0,No,53,46-55,Male,Married,3,Life Sciences,Research & Development,Research Director,4,4,Travel Rarely,7,Moderate (6-15 km),970,59,13514,14814,$10K-<15K,Upper Middle Income,19,0,3,Good,3,3,3,3,3,No,Low Risk,32,Expert(20+),5,4-7 Years,1,1,3,3,3
731,Active Employee,0,No,41,35-45,Male,Divorced,4,Human Resources,Human Resources,Manager,5,2,Travel Rarely,10,Moderate (6-15 km),427,73,8861,19141,$15K+,Higher Income,15,3,3,Good,2,4,2,2,2.5,No,Low Risk,23,Expert(20+),21,15+ Years,6,12,6,3,2
732,Active Employee,0,No,60,56+,Male,Single,4,Marketing,Sales,Sales Executive,2,3,Travel Rarely,16,Far (16-30 km),1179,84,11924,5405,$3K-<6K,Lower Middle Income,14,0,3,Good,1,1,4,3,2.25,No,Low Risk,10,Mid-Level(6-10),2,1-3 Years,2,2,2,8,1
733,Active Employee,0,No,27,26-35,Male,Divorced,2,Life Sciences,Research & Development,Manufacturing Director,3,3,Travel Frequently,10,Moderate (6-15 km),294,32,4809,8793,$6K-<10K,Middle Income,21,2,4,Excellent,4,1,3,2,2.5,No,Low Risk,9,Mid-Level(6-10),9,8-10 Years,7,1,7,1,4
734,Active Employee,0,No,41,35-45,Male,Married,3,Human Resources,Human Resources,Manager,5,2,Travel Rarely,1,Near (0-5 km),314,59,19562,19189,$15K+,Higher Income,12,1,3,Good,4,3,2,3,3,No,Low Risk,22,Expert(20+),22,15+ Years,7,2,10,1,3
738,Active Employee,0,No,50,46-55,Male,Married,4,Marketing,Sales,Sales Representative,1,3,Travel Rarely,8,Moderate (6-15 km),316,54,9983,3875,$3K-<6K,Lower Middle Income,15,1,3,Good,4,2,4,3,3.25,No,Low Risk,4,Junior(3-5),2,1-3 Years,2,2,2,7,2
741,Ex-Employee,1,Yes,28,26-35,Female,Single,2,Life Sciences,Research & Development,Research Scientist,1,1,Travel Rarely,1,Near (0-5 km),654,67,3872,2216,<$3K,Lower Income,13,0,3,Good,1,2,4,3,2.5,Yes,Moderate Risk,10,Mid-Level(6-10),7,4-7 Years,7,3,7,7,4
742,Active Employee,0,No,36,35-45,Female,Married,3,Life Sciences,Research & Development,Research Director,3,4,Non-Travel,8,Moderate (6-15 km),427,63,20335,11713,$10K-<15K,Upper Middle Income,14,1,3,Good,1,1,1,3,1.5,No,Low Risk,10,Mid-Level(6-10),8,8-10 Years,7,0,5,9,2
743,Active Employee,0,No,38,35-45,Female,Single,3,Life Sciences,Research & Development,Manufacturing Director,3,3,Travel Rarely,1,Near (0-5 km),168,81,15397,7861,$6K-<10K,Middle Income,14,0,3,Good,3,3,4,4,3.5,Yes,Moderate Risk,10,Mid-Level(6-10),1,1-3 Years,0,0,0,4,4
744,Active Employee,0,No,44,35-45,Male,Single,3,Medical,Research & Development,Laboratory Technician,1,1,Non-Travel,24,Far (16-30 km),381,49,2104,3708,$3K-<6K,Lower Middle Income,14,0,3,Good,1,3,3,3,2.5,No,Low Risk,9,Mid-Level(6-10),5,4-7 Years,2,1,4,2,5
746,Active Employee,0,No,47,46-55,Female,Divorced,3,Medical,Sales,Sales Executive,4,3,Travel Frequently,3,Near (0-5 km),217,49,10225,13770,$10K-<15K,Upper Middle Income,12,2,3,Good,4,3,4,2,3.25,Yes,High Risk,28,Expert(20+),22,15+ Years,2,11,13,9,2
747,Active Employee,0,No,30,26-35,Male,Divorced,5,Marketing,Sales,Sales Executive,2,3,Travel Rarely,27,Far (16-30 km),501,99,25275,5304,$3K-<6K,Lower Middle Income,23,1,4,Excellent,3,4,4,2,3.25,No,Low Risk,10,Mid-Level(6-10),8,8-10 Years,7,7,7,7,2
749,Active Employee,0,No,29,26-35,Male,Single,3,Life Sciences,Sales,Sales Representative,1,3,Travel Rarely,10,Moderate (6-15 km),1396,99,2755,2642,<$3K,Lower Income,11,0,3,Good,3,3,3,3,3,No,Low Risk,1,Fresher(0-2),1,1-3 Years,0,0,0,1,6
752,Ex-Employee,1,Yes,42,35-45,Male,Divorced,3,Medical,Research & Development,Research Scientist,1,4,Travel Frequently,19,Far (16-30 km),933,57,20366,2759,<$3K,Lower Income,12,0,3,Good,3,3,4,3,3.25,Yes,High Risk,7,Mid-Level(6-10),2,1-3 Years,2,2,2,6,2
754,Active Employee,0,No,43,35-45,Male,Married,3,Life Sciences,Sales,Sales Executive,2,2,Travel Frequently,15,Moderate (6-15 km),775,47,23683,6804,$6K-<10K,Middle Income,18,1,3,Good,4,4,3,3,3.5,No,Low Risk,7,Mid-Level(6-10),2,1-3 Years,2,2,2,3,5
757,Active Employee,0,No,34,26-35,Female,Single,2,Medical,Research & Development,Healthcare Representative,2,3,Travel Rarely,8,Moderate (6-15 km),970,96,7360,6142,$6K-<10K,Middle Income,11,0,3,Good,2,3,4,3,3,No,Low Risk,10,Mid-Level(6-10),5,4-7 Years,1,4,3,3,2
758,Active Employee,0,No,23,18-25,Male,Married,1,Medical,Research & Development,Laboratory Technician,1,3,Travel Rarely,9,Moderate (6-15 km),650,37,4344,2500,<$3K,Lower Income,14,1,3,Good,2,1,4,4,2.75,No,Low Risk,5,Junior(3-5),4,4-7 Years,3,0,2,1,2
760,Active Employee,0,No,39,35-45,Female,Married,3,Human Resources,Human Resources,Human Resources,2,4,Travel Rarely,3,Near (0-5 km),141,44,18767,6389,$6K-<10K,Middle Income,15,1,3,Good,3,2,3,1,2.25,No,Low Risk,12,Senior(11-20),8,8-10 Years,3,3,6,9,3
762,Active Employee,0,No,56,56+,Male,Married,3,Medical,Research & Development,Healthcare Representative,4,3,Travel Rarely,9,Moderate (6-15 km),832,81,20420,11103,$10K-<15K,Upper Middle Income,11,0,3,Good,3,4,3,2,3,No,Low Risk,30,Expert(20+),10,8-10 Years,7,1,1,7,1
763,Active Employee,0,No,40,35-45,Female,Single,1,Medical,Research & Development,Research Scientist,1,2,Travel Rarely,2,Near (0-5 km),804,86,22929,2342,<$3K,Lower Income,20,0,4,Excellent,4,4,4,2,3.5,Yes,Moderate Risk,5,Junior(3-5),4,4-7 Years,2,2,3,0,2
764,Active Employee,0,No,27,26-35,Female,Single,3,Medical,Research & Development,Healthcare Representative,2,2,Travel Rarely,7,Moderate (6-15 km),975,55,23398,6811,$6K-<10K,Middle Income,19,0,3,Good,4,1,1,1,1.75,No,Low Risk,9,Mid-Level(6-10),7,4-7 Years,6,0,7,8,2
766,Active Employee,0,No,29,26-35,Male,Divorced,3,Marketing,Sales,Sales Representative,1,3,Travel Rarely,10,Moderate (6-15 km),1090,83,17967,2297,<$3K,Lower Income,14,2,3,Good,4,2,4,3,3.25,No,Low Risk,2,Fresher(0-2),2,1-3 Years,2,2,2,1,2
769,Active Employee,0,No,53,46-55,Male,Single,3,Life Sciences,Research & Development,Laboratory Technician,2,3,Travel Rarely,6,Moderate (6-15 km),346,86,10919,2450,<$3K,Lower Income,17,0,3,Good,4,4,4,3,3.75,No,Low Risk,19,Senior(11-20),2,1-3 Years,2,2,2,2,4
771,Active Employee,0,No,35,35-45,Female,Divorced,4,Life Sciences,Research & Development,Healthcare Representative,2,3,Non-Travel,2,Near (0-5 km),1225,61,4761,5093,$3K-<6K,Lower Middle Income,11,1,3,Good,4,1,1,4,2.5,No,Low Risk,16,Senior(11-20),1,1-3 Years,0,0,0,2,2
772,Active Employee,0,No,32,26-35,Male,Married,4,Life Sciences,Research & Development,Laboratory Technician,2,3,Travel Frequently,24,Far (16-30 km),430,80,21146,5309,$3K-<6K,Lower Middle Income,15,2,3,Good,1,4,4,3,3,No,Low Risk,10,Mid-Level(6-10),10,8-10 Years,8,4,7,1,2
773,Active Employee,0,No,38,35-45,Male,Married,5,Medical,Research & Development,Research Scientist,1,3,Travel Rarely,2,Near (0-5 km),268,92,20471,3057,$3K-<6K,Lower Middle Income,13,1,3,Good,4,3,2,1,2.5,Yes,Moderate Risk,6,Mid-Level(6-10),1,1-3 Years,0,0,1,6,0
775,Active Employee,0,No,34,26-35,Female,Divorced,5,Life Sciences,Research & Development,Manufacturing Director,2,3,Travel Rarely,8,Moderate (6-15 km),167,32,4187,5121,$3K-<6K,Lower Middle Income,14,1,3,Good,2,1,3,3,2.25,No,Low Risk,7,Mid-Level(6-10),0,New Joiner,0,0,0,3,3
776,Active Employee,0,No,52,46-55,Male,Married,4,Marketing,Sales,Manager,4,2,Travel Rarely,3,Near (0-5 km),621,31,10084,16856,$15K+,Higher Income,11,0,3,Good,3,1,1,4,2.25,No,Low Risk,34,Expert(20+),34,15+ Years,6,1,16,1,3
780,Ex-Employee,1,Yes,33,26-35,Male,Single,4,Other,Research & Development,Research Scientist,1,3,Travel Rarely,1,Near (0-5 km),527,63,5207,2686,<$3K,Lower Income,13,0,3,Good,4,4,3,2,3.25,Yes,High Risk,10,Mid-Level(6-10),10,8-10 Years,9,7,8,1,2
781,Active Employee,0,No,25,18-25,Female,Single,1,Medical,Sales,Sales Executive,2,3,Travel Rarely,26,Far (16-30 km),883,32,22807,6180,$6K-<10K,Middle Income,23,0,4,Excellent,3,4,2,2,2.75,No,Low Risk,6,Mid-Level(6-10),6,4-7 Years,5,1,4,1,5
783,Active Employee,0,No,45,35-45,Male,Single,2,Technical Degree,Sales,Sales Representative,2,1,Travel Rarely,2,Near (0-5 km),954,46,12388,6632,$6K-<10K,Middle Income,13,0,3,Good,2,3,1,3,2.25,No,Low Risk,9,Mid-Level(6-10),8,8-10 Years,7,3,1,0,3
784,Active Employee,0,No,23,18-25,Male,Single,1,Medical,Research & Development,Research Scientist,1,4,Travel Rarely,10,Moderate (6-15 km),310,79,19630,3505,$3K-<6K,Lower Middle Income,18,0,3,Good,1,3,4,3,2.75,No,Low Risk,2,Fresher(0-2),2,1-3 Years,2,0,2,1,3
785,Ex-Employee,1,Yes,47,46-55,Female,Single,2,Life Sciences,Sales,Sales Executive,2,4,Travel Frequently,27,Far (16-30 km),719,77,10339,6397,$6K-<10K,Middle Income,12,0,3,Good,2,3,4,3,3,Yes,High Risk,8,Mid-Level(6-10),5,4-7 Years,4,1,3,4,2
786,Active Employee,0,No,34,26-35,Male,Single,3,Other,Sales,Sales Executive,2,3,Travel Rarely,2,Near (0-5 km),304,60,18686,6274,$6K-<10K,Middle Income,22,0,4,Excellent,4,4,3,3,3.5,No,Low Risk,6,Mid-Level(6-10),6,4-7 Years,5,1,4,1,5
787,Ex-Employee,1,Yes,55,46-55,Male,Married,3,Medical,Research & Development,Manager,5,3,Travel Rarely,2,Near (0-5 km),725,78,21199,19859,$15K+,Higher Income,13,1,3,Good,4,1,4,3,3,Yes,Moderate Risk,24,Expert(20+),5,4-7 Years,2,1,4,5,2
789,Active Employee,0,No,36,35-45,Male,Single,4,Life Sciences,Sales,Sales Executive,3,2,Non-Travel,8,Moderate (6-15 km),1434,76,14229,7587,$6K-<10K,Middle Income,15,0,3,Good,1,1,2,3,1.75,No,Low Risk,10,Mid-Level(6-10),10,8-10 Years,7,0,9,1,1
791,Active Employee,0,No,52,46-55,Male,Married,4,Medical,Research & Development,Research Scientist,1,3,Non-Travel,19,Far (16-30 km),715,41,26589,4258,$3K-<6K,Lower Middle Income,18,1,3,Good,4,4,1,3,3,No,Low Risk,5,Junior(3-5),4,4-7 Years,3,1,2,0,3
792,Active Employee,0,No,26,26-35,Female,Divorced,2,Life Sciences,Research & Development,Laboratory Technician,1,1,Travel Frequently,1,Near (0-5 km),575,71,5288,4364,$3K-<6K,Lower Middle Income,14,1,3,Good,1,4,1,3,2.25,No,Low Risk,5,Junior(3-5),2,1-3 Years,2,2,0,3,2
793,Active Employee,0,No,29,26-35,Female,Married,3,Medical,Research & Development,Healthcare Representative,2,3,Travel Rarely,27,Far (16-30 km),657,66,25549,4335,$3K-<6K,Lower Middle Income,12,1,3,Good,2,3,1,2,2,No,Low Risk,11,Senior(11-20),8,8-10 Years,7,1,1,4,3
796,Ex-Employee,1,Yes,26,26-35,Male,Single,3,Technical Degree,Sales,Sales Executive,2,2,Travel Rarely,8,Moderate (6-15 km),1146,38,3064,5326,$3K-<6K,Lower Middle Income,17,0,3,Good,4,1,3,2,2.5,No,Low Risk,6,Mid-Level(6-10),4,4-7 Years,3,1,2,6,2
797,Active Employee,0,No,34,26-35,Female,Single,4,Life Sciences,Research & Development,Research Scientist,1,4,Travel Rarely,1,Near (0-5 km),182,72,13551,3280,$3K-<6K,Lower Middle Income,16,0,3,Good,2,4,3,3,3,No,Low Risk,10,Mid-Level(6-10),4,4-7 Years,2,1,3,2,2
799,Active Employee,0,No,54,46-55,Female,Divorced,4,Medical,Research & Development,Manufacturing Director,2,3,Travel Rarely,19,Far (16-30 km),376,95,22670,5485,$3K-<6K,Lower Middle Income,11,2,3,Good,4,1,2,3,2.5,Yes,High Risk,9,Mid-Level(6-10),5,4-7 Years,3,1,4,9,4
800,Active Employee,0,No,27,26-35,Male,Married,1,Marketing,Sales,Sales Executive,2,3,Travel Frequently,8,Moderate (6-15 km),829,84,24008,4342,$3K-<6K,Lower Middle Income,19,1,3,Good,3,4,2,3,3,No,Low Risk,5,Junior(3-5),4,4-7 Years,2,1,1,0,3
802,Active Employee,0,No,37,35-45,Female,Divorced,1,Life Sciences,Research & Development,Research Scientist,1,3,Travel Rarely,10,Moderate (6-15 km),571,82,19905,2782,<$3K,Lower Income,13,2,3,Good,4,1,2,2,2.25,Yes,Moderate Risk,6,Mid-Level(6-10),5,4-7 Years,3,4,3,0,3
803,Active Employee,0,No,38,35-45,Female,Single,4,Life Sciences,Research & Development,Manufacturing Director,2,4,Travel Frequently,2,Near (0-5 km),240,75,26085,5980,$3K-<6K,Lower Middle Income,12,0,3,Good,1,1,4,3,2.25,Yes,Moderate Risk,17,Senior(11-20),15,10-15 Years,7,4,12,6,2
804,Active Employee,0,No,34,26-35,Female,Single,4,Medical,Research & Development,Research Scientist,1,2,Travel Rarely,2,Near (0-5 km),121,86,7530,4381,$3K-<6K,Lower Middle Income,11,0,3,Good,3,1,3,3,2.5,No,Low Risk,6,Mid-Level(6-10),6,4-7 Years,5,1,3,1,3
805,Active Employee,0,No,35,35-45,Female,Married,4,Life Sciences,Sales,Sales Representative,1,3,Travel Rarely,8,Moderate (6-15 km),384,72,20317,2572,<$3K,Lower Income,16,1,3,Good,1,4,2,2,2.25,No,Low Risk,3,Junior(3-5),3,1-3 Years,2,0,2,1,1
806,Active Employee,0,No,30,26-35,Male,Married,3,Life Sciences,Research & Development,Laboratory Technician,1,1,Travel Rarely,1,Near (0-5 km),921,38,24375,3833,$3K-<6K,Lower Middle Income,21,2,4,Excellent,4,3,3,3,3.25,No,Low Risk,7,Mid-Level(6-10),2,1-3 Years,2,0,2,3,2
807,Active Employee,0,No,40,35-45,Female,Married,2,Medical,Research & Development,Healthcare Representative,2,4,Travel Frequently,2,Near (0-5 km),791,38,9931,4244,$3K-<6K,Lower Middle Income,24,1,4,Excellent,3,2,4,3,3,No,Low Risk,8,Mid-Level(6-10),8,8-10 Years,7,3,7,1,2
808,Active Employee,0,No,34,26-35,Female,Married,2,Life Sciences,Sales,Sales Executive,2,3,Travel Rarely,8,Moderate (6-15 km),1111,93,13305,6500,$6K-<10K,Middle Income,17,1,3,Good,3,1,2,3,2.25,No,Low Risk,6,Mid-Level(6-10),3,1-3 Years,2,1,2,5,1
809,Active Employee,0,No,42,35-45,Male,Divorced,3,Life Sciences,Research & Development,Manager,5,3,Travel Frequently,8,Moderate (6-15 km),570,66,16225,18430,$15K+,Higher Income,13,1,3,Good,2,4,2,2,2.5,No,Low Risk,24,Expert(20+),24,15+ Years,7,14,9,1,4
811,Ex-Employee,1,Yes,23,18-25,Male,Married,3,Life Sciences,Research & Development,Laboratory Technician,1,4,Travel Rarely,6,Moderate (6-15 km),1243,63,3445,1601,<$3K,Lower Income,21,2,4,Excellent,3,1,3,3,2.5,Yes,Moderate Risk,1,Fresher(0-2),0,New Joiner,0,0,0,1,2
812,Active Employee,0,No,24,18-25,Male,Divorced,3,Life Sciences,Research & Development,Laboratory Technician,1,2,Non-Travel,9,Moderate (6-15 km),1092,60,26551,2694,<$3K,Lower Income,11,3,3,Good,3,2,3,3,2.75,No,Low Risk,1,Fresher(0-2),1,1-3 Years,0,0,0,1,4
813,Active Employee,0,No,52,46-55,Female,Married,4,Life Sciences,Research & Development,Laboratory Technician,2,3,Travel Rarely,11,Moderate (6-15 km),1325,82,21821,3149,$3K-<6K,Lower Middle Income,20,1,4,Excellent,4,3,2,3,3,No,Low Risk,9,Mid-Level(6-10),5,4-7 Years,2,1,4,8,3
815,Active Employee,0,No,50,46-55,Male,Married,3,Medical,Research & Development,Research Director,4,3,Travel Rarely,2,Near (0-5 km),691,64,6881,17639,$15K+,Higher Income,16,0,3,Good,3,3,4,3,3.25,No,Low Risk,30,Expert(20+),4,4-7 Years,3,0,3,5,3
816,Ex-Employee,1,Yes,29,26-35,Female,Married,2,Life Sciences,Research & Development,Laboratory Technician,1,2,Travel Rarely,1,Near (0-5 km),805,36,6689,2319,<$3K,Lower Income,11,1,3,Good,2,1,4,3,2.5,Yes,Moderate Risk,1,Fresher(0-2),1,1-3 Years,0,0,0,1,1
817,Active Employee,0,No,33,26-35,Male,Married,3,Medical,Research & Development,Research Director,3,3,Travel Rarely,7,Moderate (6-15 km),213,49,25995,11691,$10K-<15K,Upper Middle Income,11,0,3,Good,3,3,4,4,3.5,No,Low Risk,14,Senior(11-20),13,10-15 Years,9,3,7,0,3
819,Ex-Employee,1,Yes,33,26-35,Female,Single,3,Marketing,Sales,Sales Executive,2,3,Travel Rarely,16,Far (16-30 km),118,69,26507,5324,$3K-<6K,Lower Middle Income,15,0,3,Good,1,1,3,3,2,No,Low Risk,6,Mid-Level(6-10),3,1-3 Years,2,0,2,5,3
820,Active Employee,0,No,47,46-55,Female,Married,2,Other,Research & Development,Manager,4,3,Travel Rarely,2,Near (0-5 km),202,33,12982,16752,$15K+,Higher Income,11,1,3,Good,3,4,3,2,3,Yes,Moderate Risk,26,Expert(20+),26,15+ Years,14,3,0,1,3
823,Active Employee,0,No,36,35-45,Female,Married,3,Other,Research & Development,Manufacturing Director,2,3,Travel Rarely,1,Near (0-5 km),676,35,23361,5228,$3K-<6K,Lower Middle Income,15,1,3,Good,3,2,1,3,2.25,No,Low Risk,10,Mid-Level(6-10),9,8-10 Years,7,0,5,0,2
824,Active Employee,0,No,29,26-35,Male,Married,2,Life Sciences,Research & Development,Research Scientist,1,4,Travel Rarely,23,Far (16-30 km),1252,81,23779,2700,<$3K,Lower Income,24,1,4,Excellent,3,3,3,3,3,No,Low Risk,10,Mid-Level(6-10),10,8-10 Years,7,0,7,1,3
825,Ex-Employee,1,Yes,58,56+,Male,Single,4,Life Sciences,Research & Development,Research Director,5,3,Travel Rarely,2,Near (0-5 km),286,31,25761,19246,$15K+,Higher Income,12,0,3,Good,4,2,4,3,3.25,Yes,High Risk,40,Expert(20+),31,15+ Years,15,13,8,7,2
826,Active Employee,0,No,35,35-45,Female,Single,4,Life Sciences,Research & Development,Research Scientist,1,4,Travel Rarely,1,Near (0-5 km),1258,40,13301,2506,<$3K,Lower Income,13,0,3,Good,4,3,3,3,3.25,No,Low Risk,7,Mid-Level(6-10),2,1-3 Years,2,2,2,3,0
827,Active Employee,0,No,42,35-45,Female,Married,2,Life Sciences,Research & Development,Manufacturing Director,2,2,Travel Rarely,1,Near (0-5 km),932,43,4051,6062,$6K-<10K,Middle Income,13,1,3,Good,4,4,4,3,3.75,Yes,Moderate Risk,8,Mid-Level(6-10),4,4-7 Years,3,0,2,9,4
828,Ex-Employee,1,Yes,28,26-35,Male,Single,4,Medical,Research & Development,Research Scientist,1,3,Travel Rarely,2,Near (0-5 km),890,46,16374,4382,$3K-<6K,Lower Middle Income,17,0,3,Good,3,3,4,2,3,No,Low Risk,5,Junior(3-5),2,1-3 Years,2,2,1,6,3
829,Active Employee,0,No,36,35-45,Male,Married,3,Human Resources,Human Resources,Human Resources,1,3,Travel Rarely,13,Moderate (6-15 km),1041,36,25527,2143,<$3K,Lower Income,13,1,3,Good,3,2,2,3,2.5,No,Low Risk,8,Mid-Level(6-10),5,4-7 Years,2,0,4,4,2
830,Active Employee,0,No,32,26-35,Female,Married,3,Life Sciences,Research & Development,Manufacturing Director,2,2,Travel Rarely,4,Near (0-5 km),859,98,19124,6162,$6K-<10K,Middle Income,12,1,3,Good,3,3,3,3,3,No,Low Risk,14,Senior(11-20),14,10-15 Years,13,6,8,1,3
832,Active Employee,0,No,40,35-45,Male,Single,4,Medical,Research & Development,Laboratory Technician,2,2,Travel Frequently,16,Far (16-30 km),720,51,11983,5094,$3K-<6K,Lower Middle Income,14,0,3,Good,1,3,4,3,2.75,No,Low Risk,10,Mid-Level(6-10),1,1-3 Years,0,0,0,6,6
833,Active Employee,0,No,30,26-35,Female,Single,3,Medical,Research & Development,Manufacturing Director,2,2,Travel Rarely,2,Near (0-5 km),946,52,20234,6877,$6K-<10K,Middle Income,24,0,4,Excellent,3,4,2,2,2.75,Yes,Moderate Risk,12,Senior(11-20),0,New Joiner,0,0,0,5,4
834,Active Employee,0,No,45,35-45,Female,Single,3,Life Sciences,Research & Development,Research Scientist,1,2,Travel Rarely,2,Near (0-5 km),252,95,6153,2274,<$3K,Lower Income,14,0,3,Good,2,3,4,3,3,No,Low Risk,1,Fresher(0-2),1,1-3 Years,0,0,0,1,3
836,Active Employee,0,No,42,35-45,Male,Married,3,Life Sciences,Research & Development,Manufacturing Director,2,3,Travel Rarely,29,Far (16-30 km),933,98,11806,4434,$3K-<6K,Lower Middle Income,13,1,3,Good,2,2,4,2,2.5,No,Low Risk,10,Mid-Level(6-10),9,8-10 Years,8,7,8,1,3
837,Active Employee,0,No,38,35-45,Male,Divorced,3,Life Sciences,Research & Development,Healthcare Representative,2,2,Travel Frequently,12,Moderate (6-15 km),471,45,4284,6288,$6K-<10K,Middle Income,15,1,3,Good,1,1,3,2,1.75,No,Low Risk,13,Senior(11-20),4,4-7 Years,3,1,2,2,3
838,Active Employee,0,No,34,26-35,Female,Single,4,Life Sciences,Research & Development,Research Scientist,1,2,Travel Frequently,16,Far (16-30 km),702,100,8306,2553,<$3K,Lower Income,16,0,3,Good,3,4,3,3,3.25,No,Low Risk,6,Mid-Level(6-10),5,4-7 Years,2,1,3,1,3
840,Ex-Employee,1,Yes,49,46-55,Female,Married,3,Marketing,Sales,Sales Executive,3,3,Travel Rarely,11,Moderate (6-15 km),1184,43,5860,7654,$6K-<10K,Middle Income,18,2,3,Good,3,4,1,4,3,No,Low Risk,9,Mid-Level(6-10),9,8-10 Years,8,7,7,1,3
842,Ex-Employee,1,Yes,55,46-55,Male,Single,1,Medical,Sales,Sales Executive,2,3,Travel Rarely,2,Near (0-5 km),436,37,21519,5160,$3K-<6K,Lower Middle Income,16,0,3,Good,3,4,3,2,3,No,Low Risk,12,Senior(11-20),9,8-10 Years,7,7,3,4,3
843,Active Employee,0,No,43,35-45,Male,Married,2,Life Sciences,Research & Development,Research Director,4,3,Travel Rarely,14,Moderate (6-15 km),589,94,5200,17159,$15K+,Higher Income,24,1,4,Excellent,2,1,3,3,2.25,No,Low Risk,22,Expert(20+),4,4-7 Years,1,1,0,6,3
844,Active Employee,0,No,27,26-35,Male,Divorced,1,Technical Degree,Research & Development,Research Director,3,2,Travel Rarely,5,Near (0-5 km),269,42,8842,12808,$10K-<15K,Upper Middle Income,16,1,3,Good,3,4,2,3,3,Yes,Moderate Risk,9,Mid-Level(6-10),9,8-10 Years,8,0,8,1,3
845,Active Employee,0,No,35,35-45,Male,Single,3,Other,Research & Development,Manufacturing Director,3,3,Travel Rarely,7,Moderate (6-15 km),950,59,18869,10221,$10K-<15K,Upper Middle Income,21,0,4,Excellent,3,3,2,4,3,No,Low Risk,17,Senior(11-20),8,8-10 Years,5,1,6,3,3
846,Active Employee,0,No,28,26-35,Female,Married,4,Marketing,Sales,Sales Executive,2,3,Travel Rarely,2,Near (0-5 km),760,81,3698,4779,$3K-<6K,Lower Middle Income,20,0,4,Excellent,2,2,1,3,2,Yes,High Risk,8,Mid-Level(6-10),8,8-10 Years,7,7,5,1,2
847,Active Employee,0,No,34,26-35,Male,Married,2,Human Resources,Human Resources,Human Resources,1,3,Travel Rarely,3,Near (0-5 km),829,88,2243,3737,$3K-<6K,Lower Middle Income,19,1,3,Good,3,4,3,1,2.75,No,Low Risk,4,Junior(3-5),3,1-3 Years,2,0,2,0,1
848,Ex-Employee,1,Yes,26,26-35,Female,Married,2,Medical,Research & Development,Research Scientist,1,2,Travel Frequently,5,Near (0-5 km),887,88,20898,2366,<$3K,Lower Income,14,1,3,Good,3,3,1,3,2.5,Yes,Moderate Risk,8,Mid-Level(6-10),8,8-10 Years,7,1,7,1,2
850,Active Employee,0,No,27,26-35,Male,Married,3,Medical,Research & Development,Research Scientist,1,3,Non-Travel,3,Near (0-5 km),443,50,16571,1706,<$3K,Lower Income,11,3,3,Good,4,4,3,2,3.25,No,Low Risk,0,Fresher(0-2),0,New Joiner,0,0,0,1,6
851,Active Employee,0,No,51,46-55,Female,Married,4,Marketing,Sales,Manager,4,3,Travel Rarely,26,Far (16-30 km),1318,66,5594,16307,$15K+,Higher Income,14,1,3,Good,1,3,3,2,2.25,No,Low Risk,29,Expert(20+),20,15+ Years,6,4,17,2,2
852,Active Employee,0,No,44,35-45,Male,Single,3,Medical,Research & Development,Healthcare Representative,2,3,Travel Rarely,4,Near (0-5 km),625,50,5197,5933,$3K-<6K,Lower Middle Income,12,0,3,Good,4,2,4,2,3,No,Low Risk,10,Mid-Level(6-10),5,4-7 Years,2,2,3,9,2
854,Active Employee,0,No,25,18-25,Male,Single,1,Medical,Research & Development,Research Scientist,1,4,Travel Rarely,2,Near (0-5 km),180,65,21632,3424,$3K-<6K,Lower Middle Income,13,0,3,Good,1,1,3,2,1.75,No,Low Risk,6,Mid-Level(6-10),4,4-7 Years,3,0,1,7,3
855,Active Employee,0,No,33,26-35,Male,Divorced,3,Medical,Sales,Sales Executive,2,4,Travel Rarely,1,Near (0-5 km),586,48,21816,4037,$3K-<6K,Lower Middle Income,22,1,4,Excellent,1,1,1,3,1.5,No,Low Risk,9,Mid-Level(6-10),9,8-10 Years,8,0,8,1,5
856,Active Employee,0,No,35,35-45,Female,Single,1,Medical,Research & Development,Research Scientist,1,2,Travel Rarely,27,Far (16-30 km),1343,53,17852,2559,<$3K,Lower Income,11,0,3,Good,3,1,4,2,2.5,No,Low Risk,6,Mid-Level(6-10),6,4-7 Years,5,1,1,1,3
857,Active Employee,0,No,36,35-45,Male,Married,2,Life Sciences,Sales,Sales Executive,2,3,Travel Rarely,1,Near (0-5 km),928,56,2823,6201,$6K-<10K,Middle Income,14,1,3,Good,2,4,4,2,3,Yes,Moderate Risk,18,Senior(11-20),18,15+ Years,14,4,11,1,1
859,Active Employee,0,No,32,26-35,Male,Divorced,4,Life Sciences,Sales,Sales Executive,2,3,Travel Rarely,13,Moderate (6-15 km),117,73,9250,4403,$3K-<6K,Lower Middle Income,11,1,3,Good,2,4,3,2,2.75,No,Low Risk,8,Mid-Level(6-10),5,4-7 Years,2,0,3,2,3
861,Active Employee,0,No,30,26-35,Male,Divorced,4,Life Sciences,Research & Development,Research Scientist,1,2,Travel Frequently,5,Near (0-5 km),1012,75,2373,3761,$3K-<6K,Lower Middle Income,12,1,3,Good,2,4,2,2,2.5,No,Low Risk,10,Mid-Level(6-10),5,4-7 Years,4,0,3,9,3
862,Active Employee,0,No,53,46-55,Female,Married,2,Marketing,Sales,Sales Executive,3,2,Travel Rarely,7,Moderate (6-15 km),661,78,20715,10934,$10K-<15K,Upper Middle Income,18,1,3,Good,1,4,4,3,3,Yes,Moderate Risk,35,Expert(20+),5,4-7 Years,2,0,4,7,3
864,Active Employee,0,No,45,35-45,Male,Divorced,3,Marketing,Sales,Sales Executive,3,3,Travel Rarely,9,Moderate (6-15 km),930,74,19239,10761,$10K-<15K,Upper Middle Income,12,1,3,Good,4,1,3,3,2.75,Yes,Moderate Risk,18,Senior(11-20),5,4-7 Years,4,0,2,4,2
865,Active Employee,0,No,32,26-35,Female,Married,2,Medical,Research & Development,Research Scientist,2,4,Travel Rarely,8,Moderate (6-15 km),638,91,22162,5175,$3K-<6K,Lower Middle Income,12,1,3,Good,3,3,3,2,2.75,No,Low Risk,9,Mid-Level(6-10),5,4-7 Years,3,1,3,5,3
867,Active Employee,0,No,52,46-55,Female,Married,4,Medical,Research & Development,Manufacturing Director,4,2,Travel Frequently,25,Far (16-30 km),890,81,19028,13826,$10K-<15K,Upper Middle Income,22,0,4,Excellent,3,4,3,3,3.25,No,Low Risk,31,Expert(20+),9,8-10 Years,8,0,0,3,3
868,Active Employee,0,No,37,35-45,Male,Divorced,4,Marketing,Sales,Sales Executive,2,2,Travel Rarely,16,Far (16-30 km),342,66,24558,6334,$6K-<10K,Middle Income,19,2,3,Good,4,3,4,3,3.5,No,Low Risk,9,Mid-Level(6-10),1,1-3 Years,0,0,0,4,2
869,Active Employee,0,No,28,26-35,Male,Divorced,2,Medical,Human Resources,Human Resources,1,2,Travel Rarely,8,Moderate (6-15 km),1169,63,23965,4936,$3K-<6K,Lower Middle Income,13,1,3,Good,2,4,4,3,3.25,No,Low Risk,6,Mid-Level(6-10),5,4-7 Years,1,0,4,1,6
872,Active Employee,0,No,22,18-25,Male,Married,2,Life Sciences,Research & Development,Manufacturing Director,2,2,Travel Rarely,1,Near (0-5 km),1230,33,19146,4775,$3K-<6K,Lower Middle Income,22,2,4,Excellent,4,4,1,1,2.5,No,Low Risk,4,Junior(3-5),2,1-3 Years,2,2,2,6,2
874,Active Employee,0,No,44,35-45,Male,Married,4,Life Sciences,Research & Development,Laboratory Technician,1,4,Travel Rarely,8,Moderate (6-15 km),986,62,5044,2818,<$3K,Lower Income,24,1,4,Excellent,1,4,3,2,2.5,Yes,Moderate Risk,10,Mid-Level(6-10),3,1-3 Years,2,0,2,2,2
875,Active Employee,0,No,42,35-45,Male,Single,1,Medical,Research & Development,Research Scientist,1,3,Travel Frequently,2,Near (0-5 km),1271,35,9068,2515,<$3K,Lower Income,14,0,3,Good,2,4,4,3,3.25,Yes,Moderate Risk,8,Mid-Level(6-10),2,1-3 Years,1,2,2,5,2
878,Active Employee,0,No,36,35-45,Male,Married,3,Life Sciences,Human Resources,Human Resources,1,2,Travel Rarely,8,Moderate (6-15 km),1278,77,8635,2342,<$3K,Lower Income,21,0,4,Excellent,1,1,3,3,2,No,Low Risk,6,Mid-Level(6-10),5,4-7 Years,4,0,3,0,3
879,Active Employee,0,No,25,18-25,Male,Married,1,Other,Sales,Sales Executive,2,3,Travel Rarely,3,Near (0-5 km),141,98,14363,4194,$3K-<6K,Lower Middle Income,18,0,3,Good,3,1,4,3,2.75,Yes,Moderate Risk,5,Junior(3-5),5,4-7 Years,3,0,3,1,3
880,Active Employee,0,No,35,35-45,Female,Married,3,Life Sciences,Research & Development,Manufacturing Director,3,2,Travel Rarely,9,Moderate (6-15 km),607,66,23457,10685,$10K-<15K,Upper Middle Income,20,1,4,Excellent,4,3,2,3,3,Yes,High Risk,17,Senior(11-20),17,15+ Years,14,5,15,1,2
881,Ex-Employee,1,Yes,35,35-45,Female,Divorced,4,Life Sciences,Research & Development,Research Scientist,1,3,Travel Frequently,25,Far (16-30 km),130,96,16612,2022,<$3K,Lower Income,19,1,3,Good,4,2,1,2,2.25,Yes,High Risk,10,Mid-Level(6-10),10,8-10 Years,2,7,8,1,3
882,Active Employee,0,No,32,26-35,Male,Divorced,3,Life Sciences,Research & Development,Laboratory Technician,1,3,Non-Travel,1,Near (0-5 km),300,61,9148,2314,<$3K,Lower Income,12,1,3,Good,4,4,2,3,3.25,No,Low Risk,4,Junior(3-5),3,1-3 Years,0,0,2,0,2
885,Active Employee,0,No,25,18-25,Male,Married,1,Marketing,Sales,Sales Executive,2,2,Travel Rarely,4,Near (0-5 km),583,87,18154,4256,$3K-<6K,Lower Middle Income,12,0,3,Good,3,1,1,4,2.25,No,Low Risk,5,Junior(3-5),5,4-7 Years,2,0,3,1,1
887,Active Employee,0,No,49,46-55,Female,Married,3,Technical Degree,Research & Development,Research Scientist,1,3,Travel Rarely,1,Near (0-5 km),1418,36,10554,3580,$3K-<6K,Lower Middle Income,16,1,3,Good,3,1,2,3,2.25,No,Low Risk,7,Mid-Level(6-10),4,4-7 Years,2,0,2,2,2
888,Active Employee,0,No,24,18-25,Male,Married,1,Life Sciences,Research & Development,Laboratory Technician,1,2,Non-Travel,4,Near (0-5 km),1269,46,10778,3162,$3K-<6K,Lower Middle Income,17,0,3,Good,1,4,4,2,2.75,No,Low Risk,6,Mid-Level(6-10),5,4-7 Years,2,3,4,0,2
889,Active Employee,0,No,32,26-35,Male,Married,2,Life Sciences,Sales,Sales Executive,2,3,Travel Frequently,5,Near (0-5 km),379,48,8891,6524,$6K-<10K,Middle Income,14,1,3,Good,2,2,4,3,2.75,No,Low Risk,10,Mid-Level(6-10),10,8-10 Years,8,5,3,1,3
893,Active Employee,0,No,38,35-45,Male,Married,3,Marketing,Sales,Sales Representative,1,2,Travel Rarely,9,Moderate (6-15 km),395,98,12102,2899,<$3K,Lower Income,19,1,3,Good,2,2,4,3,2.75,No,Low Risk,3,Junior(3-5),2,1-3 Years,2,1,2,0,3
894,Active Employee,0,No,42,35-45,Female,Married,3,Life Sciences,Research & Development,Laboratory Technician,2,4,Travel Rarely,3,Near (0-5 km),1265,95,23726,5231,$3K-<6K,Lower Middle Income,13,1,3,Good,3,4,2,2,2.75,Yes,Moderate Risk,17,Senior(11-20),5,4-7 Years,3,1,3,2,1
895,Active Employee,0,No,31,26-35,Male,Married,4,Life Sciences,Research & Development,Research Scientist,1,3,Travel Rarely,11,Moderate (6-15 km),1222,48,14871,2356,<$3K,Lower Income,19,1,3,Good,4,4,2,3,3.25,Yes,Moderate Risk,8,Mid-Level(6-10),6,4-7 Years,4,0,2,3,2
896,Ex-Employee,1,Yes,29,26-35,Female,Divorced,3,Medical,Sales,Sales Representative,1,2,Travel Rarely,1,Near (0-5 km),341,48,23522,2800,<$3K,Lower Income,19,3,3,Good,2,3,3,3,2.75,Yes,Moderate Risk,5,Junior(3-5),3,1-3 Years,2,0,2,6,3
897,Active Employee,0,No,53,46-55,Male,Married,3,Marketing,Sales,Sales Executive,4,3,Travel Rarely,8,Moderate (6-15 km),868,73,22789,11836,$10K-<15K,Upper Middle Income,14,1,3,Good,1,4,3,3,2.75,No,Low Risk,28,Expert(20+),2,1-3 Years,0,2,2,5,3
899,Active Employee,0,No,35,35-45,Male,Married,3,Technical Degree,Research & Development,Manufacturing Director,3,2,Travel Rarely,25,Far (16-30 km),672,78,9129,10903,$10K-<15K,Upper Middle Income,16,0,3,Good,4,2,1,3,2.5,No,Low Risk,16,Senior(11-20),13,10-15 Years,10,4,8,3,2
900,Active Employee,0,No,37,35-45,Female,Married,2,Medical,Sales,Sales Representative,1,3,Travel Frequently,21,Far (16-30 km),1231,54,21222,2973,<$3K,Lower Income,15,1,3,Good,3,4,2,3,3,No,Low Risk,10,Mid-Level(6-10),5,4-7 Years,4,0,0,5,3
901,Active Employee,0,No,53,46-55,Female,Single,4,Life Sciences,Research & Development,Research Director,4,3,Travel Rarely,23,Far (16-30 km),102,72,20206,14275,$10K-<15K,Upper Middle Income,18,0,3,Good,4,4,3,3,3.5,No,Low Risk,33,Expert(20+),12,10-15 Years,9,3,8,6,0
902,Active Employee,0,No,43,35-45,Female,Married,3,Life Sciences,Research & Development,Healthcare Representative,2,3,Travel Frequently,1,Near (0-5 km),422,33,21782,5562,$3K-<6K,Lower Middle Income,13,1,3,Good,4,4,2,2,3,No,Low Risk,12,Senior(11-20),5,4-7 Years,2,2,2,4,2
903,Active Employee,0,No,47,46-55,Female,Married,2,Marketing,Sales,Sales Executive,2,3,Travel Rarely,2,Near (0-5 km),249,35,17783,4537,$3K-<6K,Lower Middle Income,22,1,4,Excellent,3,4,1,3,2.75,Yes,High Risk,8,Mid-Level(6-10),7,4-7 Years,6,7,7,0,2
904,Active Employee,0,No,37,35-45,Male,Single,2,Medical,Sales,Sales Executive,3,3,Non-Travel,19,Far (16-30 km),1252,32,4814,7642,$6K-<10K,Middle Income,13,0,3,Good,1,2,4,3,2.5,Yes,High Risk,10,Mid-Level(6-10),10,8-10 Years,0,0,9,1,2
905,Active Employee,0,No,50,46-55,Male,Divorced,4,Life Sciences,Research & Development,Manager,4,3,Non-Travel,2,Near (0-5 km),881,98,4544,17924,$15K+,Higher Income,11,1,3,Good,1,1,4,3,2.25,No,Low Risk,31,Expert(20+),31,15+ Years,6,14,7,1,3
909,Active Employee,0,No,39,35-45,Female,Married,3,Life Sciences,Human Resources,Human Resources,2,2,Travel Rarely,2,Near (0-5 km),1383,42,7790,5204,$3K-<6K,Lower Middle Income,11,2,3,Good,4,4,3,3,3.5,No,Low Risk,13,Senior(11-20),5,4-7 Years,4,0,4,8,2
910,Active Employee,0,No,33,26-35,Male,Divorced,2,Human Resources,Human Resources,Human Resources,1,3,Travel Rarely,3,Near (0-5 km),1075,57,22650,2277,<$3K,Lower Income,11,1,3,Good,4,2,3,4,3.25,Yes,Moderate Risk,7,Mid-Level(6-10),4,4-7 Years,3,0,3,3,4
911,Ex-Employee,1,Yes,32,26-35,Male,Single,4,Life Sciences,Research & Development,Laboratory Technician,1,3,Travel Rarely,25,Far (16-30 km),374,87,18016,2795,<$3K,Lower Income,24,0,4,Excellent,1,4,3,1,2.25,Yes,High Risk,1,Fresher(0-2),1,1-3 Years,0,0,1,1,2
912,Active Employee,0,No,29,26-35,Female,Divorced,1,Medical,Research & Development,Laboratory Technician,1,2,Travel Rarely,7,Moderate (6-15 km),1086,62,6054,2532,<$3K,Lower Income,14,3,3,Good,1,4,3,3,2.75,No,Low Risk,8,Mid-Level(6-10),4,4-7 Years,3,0,3,6,5
913,Active Employee,0,No,44,35-45,Male,Married,2,Life Sciences,Research & Development,Research Scientist,1,3,Travel Rarely,9,Moderate (6-15 km),661,61,7508,2559,<$3K,Lower Income,13,0,3,Good,2,1,4,3,2.5,Yes,High Risk,8,Mid-Level(6-10),8,8-10 Years,7,7,1,1,0
916,Active Employee,0,No,28,26-35,Male,Single,4,Medical,Sales,Sales Executive,2,3,Travel Rarely,5,Near (0-5 km),821,98,24252,4908,$3K-<6K,Lower Middle Income,14,0,3,Good,1,4,2,3,2.5,No,Low Risk,4,Junior(3-5),4,4-7 Years,2,0,2,1,3
918,Ex-Employee,1,Yes,58,56+,Male,Divorced,1,Life Sciences,Research & Development,Laboratory Technician,1,2,Travel Frequently,2,Near (0-5 km),781,57,13384,2380,<$3K,Lower Income,14,1,3,Good,4,4,4,2,3.5,Yes,Moderate Risk,3,Junior(3-5),1,1-3 Years,0,0,0,9,3
920,Active Employee,0,No,43,35-45,Female,Divorced,3,Life Sciences,Research & Development,Manufacturing Director,2,3,Travel Rarely,8,Moderate (6-15 km),177,55,23814,4765,$3K-<6K,Lower Middle Income,21,1,4,Excellent,1,2,3,4,2.5,No,Low Risk,4,Junior(3-5),1,1-3 Years,0,0,0,4,2
922,Ex-Employee,1,Yes,20,18-25,Female,Single,3,Medical,Sales,Sales Representative,1,2,Travel Rarely,2,Near (0-5 km),500,49,22052,2044,<$3K,Lower Income,13,0,3,Good,3,3,4,2,3,No,Low Risk,2,Fresher(0-2),2,1-3 Years,2,0,2,1,3
923,Ex-Employee,1,Yes,21,18-25,Female,Single,1,Other,Research & Development,Research Scientist,1,3,Travel Rarely,18,Far (16-30 km),1427,65,8870,2693,<$3K,Lower Income,19,0,3,Good,4,4,1,2,2.75,No,Low Risk,1,Fresher(0-2),1,1-3 Years,0,0,0,1,3
924,Active Employee,0,No,36,35-45,Male,Married,1,Life Sciences,Research & Development,Healthcare Representative,2,3,Travel Rarely,14,Moderate (6-15 km),1425,68,4821,6586,$6K-<10K,Middle Income,17,1,3,Good,3,4,1,2,2.5,Yes,Moderate Risk,17,Senior(11-20),16,15+ Years,8,4,11,0,2
925,Active Employee,0,No,47,46-55,Female,Single,4,Life Sciences,Sales,Sales Representative,1,2,Travel Rarely,2,Near (0-5 km),1454,65,13137,3294,$3K-<6K,Lower Middle Income,18,0,3,Good,4,4,1,2,2.75,Yes,Moderate Risk,3,Junior(3-5),3,1-3 Years,2,1,2,1,3
926,Ex-Employee,1,Yes,22,18-25,Female,Married,1,Life Sciences,Research & Development,Manufacturing Director,2,3,Travel Rarely,3,Near (0-5 km),617,34,10022,4171,$3K-<6K,Lower Middle Income,19,1,3,Good,2,3,1,4,2.5,Yes,Moderate Risk,4,Junior(3-5),3,1-3 Years,2,0,2,0,3
927,Ex-Employee,1,Yes,41,35-45,Female,Divorced,4,Life Sciences,Research & Development,Laboratory Technician,1,1,Travel Rarely,2,Near (0-5 km),1085,57,17725,2778,<$3K,Lower Income,13,1,3,Good,2,4,3,2,2.75,Yes,Moderate Risk,10,Mid-Level(6-10),7,4-7 Years,7,1,0,4,1
930,Active Employee,0,No,28,26-35,Female,Divorced,3,Medical,Research & Development,Research Scientist,1,3,Travel Rarely,9,Moderate (6-15 km),995,77,9834,2377,<$3K,Lower Income,18,1,3,Good,3,3,2,3,2.75,No,Low Risk,6,Mid-Level(6-10),2,1-3 Years,2,2,2,5,2
932,Ex-Employee,1,Yes,39,35-45,Male,Married,3,Medical,Research & Development,Laboratory Technician,1,3,Travel Rarely,6,Moderate (6-15 km),1122,70,4303,2404,<$3K,Lower Income,21,0,4,Excellent,4,1,4,1,2.5,Yes,Moderate Risk,8,Mid-Level(6-10),2,1-3 Years,2,2,2,7,2
933,Active Employee,0,No,27,26-35,Female,Single,3,Life Sciences,Research & Development,Research Scientist,1,3,Travel Rarely,4,Near (0-5 km),618,76,17808,2318,<$3K,Lower Income,19,0,3,Good,2,3,3,3,2.75,No,Low Risk,1,Fresher(0-2),1,1-3 Years,1,0,0,1,2
934,Active Employee,0,No,34,26-35,Male,Divorced,3,Life Sciences,Research & Development,Laboratory Technician,1,3,Travel Rarely,10,Moderate (6-15 km),546,83,6896,2008,<$3K,Lower Income,14,2,3,Good,2,2,2,3,2.25,No,Low Risk,1,Fresher(0-2),1,1-3 Years,0,1,0,1,3
936,Active Employee,0,No,42,35-45,Female,Single,2,Medical,Sales,Sales Executive,2,2,Travel Rarely,14,Moderate (6-15 km),462,68,7824,6244,$6K-<10K,Middle Income,17,0,3,Good,3,3,1,3,2.5,No,Low Risk,10,Mid-Level(6-10),5,4-7 Years,4,0,3,7,6
939,Active Employee,0,No,33,26-35,Male,Single,4,Other,Research & Development,Research Scientist,1,2,Travel Rarely,1,Near (0-5 km),1198,100,3339,2799,<$3K,Lower Income,11,0,3,Good,3,1,2,3,2.25,Yes,Moderate Risk,6,Mid-Level(6-10),3,1-3 Years,2,0,2,3,1
940,Active Employee,0,No,58,56+,Female,Divorced,3,Technical Degree,Research & Development,Healthcare Representative,3,2,Travel Rarely,5,Near (0-5 km),1272,37,9255,10552,$10K-<15K,Upper Middle Income,13,1,3,Good,3,2,4,3,3,Yes,Moderate Risk,24,Expert(20+),6,4-7 Years,0,0,4,2,3
941,Active Employee,0,No,31,26-35,Male,Married,4,Life Sciences,Sales,Sales Representative,1,2,Travel Rarely,7,Moderate (6-15 km),154,41,11737,2329,<$3K,Lower Income,15,0,3,Good,2,3,2,4,2.75,No,Low Risk,13,Senior(11-20),7,4-7 Years,7,5,2,3,2
942,Active Employee,0,No,35,35-45,Female,Married,1,Life Sciences,Research & Development,Healthcare Representative,2,3,Travel Rarely,21,Far (16-30 km),1137,51,19170,4014,$3K-<6K,Lower Middle Income,25,1,4,Excellent,4,4,4,1,3.25,Yes,High Risk,10,Mid-Level(6-10),10,8-10 Years,6,0,7,1,2
944,Active Employee,0,No,49,46-55,Female,Married,2,Other,Research & Development,Laboratory Technician,3,3,Travel Rarely,8,Moderate (6-15 km),527,51,22477,7403,$6K-<10K,Middle Income,11,1,3,Good,1,2,3,2,2,No,Low Risk,29,Expert(20+),26,15+ Years,9,1,7,4,3
945,Active Employee,0,No,48,46-55,Male,Married,4,Medical,Research & Development,Research Scientist,1,3,Travel Rarely,20,Far (16-30 km),1469,51,5543,2259,<$3K,Lower Income,17,2,3,Good,4,3,1,2,2.5,No,Low Risk,13,Senior(11-20),0,New Joiner,0,0,0,4,2
947,Active Employee,0,No,31,26-35,Female,Married,2,Marketing,Sales,Sales Executive,2,3,Non-Travel,20,Far (16-30 km),1188,45,24406,6932,$6K-<10K,Middle Income,13,1,3,Good,4,3,4,2,3.25,No,Low Risk,9,Mid-Level(6-10),9,8-10 Years,8,0,0,1,2
949,Active Employee,0,No,36,35-45,Male,Single,4,Other,Research & Development,Research Scientist,1,3,Travel Rarely,7,Moderate (6-15 km),188,65,23293,4678,$3K-<6K,Lower Middle Income,18,0,3,Good,2,4,3,3,3,No,Low Risk,8,Mid-Level(6-10),6,4-7 Years,2,0,1,2,6
950,Active Employee,0,No,38,35-45,Female,Married,3,Technical Degree,Research & Development,Research Director,3,3,Travel Rarely,1,Near (0-5 km),1333,80,16292,13582,$10K-<15K,Upper Middle Income,13,1,3,Good,4,1,2,3,2.5,No,Low Risk,15,Senior(11-20),15,10-15 Years,12,5,11,1,3
951,Active Employee,0,No,32,26-35,Female,Married,3,Life Sciences,Research & Development,Laboratory Technician,1,2,Non-Travel,1,Near (0-5 km),1184,70,3974,2332,<$3K,Lower Income,20,0,4,Excellent,3,2,3,3,2.75,No,Low Risk,5,Junior(3-5),3,1-3 Years,0,0,2,6,3
952,Ex-Employee,1,Yes,25,18-25,Male,Married,2,Marketing,Sales,Sales Representative,1,2,Travel Rarely,19,Far (16-30 km),867,36,18798,2413,<$3K,Lower Income,18,3,3,Good,3,2,3,3,2.75,Yes,High Risk,1,Fresher(0-2),1,1-3 Years,0,0,0,1,2
954,Active Employee,0,No,40,35-45,Male,Divorced,4,Marketing,Sales,Sales Executive,3,2,Travel Rarely,10,Moderate (6-15 km),658,67,20652,9705,$6K-<10K,Middle Income,12,1,3,Good,1,2,2,2,1.75,No,Low Risk,11,Senior(11-20),1,1-3 Years,0,0,0,2,2
956,Active Employee,0,No,26,26-35,Male,Single,3,Medical,Sales,Sales Executive,2,2,Travel Frequently,1,Near (0-5 km),1283,52,11148,4294,$3K-<6K,Lower Middle Income,12,0,3,Good,3,1,2,3,2.25,No,Low Risk,7,Mid-Level(6-10),7,4-7 Years,7,0,7,1,2
957,Active Employee,0,No,41,35-45,Male,Single,3,Medical,Research & Development,Laboratory Technician,1,3,Travel Rarely,6,Moderate (6-15 km),263,59,3119,4721,$3K-<6K,Lower Middle Income,13,0,3,Good,4,1,3,3,2.75,Yes,Moderate Risk,20,Senior(11-20),18,15+ Years,13,2,17,2,3
958,Active Employee,0,No,36,35-45,Male,Single,4,Medical,Research & Development,Laboratory Technician,1,3,Travel Rarely,2,Near (0-5 km),938,79,12287,2519,<$3K,Lower Income,21,0,4,Excellent,3,3,3,3,3,No,Low Risk,16,Senior(11-20),11,10-15 Years,8,3,9,4,6
959,Ex-Employee,1,Yes,19,18-25,Male,Single,3,Other,Sales,Sales Representative,1,2,Travel Rarely,21,Far (16-30 km),419,37,9947,2121,<$3K,Lower Income,13,0,3,Good,4,2,2,4,3,Yes,High Risk,1,Fresher(0-2),1,1-3 Years,0,0,0,1,3
960,Ex-Employee,1,Yes,20,18-25,Male,Single,3,Technical Degree,Research & Development,Laboratory Technician,1,3,Travel Rarely,4,Near (0-5 km),129,84,13008,2973,<$3K,Lower Income,19,0,3,Good,1,1,2,3,1.75,No,Low Risk,1,Fresher(0-2),1,1-3 Years,0,0,0,1,2
961,Active Employee,0,No,31,26-35,Female,Married,3,Medical,Research & Development,Healthcare Representative,2,3,Travel Rarely,12,Moderate (6-15 km),616,41,17369,5855,$3K-<6K,Lower Middle Income,11,2,3,Good,4,4,3,1,3,Yes,High Risk,10,Mid-Level(6-10),9,8-10 Years,7,8,5,0,2
964,Active Employee,0,No,40,35-45,Male,Divorced,4,Medical,Research & Development,Research Scientist,1,3,Travel Frequently,9,Moderate (6-15 km),1469,35,25063,3617,$3K-<6K,Lower Middle Income,14,1,3,Good,4,2,4,3,3.25,Yes,Moderate Risk,3,Junior(3-5),1,1-3 Years,1,0,0,8,2
966,Active Employee,0,No,32,26-35,Female,Married,4,Medical,Research & Development,Manufacturing Director,2,3,Travel Rarely,3,Near (0-5 km),498,93,13554,6725,$6K-<10K,Middle Income,12,1,3,Good,3,1,3,4,2.75,No,Low Risk,8,Mid-Level(6-10),8,8-10 Years,7,6,3,1,2
967,Ex-Employee,1,Yes,36,35-45,Male,Married,1,Life Sciences,Sales,Sales Executive,3,2,Travel Rarely,3,Near (0-5 km),530,51,5518,10325,$10K-<15K,Upper Middle Income,11,1,3,Good,3,4,1,3,2.75,Yes,Moderate Risk,16,Senior(11-20),16,15+ Years,7,3,7,1,6
969,Active Employee,0,No,33,26-35,Female,Single,3,Life Sciences,Research & Development,Healthcare Representative,2,2,Travel Rarely,1,Near (0-5 km),1069,42,12291,6949,$6K-<10K,Middle Income,14,0,3,Good,2,4,1,3,2.5,No,Low Risk,6,Mid-Level(6-10),5,4-7 Years,0,1,4,0,3
970,Ex-Employee,1,Yes,37,35-45,Male,Married,4,Life Sciences,Sales,Sales Executive,3,2,Travel Rarely,1,Near (0-5 km),625,46,14922,10609,$10K-<15K,Upper Middle Income,11,0,3,Good,1,3,3,1,2,No,Low Risk,17,Senior(11-20),14,10-15 Years,1,11,7,5,2
972,Active Employee,0,No,45,35-45,Male,Married,2,Life Sciences,Research & Development,Laboratory Technician,2,3,Non-Travel,4,Near (0-5 km),805,57,23163,4447,$3K-<6K,Lower Middle Income,12,0,3,Good,3,2,2,2,2.25,No,Low Risk,9,Mid-Level(6-10),9,8-10 Years,7,0,8,1,5
974,Active Employee,0,No,29,26-35,Female,Married,3,Technical Degree,Sales,Sales Representative,1,3,Travel Frequently,20,Far (16-30 km),1404,84,18203,2157,<$3K,Lower Income,15,1,3,Good,3,4,2,3,3,No,Low Risk,3,Junior(3-5),3,1-3 Years,1,0,2,1,5
975,Active Employee,0,No,35,35-45,Female,Married,3,Medical,Sales,Sales Executive,2,3,Travel Rarely,18,Far (16-30 km),1219,86,6179,4601,$3K-<6K,Lower Middle Income,16,0,3,Good,3,3,2,3,2.75,No,Low Risk,5,Junior(3-5),5,4-7 Years,2,1,0,1,3
976,Active Employee,0,No,52,46-55,Male,Married,2,Life Sciences,Research & Development,Manager,4,3,Travel Rarely,1,Near (0-5 km),1053,70,13829,17099,$15K+,Higher Income,15,1,3,Good,4,4,2,2,3,No,Low Risk,26,Expert(20+),9,8-10 Years,8,7,8,2,2
977,Ex-Employee,1,Yes,58,56+,Male,Single,3,Technical Degree,Research & Development,Research Scientist,1,3,Travel Rarely,2,Near (0-5 km),289,51,26227,2479,<$3K,Lower Income,24,0,4,Excellent,4,3,1,3,2.75,No,Low Risk,7,Mid-Level(6-10),1,1-3 Years,0,0,0,4,4
981,Active Employee,0,No,53,46-55,Male,Divorced,2,Medical,Sales,Manager,4,3,Travel Rarely,2,Near (0-5 km),1376,45,13938,14852,$10K-<15K,Upper Middle Income,13,1,3,Good,3,3,3,4,3.25,No,Low Risk,22,Expert(20+),17,15+ Years,13,15,2,6,3
982,Active Employee,0,No,30,26-35,Male,Divorced,2,Other,Sales,Sales Executive,3,3,Travel Rarely,8,Moderate (6-15 km),231,62,9977,7264,$6K-<10K,Middle Income,11,1,3,Good,3,3,1,4,2.75,No,Low Risk,10,Mid-Level(6-10),8,8-10 Years,4,7,7,5,2
983,Active Employee,0,No,38,35-45,Female,Single,3,Technical Degree,Sales,Sales Executive,2,3,Non-Travel,10,Moderate (6-15 km),152,85,19899,5666,$3K-<6K,Lower Middle Income,13,0,3,Good,3,4,2,3,3,Yes,Moderate Risk,6,Mid-Level(6-10),5,4-7 Years,3,1,3,1,1
984,Active Employee,0,No,35,35-45,Male,Divorced,4,Life Sciences,Sales,Sales Executive,3,3,Travel Rarely,3,Near (0-5 km),882,92,6812,7823,$6K-<10K,Middle Income,13,1,3,Good,4,4,2,3,3.25,No,Low Risk,12,Senior(11-20),10,8-10 Years,9,0,8,6,2
985,Active Employee,0,No,39,35-45,Male,Single,5,Life Sciences,Sales,Sales Executive,3,4,Travel Rarely,2,Near (0-5 km),903,41,2560,7880,$6K-<10K,Middle Income,18,0,3,Good,1,3,4,3,2.75,No,Low Risk,9,Mid-Level(6-10),8,8-10 Years,7,0,7,0,3
986,Ex-Employee,1,Yes,40,35-45,Female,Single,3,Life Sciences,Sales,Sales Executive,4,4,Non-Travel,24,Far (16-30 km),1479,100,17071,13194,$10K-<15K,Upper Middle Income,16,0,3,Good,2,2,4,2,2.5,Yes,High Risk,22,Expert(20+),1,1-3 Years,0,0,0,4,2
987,Active Employee,0,No,47,46-55,Male,Divorced,4,Medical,Research & Development,Manufacturing Director,2,4,Travel Frequently,16,Far (16-30 km),1379,64,6759,5067,$3K-<6K,Lower Middle Income,19,0,3,Good,3,3,3,4,3.25,Yes,High Risk,20,Senior(11-20),19,15+ Years,10,2,7,1,3
990,Active Employee,0,No,36,35-45,Male,Divorced,4,Technical Degree,Sales,Sales Executive,2,3,Non-Travel,8,Moderate (6-15 km),1229,84,25952,5079,$3K-<6K,Lower Middle Income,13,2,3,Good,1,4,4,3,3,No,Low Risk,12,Senior(11-20),7,4-7 Years,7,0,7,4,3
991,Ex-Employee,1,Yes,31,26-35,Male,Single,2,Medical,Research & Development,Research Scientist,1,2,Non-Travel,9,Moderate (6-15 km),335,46,10322,2321,<$3K,Lower Income,22,0,4,Excellent,3,1,1,3,2,Yes,High Risk,4,Junior(3-5),3,1-3 Years,2,1,2,0,0
992,Active Employee,0,No,33,26-35,Male,Single,3,Life Sciences,Sales,Manager,4,3,Non-Travel,17,Far (16-30 km),722,38,20489,17444,$15K+,Higher Income,11,0,3,Good,4,3,4,3,3.5,No,Low Risk,10,Mid-Level(6-10),10,8-10 Years,8,6,0,1,2
994,Ex-Employee,1,Yes,29,26-35,Female,Single,3,Life Sciences,Research & Development,Research Scientist,1,2,Travel Rarely,10,Moderate (6-15 km),906,92,11479,2404,<$3K,Lower Income,20,0,4,Excellent,4,1,3,3,2.75,Yes,Moderate Risk,3,Junior(3-5),0,New Joiner,0,0,0,6,5
995,Active Employee,0,No,33,26-35,Female,Single,1,Life Sciences,Research & Development,Research Scientist,1,3,Travel Rarely,13,Moderate (6-15 km),461,53,17241,3452,$3K-<6K,Lower Middle Income,18,0,3,Good,2,4,1,3,2.5,No,Low Risk,5,Junior(3-5),3,1-3 Years,2,0,2,3,4
996,Active Employee,0,No,45,35-45,Female,Divorced,4,Medical,Research & Development,Laboratory Technician,1,3,Travel Rarely,1,Near (0-5 km),974,91,11005,2270,<$3K,Lower Income,14,2,3,Good,4,4,4,3,3.75,No,Low Risk,8,Mid-Level(6-10),5,4-7 Years,3,0,2,3,2
997,Active Employee,0,No,50,46-55,Male,Divorced,2,Medical,Research & Development,Research Director,4,3,Travel Rarely,1,Near (0-5 km),1126,66,6615,17399,$15K+,Higher Income,22,1,4,Excellent,4,4,3,2,3.25,No,Low Risk,32,Expert(20+),5,4-7 Years,4,1,3,9,1
998,Active Employee,0,No,33,26-35,Female,Married,4,Other,Research & Development,Healthcare Representative,2,4,Travel Frequently,1,Near (0-5 km),827,84,20161,5488,$3K-<6K,Lower Middle Income,13,1,3,Good,3,2,1,3,2.25,Yes,Moderate Risk,6,Mid-Level(6-10),6,4-7 Years,5,1,2,1,2
999,Active Employee,0,No,41,35-45,Male,Divorced,3,Medical,Research & Development,Research Director,5,3,Travel Frequently,9,Moderate (6-15 km),840,64,3735,19419,$15K+,Higher Income,17,1,3,Good,1,3,2,4,2.5,No,Low Risk,21,Expert(20+),18,15+ Years,16,0,11,2,2
1001,Active Employee,0,No,27,26-35,Female,Married,4,Technical Degree,Research & Development,Laboratory Technician,1,3,Travel Rarely,16,Far (16-30 km),1134,37,12086,2811,<$3K,Lower Income,14,1,3,Good,3,2,2,3,2.5,No,Low Risk,4,Junior(3-5),2,1-3 Years,2,2,2,9,2
1002,Active Employee,0,No,45,35-45,Male,Married,2,Life Sciences,Research & Development,Laboratory Technician,2,3,Non-Travel,23,Far (16-30 km),248,42,14039,3633,$3K-<6K,Lower Middle Income,15,1,3,Good,4,1,3,3,2.75,Yes,High Risk,9,Mid-Level(6-10),9,8-10 Years,8,0,8,1,2
1003,Active Employee,0,No,47,46-55,Female,Single,2,Life Sciences,Sales,Sales Executive,2,3,Travel Rarely,4,Near (0-5 km),955,83,8571,4163,$3K-<6K,Lower Middle Income,17,0,3,Good,4,4,3,3,3.5,Yes,Moderate Risk,9,Mid-Level(6-10),9,8-10 Years,0,0,7,1,0
1004,Ex-Employee,1,Yes,30,26-35,Female,Married,3,Life Sciences,Research & Development,Research Scientist,1,3,Travel Rarely,22,Far (16-30 km),138,48,11539,2132,<$3K,Lower Income,11,0,3,Good,1,3,2,3,2.25,Yes,High Risk,7,Mid-Level(6-10),5,4-7 Years,2,0,1,4,2
1005,Active Employee,0,No,50,46-55,Male,Married,3,Life Sciences,Research & Development,Manufacturing Director,4,3,Travel Rarely,24,Far (16-30 km),939,95,4161,13973,$10K-<15K,Upper Middle Income,18,1,3,Good,4,3,4,3,3.5,Yes,High Risk,22,Expert(20+),12,10-15 Years,11,1,5,3,2
1006,Active Employee,0,No,38,35-45,Male,Married,1,Medical,Research & Development,Research Scientist,1,3,Travel Frequently,10,Moderate (6-15 km),1391,66,12127,2684,<$3K,Lower Income,17,1,3,Good,3,3,2,2,2.5,No,Low Risk,3,Junior(3-5),2,1-3 Years,1,0,2,0,0
1007,Active Employee,0,No,46,46-55,Male,Divorced,2,Medical,Research & Development,Manufacturing Director,3,3,Travel Rarely,7,Moderate (6-15 km),566,75,24208,10845,$10K-<15K,Upper Middle Income,13,1,3,Good,4,3,2,3,3,No,Low Risk,13,Senior(11-20),8,8-10 Years,7,0,7,6,3
1009,Active Employee,0,No,24,18-25,Female,Divorced,1,Medical,Research & Development,Manufacturing Director,2,2,Travel Rarely,17,Far (16-30 km),1206,41,24117,4377,$3K-<6K,Lower Middle Income,15,2,3,Good,4,3,2,3,3,No,Low Risk,5,Junior(3-5),4,4-7 Years,2,3,2,1,6
1010,Ex-Employee,1,Yes,35,35-45,Male,Divorced,4,Other,Research & Development,Laboratory Technician,1,2,Travel Rarely,14,Moderate (6-15 km),622,39,10074,3743,$3K-<6K,Lower Middle Income,24,1,4,Excellent,3,2,4,1,2.5,Yes,Moderate Risk,5,Junior(3-5),4,4-7 Years,2,0,2,1,2
1011,Active Employee,0,No,31,26-35,Female,Married,1,Life Sciences,Research & Development,Manufacturing Director,2,3,Travel Frequently,1,Near (0-5 km),853,96,11275,4148,$3K-<6K,Lower Middle Income,12,1,3,Good,3,1,3,3,2.5,No,Low Risk,4,Junior(3-5),4,4-7 Years,3,0,3,1,1
1012,Active Employee,0,No,18,18-25,Male,Single,2,Life Sciences,Research & Development,Research Scientist,1,3,Non-Travel,5,Near (0-5 km),287,73,13493,1051,<$3K,Lower Income,15,0,3,Good,2,4,4,3,3.25,No,Low Risk,0,Fresher(0-2),0,New Joiner,0,0,0,1,2
1013,Active Employee,0,No,54,46-55,Female,Married,3,Technical Degree,Research & Development,Manufacturing Director,3,3,Travel Rarely,17,Far (16-30 km),1441,56,13943,10739,$10K-<15K,Upper Middle Income,11,1,3,Good,3,3,3,3,3,No,Low Risk,22,Expert(20+),10,8-10 Years,7,0,8,8,2
1014,Active Employee,0,No,35,35-45,Female,Divorced,4,Medical,Research & Development,Healthcare Representative,3,3,Travel Rarely,25,Far (16-30 km),583,57,6975,10388,$10K-<15K,Upper Middle Income,11,1,3,Good,3,3,3,2,2.75,Yes,High Risk,16,Senior(11-20),16,15+ Years,10,10,1,1,3
1015,Active Employee,0,No,30,26-35,Female,Married,2,Life Sciences,Research & Development,Research Director,3,4,Travel Rarely,8,Moderate (6-15 km),153,73,17802,11416,$10K-<15K,Upper Middle Income,12,3,3,Good,2,1,3,2,2,Yes,High Risk,9,Mid-Level(6-10),8,8-10 Years,7,1,7,0,4
1016,Ex-Employee,1,Yes,20,18-25,Female,Single,3,Medical,Research & Development,Research Scientist,1,2,Travel Rarely,11,Moderate (6-15 km),1097,98,18275,2600,<$3K,Lower Income,15,0,3,Good,4,1,1,3,2.25,Yes,Moderate Risk,1,Fresher(0-2),1,1-3 Years,0,0,0,1,2
1017,Ex-Employee,1,Yes,30,26-35,Female,Single,3,Medical,Research & Development,Laboratory Technician,1,3,Travel Frequently,5,Near (0-5 km),109,60,25725,2422,<$3K,Lower Income,17,0,3,Good,2,2,1,3,2,No,Low Risk,4,Junior(3-5),3,1-3 Years,2,1,2,0,3
1018,Active Employee,0,No,26,26-35,Male,Married,2,Medical,Research & Development,Manufacturing Director,2,4,Travel Rarely,2,Near (0-5 km),1066,32,3334,5472,$3K-<6K,Lower Middle Income,12,0,3,Good,4,4,2,3,3.25,No,Low Risk,8,Mid-Level(6-10),8,8-10 Years,7,1,3,1,2
1019,Active Employee,0,No,22,18-25,Male,Married,1,Life Sciences,Research & Development,Laboratory Technician,1,1,Travel Rarely,8,Moderate (6-15 km),217,94,6881,2451,<$3K,Lower Income,15,1,3,Good,2,1,1,2,1.5,No,Low Risk,4,Junior(3-5),4,4-7 Years,3,1,1,1,3
1022,Active Employee,0,No,48,46-55,Male,Single,3,Life Sciences,Research & Development,Healthcare Representative,2,2,Travel Rarely,6,Moderate (6-15 km),277,97,13119,4240,$3K-<6K,Lower Middle Income,13,0,3,Good,1,3,4,3,2.75,No,Low Risk,19,Senior(11-20),2,1-3 Years,2,2,2,2,0
1024,Active Employee,0,No,48,46-55,Male,Single,4,Life Sciences,Research & Development,Healthcare Representative,3,2,Travel Rarely,4,Near (0-5 km),1355,78,22245,10999,$10K-<15K,Upper Middle Income,14,0,3,Good,3,3,2,3,2.75,No,Low Risk,27,Expert(20+),15,10-15 Years,11,4,8,7,3
1025,Active Employee,0,No,41,35-45,Female,Single,2,Medical,Research & Development,Manufacturing Director,2,3,Travel Rarely,7,Moderate (6-15 km),549,42,23371,5003,$3K-<6K,Lower Middle Income,14,0,3,Good,4,3,2,3,3,No,Low Risk,8,Mid-Level(6-10),2,1-3 Years,2,2,1,6,6
1026,Active Employee,0,No,39,35-45,Female,Married,1,Life Sciences,Research & Development,Manufacturing Director,4,2,Travel Rarely,1,Near (0-5 km),466,65,7060,12742,$10K-<15K,Upper Middle Income,16,1,3,Good,4,4,3,3,3.5,No,Low Risk,21,Expert(20+),21,15+ Years,6,11,8,1,3
1027,Active Employee,0,No,27,26-35,Female,Married,4,Life Sciences,Research & Development,Manufacturing Director,2,3,Travel Rarely,2,Near (0-5 km),1055,47,4658,4227,$3K-<6K,Lower Middle Income,18,1,3,Good,1,4,2,3,2.5,No,Low Risk,4,Junior(3-5),3,1-3 Years,2,2,2,0,2
1028,Active Employee,0,No,35,35-45,Male,Divorced,3,Other,Research & Development,Laboratory Technician,1,3,Travel Rarely,10,Moderate (6-15 km),802,45,9541,3917,$3K-<6K,Lower Middle Income,20,1,4,Excellent,2,4,1,2,2.25,No,Low Risk,3,Junior(3-5),3,1-3 Years,2,1,2,1,4
1029,Active Employee,0,No,42,35-45,Male,Married,2,Marketing,Sales,Manager,5,3,Travel Rarely,5,Near (0-5 km),265,90,7770,18303,$15K+,Higher Income,13,0,3,Good,4,3,2,4,3.25,No,Low Risk,21,Expert(20+),1,1-3 Years,0,0,0,6,3
1030,Active Employee,0,No,50,46-55,Male,Married,3,Life Sciences,Research & Development,Laboratory Technician,1,3,Travel Rarely,9,Moderate (6-15 km),804,64,20165,2380,<$3K,Lower Income,18,0,3,Good,1,4,2,3,2.5,No,Low Risk,8,Mid-Level(6-10),1,1-3 Years,0,0,0,4,5
1032,Active Employee,0,No,59,56+,Female,Single,3,Life Sciences,Research & Development,Manufacturing Director,4,2,Travel Rarely,2,Near (0-5 km),715,69,21829,13726,$10K-<15K,Upper Middle Income,13,0,3,Good,3,4,1,3,2.75,Yes,Moderate Risk,30,Expert(20+),5,4-7 Years,3,4,3,3,4
1033,Ex-Employee,1,Yes,37,35-45,Female,Married,2,Medical,Research & Development,Healthcare Representative,2,1,Travel Rarely,11,Moderate (6-15 km),1141,61,14382,4777,$3K-<6K,Lower Middle Income,15,0,3,Good,1,2,1,1,1.25,No,Low Risk,15,Senior(11-20),1,1-3 Years,0,0,0,5,2
1034,Active Employee,0,No,55,46-55,Male,Married,4,Medical,Research & Development,Healthcare Representative,2,3,Travel Frequently,18,Far (16-30 km),135,62,12992,6385,$6K-<10K,Middle Income,14,2,3,Good,3,2,4,3,3,Yes,High Risk,17,Senior(11-20),8,8-10 Years,7,6,7,3,3
1035,Active Employee,0,No,41,35-45,Female,Divorced,1,Life Sciences,Research & Development,Research Director,5,1,Non-Travel,7,Moderate (6-15 km),247,55,20284,19973,$15K+,Higher Income,22,2,4,Excellent,2,3,2,3,2.5,No,Low Risk,21,Expert(20+),21,15+ Years,16,5,10,1,3
1036,Active Employee,0,No,38,35-45,Male,Single,4,Life Sciences,Sales,Sales Executive,2,3,Travel Rarely,3,Near (0-5 km),1035,42,4981,6861,$6K-<10K,Middle Income,12,0,3,Good,2,4,3,3,3,Yes,Moderate Risk,19,Senior(11-20),1,1-3 Years,0,0,0,8,1
1037,Ex-Employee,1,Yes,26,26-35,Male,Single,2,Medical,Sales,Sales Executive,2,1,Non-Travel,29,Far (16-30 km),265,79,21813,4969,$3K-<6K,Lower Middle Income,18,0,3,Good,2,1,4,3,2.5,No,Low Risk,7,Mid-Level(6-10),2,1-3 Years,2,2,2,8,6
1038,Ex-Employee,1,Yes,52,46-55,Female,Married,1,Marketing,Sales,Manager,5,1,Travel Rarely,2,Near (0-5 km),266,57,25846,19845,$15K+,Higher Income,15,1,3,Good,1,4,4,3,3,No,Low Risk,33,Expert(20+),32,15+ Years,14,6,9,1,3
1039,Active Employee,0,No,44,35-45,Female,Married,3,Medical,Sales,Sales Executive,4,4,Travel Rarely,28,Far (16-30 km),1448,53,11737,13320,$10K-<15K,Upper Middle Income,18,1,3,Good,4,4,3,3,3.5,Yes,High Risk,23,Expert(20+),12,10-15 Years,11,11,11,3,2
1040,Active Employee,0,No,50,46-55,Female,Married,3,Life Sciences,Sales,Sales Executive,2,3,Non-Travel,1,Near (0-5 km),145,95,24920,6347,$6K-<10K,Middle Income,12,1,3,Good,4,3,1,3,2.75,No,Low Risk,19,Senior(11-20),18,15+ Years,7,0,13,0,3
1042,Ex-Employee,1,Yes,36,35-45,Female,Single,4,Life Sciences,Research & Development,Laboratory Technician,1,4,Travel Rarely,16,Far (16-30 km),885,43,8269,2743,<$3K,Lower Income,16,0,3,Good,3,1,3,3,2.5,No,Low Risk,18,Senior(11-20),17,15+ Years,13,15,14,1,1
1043,Active Employee,0,No,39,35-45,Female,Single,3,Medical,Research & Development,Manufacturing Director,3,3,Travel Frequently,22,Far (16-30 km),945,82,5083,10880,$10K-<15K,Upper Middle Income,13,0,3,Good,4,1,3,3,2.75,Yes,High Risk,21,Expert(20+),21,15+ Years,6,2,8,1,2
1044,Active Employee,0,No,33,26-35,Female,Single,1,Life Sciences,Sales,Sales Representative,1,2,Non-Travel,8,Moderate (6-15 km),1038,88,21437,2342,<$3K,Lower Income,19,0,3,Good,2,4,4,2,3,No,Low Risk,3,Junior(3-5),2,1-3 Years,2,2,2,0,2
1045,Active Employee,0,No,45,35-45,Female,Married,2,Life Sciences,Sales,Manager,4,3,Travel Rarely,11,Moderate (6-15 km),1234,90,5404,17650,$15K+,Higher Income,13,1,3,Good,4,4,2,4,3.5,No,Low Risk,26,Expert(20+),9,8-10 Years,3,1,1,3,4
1046,Active Employee,0,No,32,26-35,Female,Single,4,Medical,Research & Development,Laboratory Technician,1,3,Non-Travel,29,Far (16-30 km),1109,69,11135,4025,$3K-<6K,Lower Middle Income,12,0,3,Good,4,3,2,3,3,No,Low Risk,10,Mid-Level(6-10),8,8-10 Years,7,7,7,9,2
1047,Active Employee,0,No,34,26-35,Male,Divorced,4,Marketing,Sales,Sales Executive,2,4,Travel Rarely,1,Near (0-5 km),216,75,12278,9725,$6K-<10K,Middle Income,11,1,3,Good,2,4,4,2,3,No,Low Risk,16,Senior(11-20),15,10-15 Years,1,0,9,0,2
1048,Active Employee,0,No,59,56+,Male,Married,2,Technical Degree,Sales,Manager,3,3,Travel Rarely,1,Near (0-5 km),1089,66,11038,11904,$10K-<15K,Upper Middle Income,14,1,3,Good,2,4,3,1,2.5,Yes,Moderate Risk,14,Senior(11-20),6,4-7 Years,4,0,4,3,1
1049,Active Employee,0,No,45,35-45,Male,Single,4,Medical,Human Resources,Human Resources,1,3,Travel Rarely,24,Far (16-30 km),788,36,8318,2177,<$3K,Lower Income,16,0,3,Good,2,2,1,3,2,No,Low Risk,6,Mid-Level(6-10),6,4-7 Years,3,0,4,1,3
1050,Active Employee,0,No,53,46-55,Female,Married,3,Marketing,Sales,Sales Executive,3,2,Travel Frequently,2,Near (0-5 km),124,38,23537,7525,$6K-<10K,Middle Income,12,1,3,Good,3,2,1,3,2.25,No,Low Risk,30,Expert(20+),15,10-15 Years,7,6,12,2,2
1052,Ex-Employee,1,Yes,36,35-45,Male,Divorced,3,Other,Research & Development,Laboratory Technician,2,3,Travel Rarely,15,Moderate (6-15 km),660,81,7858,4834,$3K-<6K,Lower Middle Income,14,1,3,Good,1,3,2,2,2,No,Low Risk,9,Mid-Level(6-10),1,1-3 Years,0,0,0,7,3
1053,Ex-Employee,1,Yes,26,26-35,Male,Married,3,Life Sciences,Research & Development,Research Scientist,1,3,Travel Frequently,2,Near (0-5 km),342,57,15346,2042,<$3K,Lower Income,14,1,3,Good,1,1,2,3,1.75,Yes,High Risk,6,Mid-Level(6-10),3,1-3 Years,2,1,2,6,2
1055,Active Employee,0,No,34,26-35,Female,Married,4,Life Sciences,Sales,Sales Representative,1,3,Travel Rarely,10,Moderate (6-15 km),1333,87,18410,2220,<$3K,Lower Income,19,1,3,Good,3,3,4,3,3.25,Yes,Moderate Risk,1,Fresher(0-2),1,1-3 Years,1,0,0,1,2
1056,Active Employee,0,No,28,26-35,Male,Married,1,Medical,Sales,Sales Representative,1,3,Travel Rarely,10,Moderate (6-15 km),1144,74,23384,1052,<$3K,Lower Income,22,0,4,Excellent,4,2,2,3,2.75,No,Low Risk,1,Fresher(0-2),1,1-3 Years,0,0,0,1,5
1060,Active Employee,0,No,38,35-45,Male,Married,4,Other,Research & Development,Research Scientist,1,3,Travel Frequently,3,Near (0-5 km),1186,44,2997,2821,<$3K,Lower Income,16,1,3,Good,3,3,1,3,2.5,No,Low Risk,8,Mid-Level(6-10),2,1-3 Years,2,2,2,3,2
1061,Active Employee,0,No,50,46-55,Male,Married,4,Medical,Research & Development,Research Director,5,3,Travel Rarely,2,Near (0-5 km),1464,62,12853,19237,$15K+,Higher Income,11,1,3,Good,2,3,4,2,2.75,Yes,High Risk,29,Expert(20+),8,8-10 Years,1,7,7,2,2
1062,Active Employee,0,No,37,35-45,Female,Single,3,Other,Research & Development,Healthcare Representative,2,3,Travel Rarely,3,Near (0-5 km),124,35,13848,4107,$3K-<6K,Lower Middle Income,15,0,3,Good,4,2,1,2,2.25,No,Low Risk,8,Mid-Level(6-10),4,4-7 Years,3,0,1,3,3
1066,Active Employee,0,No,40,35-45,Male,Married,3,Marketing,Sales,Sales Executive,2,3,Travel Rarely,26,Far (16-30 km),300,74,22217,8396,$6K-<10K,Middle Income,14,1,3,Good,3,1,2,2,2,No,Low Risk,8,Mid-Level(6-10),7,4-7 Years,7,7,5,1,3
1068,Active Employee,0,No,26,26-35,Female,Divorced,1,Medical,Research & Development,Research Scientist,1,2,Travel Frequently,1,Near (0-5 km),921,66,25265,2007,<$3K,Lower Income,13,2,3,Good,1,3,3,3,2.5,No,Low Risk,5,Junior(3-5),5,4-7 Years,3,1,3,1,5
1069,Active Employee,0,No,46,46-55,Male,Divorced,4,Medical,Research & Development,Research Director,5,3,Travel Rarely,1,Near (0-5 km),430,40,21445,19627,$15K+,Higher Income,17,2,3,Good,4,4,4,3,3.75,No,Low Risk,23,Expert(20+),2,1-3 Years,2,2,2,9,0
1070,Active Employee,0,No,54,46-55,Female,Married,4,Life Sciences,Sales,Sales Executive,3,2,Travel Rarely,2,Near (0-5 km),1082,41,8392,10686,$10K-<15K,Upper Middle Income,11,1,3,Good,3,3,2,3,2.75,No,Low Risk,13,Senior(11-20),9,8-10 Years,4,7,0,6,4
1071,Active Employee,0,No,56,56+,Female,Married,3,Medical,Research & Development,Research Scientist,1,3,Travel Frequently,9,Moderate (6-15 km),1240,63,12154,2942,<$3K,Lower Income,19,1,3,Good,1,3,2,3,2.25,No,Low Risk,18,Senior(11-20),5,4-7 Years,4,0,3,2,4
1073,Active Employee,0,No,36,35-45,Female,Single,5,Medical,Research & Development,Manufacturing Director,3,2,Travel Rarely,12,Moderate (6-15 km),796,51,15669,8858,$6K-<10K,Middle Income,11,0,3,Good,4,4,2,2,3,No,Low Risk,15,Senior(11-20),14,10-15 Years,8,7,8,0,2
1074,Active Employee,0,No,55,46-55,Male,Single,1,Medical,Research & Development,Manager,4,2,Non-Travel,2,Near (0-5 km),444,40,17323,16756,$15K+,Higher Income,15,0,3,Good,3,1,2,4,2.5,No,Low Risk,31,Expert(20+),9,8-10 Years,7,6,2,7,3
1076,Active Employee,0,No,43,35-45,Male,Divorced,3,Medical,Sales,Sales Executive,3,2,Travel Rarely,25,Far (16-30 km),415,79,5268,10798,$10K-<15K,Upper Middle Income,13,1,3,Good,3,4,3,3,3.25,No,Low Risk,18,Senior(11-20),1,1-3 Years,0,0,0,5,5
1077,Ex-Employee,1,Yes,20,18-25,Female,Single,3,Marketing,Sales,Sales Representative,1,3,Travel Frequently,9,Moderate (6-15 km),769,54,17205,2323,<$3K,Lower Income,14,0,3,Good,4,4,2,3,3.25,Yes,Moderate Risk,2,Fresher(0-2),2,1-3 Years,2,0,2,1,3
1079,Ex-Employee,1,Yes,21,18-25,Female,Single,3,Life Sciences,Research & Development,Laboratory Technician,1,2,Travel Rarely,10,Moderate (6-15 km),1334,36,17258,1416,<$3K,Lower Income,13,0,3,Good,3,1,1,2,1.75,No,Low Risk,1,Fresher(0-2),1,1-3 Years,0,1,0,1,6
1080,Active Employee,0,No,46,46-55,Female,Divorced,4,Life Sciences,Research & Development,Research Scientist,2,2,Travel Rarely,8,Moderate (6-15 km),1003,74,21029,4615,$3K-<6K,Lower Middle Income,23,3,4,Excellent,4,1,1,3,2.25,Yes,Moderate Risk,19,Senior(11-20),16,15+ Years,13,1,7,8,2
1081,Ex-Employee,1,Yes,51,46-55,Male,Married,4,Life Sciences,Research & Development,Research Scientist,1,3,Travel Rarely,4,Near (0-5 km),1323,34,10332,2461,<$3K,Lower Income,12,3,3,Good,1,3,3,4,2.75,Yes,Moderate Risk,18,Senior(11-20),10,8-10 Years,0,2,7,9,2
1082,Ex-Employee,1,Yes,28,26-35,Male,Single,2,Technical Degree,Research & Development,Healthcare Representative,3,2,Non-Travel,24,Far (16-30 km),1366,72,12355,8722,$6K-<10K,Middle Income,12,0,3,Good,2,1,1,2,1.5,No,Low Risk,10,Mid-Level(6-10),10,8-10 Years,7,1,9,1,2
1083,Active Employee,0,No,26,26-35,Male,Married,2,Medical,Research & Development,Laboratory Technician,1,2,Travel Rarely,1,Near (0-5 km),192,59,11141,3955,$3K-<6K,Lower Middle Income,16,2,3,Good,1,1,1,3,1.5,No,Low Risk,6,Mid-Level(6-10),5,4-7 Years,3,1,3,1,2
1084,Active Employee,0,No,30,26-35,Male,Married,3,Other,Research & Development,Manufacturing Director,2,3,Travel Rarely,20,Far (16-30 km),1176,85,9096,9957,$6K-<10K,Middle Income,15,1,3,Good,3,1,3,2,2.25,No,Low Risk,7,Mid-Level(6-10),6,4-7 Years,2,0,2,0,1
1085,Active Employee,0,No,41,35-45,Female,Married,2,Technical Degree,Research & Development,Research Scientist,1,4,Travel Rarely,7,Moderate (6-15 km),509,43,18863,3376,$3K-<6K,Lower Middle Income,13,0,3,Good,2,3,3,3,2.75,No,Low Risk,10,Mid-Level(6-10),10,8-10 Years,6,0,8,1,3
1088,Active Employee,0,No,38,35-45,Female,Married,1,Life Sciences,Research & Development,Healthcare Representative,3,2,Travel Rarely,17,Far (16-30 km),330,65,24608,8823,$6K-<10K,Middle Income,18,1,3,Good,3,3,1,2,2.25,No,Low Risk,20,Senior(11-20),19,15+ Years,9,1,9,0,4
1092,Active Employee,0,No,40,35-45,Male,Married,4,Technical Degree,Research & Development,Healthcare Representative,3,3,Travel Rarely,20,Far (16-30 km),1492,61,26542,10322,$10K-<15K,Upper Middle Income,20,1,4,Excellent,1,4,4,3,3,No,Low Risk,14,Senior(11-20),11,10-15 Years,10,11,1,4,6
1094,Active Employee,0,No,27,26-35,Male,Married,5,Life Sciences,Research & Development,Laboratory Technician,1,1,Non-Travel,8,Moderate (6-15 km),1277,87,5869,4621,$3K-<6K,Lower Middle Income,19,3,3,Good,1,3,4,3,2.75,No,Low Risk,3,Junior(3-5),3,1-3 Years,2,1,2,1,4
1096,Active Employee,0,No,55,46-55,Male,Married,1,Life Sciences,Research & Development,Manufacturing Director,3,3,Travel Frequently,2,Near (0-5 km),1091,65,15813,10976,$10K-<15K,Upper Middle Income,18,1,3,Good,4,2,2,3,2.75,No,Low Risk,23,Expert(20+),3,1-3 Years,2,1,2,3,4
1097,Active Employee,0,No,28,26-35,Female,Single,3,Other,Research & Development,Research Scientist,2,3,Travel Rarely,10,Moderate (6-15 km),857,59,7909,3660,$3K-<6K,Lower Middle Income,13,0,3,Good,3,3,4,4,3.5,No,Low Risk,10,Mid-Level(6-10),8,8-10 Years,7,1,7,3,4
1098,Ex-Employee,1,Yes,44,35-45,Male,Married,2,Medical,Human Resources,Human Resources,3,2,Travel Rarely,1,Near (0-5 km),1376,91,2326,10482,$10K-<15K,Upper Middle Income,14,1,3,Good,2,1,4,3,2.5,No,Low Risk,24,Expert(20+),20,15+ Years,6,3,6,9,1
1099,Active Employee,0,No,33,26-35,Male,Divorced,3,Life Sciences,Research & Development,Healthcare Representative,3,2,Travel Rarely,5,Near (0-5 km),654,34,21214,7119,$6K-<10K,Middle Income,15,1,3,Good,4,4,3,3,3.5,No,Low Risk,9,Mid-Level(6-10),3,1-3 Years,2,1,2,4,2
1100,Ex-Employee,1,Yes,35,35-45,Male,Single,3,Technical Degree,Sales,Sales Executive,3,3,Travel Rarely,4,Near (0-5 km),1204,86,10333,9582,$6K-<10K,Middle Income,22,0,4,Excellent,4,1,1,3,2.25,Yes,Moderate Risk,9,Mid-Level(6-10),8,8-10 Years,7,4,7,0,2
1101,Ex-Employee,1,Yes,33,26-35,Female,Single,4,Medical,Research & Development,Research Scientist,2,2,Travel Frequently,29,Far (16-30 km),827,54,3129,4508,$3K-<6K,Lower Middle Income,22,0,4,Excellent,1,3,2,3,2.25,No,Low Risk,14,Senior(11-20),13,10-15 Years,7,3,8,1,4
1102,Active Employee,0,No,28,26-35,Male,Divorced,2,Life Sciences,Research & Development,Laboratory Technician,1,3,Travel Rarely,15,Moderate (6-15 km),895,50,22482,2207,<$3K,Lower Income,16,1,3,Good,1,3,4,2,2.5,No,Low Risk,4,Junior(3-5),4,4-7 Years,2,2,2,1,5
1103,Active Employee,0,No,34,26-35,Male,Single,1,Life Sciences,Research & Development,Healthcare Representative,2,3,Travel Frequently,3,Near (0-5 km),618,45,22266,7756,$6K-<10K,Middle Income,17,0,3,Good,1,4,3,2,2.5,No,Low Risk,7,Mid-Level(6-10),6,4-7 Years,2,0,4,0,1
1105,Active Employee,0,No,37,35-45,Female,Divorced,4,Life Sciences,Sales,Sales Executive,2,2,Travel Rarely,10,Moderate (6-15 km),309,88,24223,6694,$6K-<10K,Middle Income,14,3,3,Good,4,4,3,3,3.5,Yes,Moderate Risk,8,Mid-Level(6-10),1,1-3 Years,0,0,0,2,5
1106,Ex-Employee,1,Yes,25,18-25,Male,Married,1,Technical Degree,Research & Development,Laboratory Technician,1,3,Travel Rarely,4,Near (0-5 km),1219,32,4605,3691,$3K-<6K,Lower Middle Income,15,1,3,Good,4,4,2,4,3.5,Yes,High Risk,7,Mid-Level(6-10),7,4-7 Years,7,5,6,1,3
1107,Ex-Employee,1,Yes,26,26-35,Male,Divorced,3,Medical,Research & Development,Laboratory Technician,1,3,Travel Rarely,21,Far (16-30 km),1330,37,19373,2377,<$3K,Lower Income,20,1,4,Excellent,1,3,3,2,2.25,No,Low Risk,1,Fresher(0-2),1,1-3 Years,1,0,0,1,0
1108,Ex-Employee,1,Yes,33,26-35,Male,Single,3,Medical,Research & Development,Research Scientist,1,2,Travel Rarely,25,Far (16-30 km),1017,55,2993,2313,<$3K,Lower Income,20,0,4,Excellent,1,2,2,3,2,Yes,High Risk,5,Junior(3-5),2,1-3 Years,2,2,2,4,0
1109,Active Employee,0,No,42,35-45,Male,Married,2,Medical,Research & Development,Manager,4,3,Travel Rarely,2,Near (0-5 km),469,35,14399,17665,$15K+,Higher Income,17,1,3,Good,4,1,4,3,3,No,Low Risk,23,Expert(20+),22,15+ Years,6,13,7,0,3
1111,Ex-Employee,1,Yes,28,26-35,Male,Divorced,3,Medical,Research & Development,Laboratory Technician,1,2,Travel Frequently,1,Near (0-5 km),1009,45,7160,2596,<$3K,Lower Income,15,2,3,Good,1,2,1,3,1.75,No,Low Risk,1,Fresher(0-2),1,1-3 Years,0,0,0,1,2
1113,Ex-Employee,1,Yes,50,46-55,Male,Single,4,Other,Sales,Sales Executive,2,3,Travel Frequently,1,Near (0-5 km),959,81,17251,4728,$3K-<6K,Lower Middle Income,14,0,3,Good,4,3,4,3,3.5,Yes,Moderate Risk,5,Junior(3-5),0,New Joiner,0,0,0,3,4
1114,Active Employee,0,No,33,26-35,Female,Married,3,Life Sciences,Sales,Sales Executive,2,3,Travel Frequently,7,Moderate (6-15 km),970,30,13401,4302,$3K-<6K,Lower Middle Income,17,1,3,Good,4,2,3,3,3,No,Low Risk,4,Junior(3-5),3,1-3 Years,2,0,2,0,3
1115,Active Employee,0,No,34,26-35,Male,Married,4,Life Sciences,Research & Development,Research Scientist,1,2,Non-Travel,3,Near (0-5 km),697,40,22478,2979,<$3K,Lower Income,17,3,3,Good,3,4,4,3,3.5,No,Low Risk,6,Mid-Level(6-10),0,New Joiner,0,0,0,3,2
1116,Active Employee,0,No,48,46-55,Male,Single,4,Medical,Research & Development,Manager,4,4,Non-Travel,1,Near (0-5 km),1262,35,16154,16885,$15K+,Higher Income,22,0,4,Excellent,1,4,3,2,2.5,No,Low Risk,27,Expert(20+),5,4-7 Years,4,2,1,2,3
1117,Active Employee,0,No,45,35-45,Female,Married,4,Life Sciences,Sales,Sales Executive,2,2,Non-Travel,9,Moderate (6-15 km),1050,65,17970,5593,$3K-<6K,Lower Middle Income,13,1,3,Good,2,3,4,3,3,No,Low Risk,15,Senior(11-20),15,10-15 Years,10,4,12,1,2
1118,Active Employee,0,No,52,46-55,Male,Single,4,Life Sciences,Research & Development,Healthcare Representative,3,3,Travel Rarely,7,Moderate (6-15 km),994,87,15322,10445,$10K-<15K,Upper Middle Income,19,0,3,Good,2,2,4,3,2.75,No,Low Risk,18,Senior(11-20),8,8-10 Years,6,4,0,7,4
1119,Active Employee,0,No,38,35-45,Male,Divorced,4,Marketing,Sales,Sales Executive,3,2,Travel Rarely,10,Moderate (6-15 km),770,73,5569,8740,$6K-<10K,Middle Income,14,2,3,Good,3,3,2,3,2.75,Yes,Moderate Risk,9,Mid-Level(6-10),8,8-10 Years,7,2,7,0,2
1120,Active Employee,0,No,29,26-35,Female,Divorced,4,Life Sciences,Research & Development,Research Scientist,1,3,Travel Rarely,28,Far (16-30 km),1107,93,26968,2514,<$3K,Lower Income,22,1,4,Excellent,3,4,1,3,2.75,No,Low Risk,11,Senior(11-20),7,4-7 Years,5,1,7,4,1
1121,Active Employee,0,No,28,26-35,Female,Divorced,3,Medical,Research & Development,Manufacturing Director,3,3,Travel Rarely,3,Near (0-5 km),950,93,8039,7655,$6K-<10K,Middle Income,17,3,3,Good,4,2,2,2,2.5,No,Low Risk,10,Mid-Level(6-10),9,8-10 Years,7,1,7,0,3
1124,Active Employee,0,No,46,46-55,Male,Married,1,Marketing,Sales,Manager,4,3,Travel Rarely,3,Near (0-5 km),406,52,15596,17465,$15K+,Higher Income,12,1,3,Good,1,3,4,3,2.75,No,Low Risk,23,Expert(20+),12,10-15 Years,9,4,9,3,3
1125,Active Employee,0,No,38,35-45,Male,Single,2,Marketing,Sales,Sales Executive,3,3,Travel Rarely,2,Near (0-5 km),130,32,20619,7351,$6K-<10K,Middle Income,16,0,3,Good,4,2,3,3,3,No,Low Risk,10,Mid-Level(6-10),1,1-3 Years,0,0,0,7,2
1126,Active Employee,0,No,43,35-45,Female,Married,3,Life Sciences,Research & Development,Manufacturing Director,3,3,Travel Frequently,27,Far (16-30 km),1082,83,11535,10820,$10K-<15K,Upper Middle Income,11,1,3,Good,3,1,3,3,2.5,No,Low Risk,18,Senior(11-20),8,8-10 Years,7,0,1,8,1
1127,Ex-Employee,1,Yes,39,35-45,Male,Divorced,3,Life Sciences,Research & Development,Healthcare Representative,4,3,Travel Frequently,2,Near (0-5 km),203,84,13547,12169,$10K-<15K,Upper Middle Income,11,3,3,Good,1,4,4,3,3,No,Low Risk,21,Expert(20+),18,15+ Years,7,11,5,7,4
1128,Active Employee,0,No,40,35-45,Male,Single,3,Medical,Research & Development,Research Director,5,2,Travel Rarely,14,Moderate (6-15 km),1308,44,17544,19626,$15K+,Higher Income,14,0,3,Good,3,3,1,4,2.75,No,Low Risk,21,Expert(20+),20,15+ Years,7,4,9,1,2
1131,Active Employee,0,No,21,18-25,Female,Single,1,Technical Degree,Research & Development,Research Scientist,1,2,Travel Rarely,1,Near (0-5 km),984,70,25326,2070,<$3K,Lower Income,11,0,3,Good,4,2,3,4,3.25,Yes,Moderate Risk,2,Fresher(0-2),2,1-3 Years,2,2,2,1,6
1132,Active Employee,0,No,39,35-45,Male,Single,3,Life Sciences,Research & Development,Laboratory Technician,2,3,Non-Travel,9,Moderate (6-15 km),439,70,8770,6782,$6K-<10K,Middle Income,15,0,3,Good,3,2,3,2,2.5,No,Low Risk,9,Mid-Level(6-10),5,4-7 Years,4,0,3,9,2
1133,Active Employee,0,No,36,35-45,Male,Single,4,Life Sciences,Research & Development,Manufacturing Director,2,3,Non-Travel,18,Far (16-30 km),217,78,23238,7779,$6K-<10K,Middle Income,20,0,4,Excellent,1,4,1,3,2.25,No,Low Risk,18,Senior(11-20),11,10-15 Years,9,0,9,2,0
1135,Active Employee,0,No,31,26-35,Male,Married,3,Life Sciences,Sales,Sales Representative,1,4,Travel Frequently,20,Far (16-30 km),793,67,21981,2791,<$3K,Lower Income,12,1,3,Good,3,4,1,3,2.75,No,Low Risk,3,Junior(3-5),2,1-3 Years,2,2,2,0,4
1136,Active Employee,0,No,28,26-35,Male,Married,1,Life Sciences,Research & Development,Research Scientist,1,2,Travel Rarely,2,Near (0-5 km),1451,67,19911,3201,$3K-<6K,Lower Middle Income,17,0,3,Good,1,2,1,1,1.25,No,Low Risk,6,Mid-Level(6-10),5,4-7 Years,3,0,4,0,2
1137,Active Employee,0,No,35,35-45,Male,Divorced,2,Marketing,Sales,Sales Executive,2,3,Travel Frequently,11,Moderate (6-15 km),1182,54,18500,4968,$3K-<6K,Lower Middle Income,11,1,3,Good,4,4,4,3,3.75,No,Low Risk,5,Junior(3-5),5,4-7 Years,2,0,2,1,3
1138,Active Employee,0,No,49,46-55,Male,Married,4,Technical Degree,Sales,Sales Executive,4,2,Travel Rarely,8,Moderate (6-15 km),174,56,11879,13120,$10K-<15K,Upper Middle Income,17,1,3,Good,4,2,2,3,2.75,No,Low Risk,22,Expert(20+),9,8-10 Years,8,2,3,6,3
1140,Active Employee,0,No,34,26-35,Male,Single,2,Life Sciences,Research & Development,Manufacturing Director,2,3,Travel Frequently,2,Near (0-5 km),1003,95,15834,4033,$3K-<6K,Lower Middle Income,11,0,3,Good,4,3,4,2,3.25,No,Low Risk,5,Junior(3-5),3,1-3 Years,2,0,2,2,3
1143,Active Employee,0,No,29,26-35,Female,Divorced,3,Life Sciences,Research & Development,Research Scientist,1,3,Travel Frequently,10,Moderate (6-15 km),490,61,17940,3291,$3K-<6K,Lower Middle Income,14,2,3,Good,4,2,4,2,3,No,Low Risk,8,Mid-Level(6-10),7,4-7 Years,5,1,1,0,2
1148,Active Employee,0,No,42,35-45,Male,Single,3,Medical,Research & Development,Laboratory Technician,2,1,Travel Rarely,29,Far (16-30 km),188,56,9558,4272,$3K-<6K,Lower Middle Income,19,0,3,Good,2,4,1,3,2.5,No,Low Risk,16,Senior(11-20),1,1-3 Years,0,0,0,4,3
1150,Active Employee,0,No,29,26-35,Male,Married,1,Medical,Research & Development,Manufacturing Director,2,2,Travel Rarely,8,Moderate (6-15 km),718,79,17689,5056,$3K-<6K,Lower Middle Income,15,1,3,Good,2,4,3,2,2.75,Yes,Moderate Risk,10,Mid-Level(6-10),10,8-10 Years,7,1,2,1,2
1152,Active Employee,0,No,38,35-45,Male,Married,3,Human Resources,Human Resources,Human Resources,1,4,Travel Rarely,1,Near (0-5 km),433,37,6004,2844,<$3K,Lower Income,13,1,3,Good,3,3,4,4,3.5,No,Low Risk,7,Mid-Level(6-10),7,4-7 Years,6,5,0,1,2
1154,Active Employee,0,No,28,26-35,Male,Divorced,3,Life Sciences,Research & Development,Research Scientist,1,2,Travel Frequently,6,Moderate (6-15 km),773,39,22088,2703,<$3K,Lower Income,14,1,3,Good,3,3,4,3,3.25,Yes,Moderate Risk,3,Junior(3-5),3,1-3 Years,1,0,2,1,2
1156,Ex-Employee,1,Yes,18,18-25,Male,Single,1,Medical,Research & Development,Laboratory Technician,1,3,Non-Travel,8,Moderate (6-15 km),247,80,13556,1904,<$3K,Lower Income,12,0,3,Good,3,3,4,3,3.25,No,Low Risk,0,Fresher(0-2),0,New Joiner,0,0,0,1,0
1157,Ex-Employee,1,Yes,33,26-35,Female,Single,4,Marketing,Sales,Sales Executive,2,3,Travel Rarely,9,Moderate (6-15 km),603,77,18385,8224,$6K-<10K,Middle Income,17,0,3,Good,1,1,1,3,1.5,Yes,High Risk,6,Mid-Level(6-10),5,4-7 Years,2,0,3,0,3
1158,Active Employee,0,No,41,35-45,Male,Married,4,Life Sciences,Research & Development,Laboratory Technician,1,3,Travel Rarely,12,Moderate (6-15 km),167,46,9051,4766,$3K-<6K,Lower Middle Income,11,1,3,Good,2,4,1,3,2.5,Yes,Moderate Risk,6,Mid-Level(6-10),1,1-3 Years,0,0,0,3,4
1160,Ex-Employee,1,Yes,31,26-35,Male,Married,3,Medical,Research & Development,Laboratory Technician,1,3,Travel Frequently,15,Moderate (6-15 km),874,72,6233,2610,<$3K,Lower Income,12,1,3,Good,3,3,3,2,2.75,No,Low Risk,2,Fresher(0-2),2,1-3 Years,2,2,2,1,5
1161,Active Employee,0,No,37,35-45,Female,Divorced,2,Medical,Research & Development,Healthcare Representative,2,2,Travel Rarely,25,Far (16-30 km),367,52,17171,5731,$3K-<6K,Lower Middle Income,13,2,3,Good,3,4,3,3,3.25,No,Low Risk,9,Mid-Level(6-10),6,4-7 Years,2,1,3,7,2
1162,Active Employee,0,No,27,26-35,Male,Married,3,Life Sciences,Research & Development,Research Scientist,1,2,Travel Rarely,6,Moderate (6-15 km),199,55,7950,2539,<$3K,Lower Income,13,1,3,Good,4,3,3,3,3.25,No,Low Risk,4,Junior(3-5),4,4-7 Years,2,2,2,1,0
1163,Active Employee,0,No,34,26-35,Female,Married,1,Life Sciences,Sales,Sales Executive,2,3,Travel Rarely,9,Moderate (6-15 km),1400,70,5829,5714,$3K-<6K,Lower Middle Income,20,0,4,Excellent,2,3,1,2,2,No,Low Risk,6,Mid-Level(6-10),6,4-7 Years,5,1,3,1,3
1164,Active Employee,0,No,35,35-45,Male,Single,4,Technical Degree,Human Resources,Human Resources,1,3,Travel Rarely,8,Moderate (6-15 km),528,100,7108,4323,$3K-<6K,Lower Middle Income,17,0,3,Good,3,3,2,1,2.25,No,Low Risk,6,Mid-Level(6-10),5,4-7 Years,4,1,4,1,2
1165,Ex-Employee,1,Yes,29,26-35,Female,Married,1,Life Sciences,Sales,Sales Executive,3,2,Travel Rarely,23,Far (16-30 km),408,45,11162,7336,$6K-<10K,Middle Income,13,1,3,Good,4,1,1,1,1.75,No,Low Risk,11,Senior(11-20),11,10-15 Years,8,3,10,1,3
1166,Active Employee,0,No,40,35-45,Female,Single,4,Medical,Research & Development,Research Director,3,3,Travel Frequently,9,Moderate (6-15 km),593,88,13782,13499,$10K-<15K,Upper Middle Income,17,0,3,Good,2,3,3,2,2.5,No,Low Risk,20,Senior(11-20),18,15+ Years,7,2,13,9,3
1167,Ex-Employee,1,Yes,42,35-45,Male,Single,3,Life Sciences,Sales,Sales Executive,4,3,Travel Frequently,12,Moderate (6-15 km),481,44,2447,13758,$10K-<15K,Upper Middle Income,12,0,3,Good,3,1,2,2,2,Yes,High Risk,22,Expert(20+),21,15+ Years,9,13,14,0,2
1171,Active Employee,0,No,42,35-45,Male,Single,4,Marketing,Sales,Sales Executive,2,3,Travel Rarely,4,Near (0-5 km),647,45,2253,5155,$3K-<6K,Lower Middle Income,13,0,3,Good,2,1,4,4,2.75,No,Low Risk,9,Mid-Level(6-10),6,4-7 Years,4,1,5,7,3
1172,Active Employee,0,No,35,35-45,Male,Married,4,Medical,Research & Development,Laboratory Technician,1,2,Travel Rarely,1,Near (0-5 km),982,58,16340,2258,<$3K,Lower Income,12,1,3,Good,4,3,2,3,3,No,Low Risk,10,Mid-Level(6-10),8,8-10 Years,0,1,7,6,2
1173,Active Employee,0,No,24,18-25,Male,Single,3,Medical,Research & Development,Laboratory Technician,1,3,Travel Rarely,24,Far (16-30 km),477,49,6409,3597,$3K-<6K,Lower Middle Income,22,0,4,Excellent,4,2,4,3,3.25,No,Low Risk,6,Mid-Level(6-10),4,4-7 Years,3,1,2,8,2
1175,Ex-Employee,1,Yes,28,26-35,Female,Married,1,Life Sciences,Research & Development,Laboratory Technician,1,3,Travel Rarely,12,Moderate (6-15 km),1485,79,22955,2515,<$3K,Lower Income,11,0,3,Good,3,4,4,2,3.25,Yes,Moderate Risk,1,Fresher(0-2),1,1-3 Years,1,0,0,1,4
1177,Active Employee,0,No,26,26-35,Male,Married,4,Medical,Research & Development,Laboratory Technician,1,4,Travel Rarely,3,Near (0-5 km),1384,82,13421,4420,$3K-<6K,Lower Middle Income,22,1,4,Excellent,1,4,2,3,2.5,No,Low Risk,8,Mid-Level(6-10),8,8-10 Years,7,0,7,1,2
1179,Active Employee,0,No,30,26-35,Male,Married,3,Marketing,Sales,Sales Executive,2,2,Travel Rarely,10,Moderate (6-15 km),852,72,2706,6578,$6K-<10K,Middle Income,18,1,3,Good,3,3,1,3,2.5,No,Low Risk,10,Mid-Level(6-10),10,8-10 Years,3,1,4,1,3
1180,Active Employee,0,No,40,35-45,Female,Married,2,Medical,Research & Development,Research Scientist,2,2,Travel Frequently,26,Far (16-30 km),902,92,21203,4422,$3K-<6K,Lower Middle Income,13,1,3,Good,3,4,4,1,3,Yes,High Risk,16,Senior(11-20),1,1-3 Years,1,0,0,3,3
1182,Active Employee,0,No,35,35-45,Male,Divorced,3,Life Sciences,Research & Development,Manufacturing Director,3,2,Travel Rarely,2,Near (0-5 km),819,44,19588,10274,$10K-<15K,Upper Middle Income,18,1,3,Good,3,2,2,4,2.75,No,Low Risk,15,Senior(11-20),7,4-7 Years,7,6,4,2,2
1184,Active Employee,0,No,34,26-35,Male,Single,3,Medical,Research & Development,Healthcare Representative,2,2,Travel Frequently,1,Near (0-5 km),669,97,25755,5343,$3K-<6K,Lower Middle Income,20,0,4,Excellent,4,1,3,3,2.75,No,Low Risk,14,Senior(11-20),13,10-15 Years,9,4,9,0,3
1185,Active Employee,0,No,35,35-45,Male,Married,4,Other,Research & Development,Laboratory Technician,1,2,Travel Frequently,4,Near (0-5 km),636,47,26537,2376,<$3K,Lower Income,13,1,3,Good,4,4,2,4,3.5,No,Low Risk,2,Fresher(0-2),2,1-3 Years,2,2,2,1,2
1188,Ex-Employee,1,Yes,43,35-45,Female,Single,3,Marketing,Sales,Sales Executive,2,1,Travel Rarely,9,Moderate (6-15 km),1372,85,9489,5346,$3K-<6K,Lower Middle Income,13,0,3,Good,1,3,2,2,2,No,Low Risk,7,Mid-Level(6-10),4,4-7 Years,3,1,3,8,2
1190,Active Employee,0,No,32,26-35,Female,Divorced,1,Life Sciences,Sales,Sales Representative,1,3,Non-Travel,2,Near (0-5 km),862,76,14947,2827,<$3K,Lower Income,12,3,3,Good,3,1,3,3,2.5,No,Low Risk,1,Fresher(0-2),1,1-3 Years,0,0,0,1,3
1191,Active Employee,0,No,56,56+,Female,Divorced,4,Technical Degree,Research & Development,Manager,5,3,Travel Rarely,4,Near (0-5 km),718,92,18575,19943,$15K+,Higher Income,13,1,3,Good,4,1,4,3,3,No,Low Risk,28,Expert(20+),5,4-7 Years,2,4,2,4,2
1192,Active Employee,0,No,29,26-35,Female,Married,1,Medical,Research & Development,Laboratory Technician,1,3,Travel Rarely,6,Moderate (6-15 km),1401,54,26342,3131,$3K-<6K,Lower Middle Income,13,1,3,Good,2,4,1,3,2.5,No,Low Risk,10,Mid-Level(6-10),10,8-10 Years,8,0,8,1,5
1193,Active Employee,0,No,19,18-25,Male,Single,2,Life Sciences,Research & Development,Research Scientist,1,3,Travel Rarely,9,Moderate (6-15 km),645,54,7172,2552,<$3K,Lower Income,25,0,4,Excellent,3,1,3,3,2.5,No,Low Risk,1,Fresher(0-2),1,1-3 Years,1,0,0,1,4
1195,Active Employee,0,No,45,35-45,Female,Married,3,Medical,Research & Development,Research Scientist,1,3,Travel Rarely,7,Moderate (6-15 km),1457,83,20100,4477,$3K-<6K,Lower Middle Income,19,1,3,Good,1,3,3,2,2.25,Yes,Moderate Risk,7,Mid-Level(6-10),3,1-3 Years,2,0,2,4,2
1196,Active Employee,0,No,37,35-45,Female,Married,3,Life Sciences,Research & Development,Manufacturing Director,2,2,Travel Rarely,1,Near (0-5 km),977,56,9961,6474,$6K-<10K,Middle Income,13,1,3,Good,4,4,2,2,3,No,Low Risk,14,Senior(11-20),14,10-15 Years,8,3,11,1,2
1198,Active Employee,0,No,20,18-25,Male,Single,3,Life Sciences,Research & Development,Laboratory Technician,1,2,Travel Rarely,3,Near (0-5 km),805,87,12828,3033,$3K-<6K,Lower Middle Income,12,0,3,Good,1,3,1,2,1.75,No,Low Risk,2,Fresher(0-2),2,1-3 Years,2,1,2,1,2
1200,Ex-Employee,1,Yes,44,35-45,Male,Single,4,Life Sciences,Research & Development,Research Scientist,1,3,Travel Rarely,10,Moderate (6-15 km),1097,96,10826,2936,<$3K,Lower Income,11,0,3,Good,3,3,3,3,3,Yes,Moderate Risk,6,Mid-Level(6-10),6,4-7 Years,4,0,2,1,4
1201,Active Employee,0,No,53,46-55,Female,Divorced,2,Medical,Research & Development,Manager,5,3,Travel Rarely,7,Moderate (6-15 km),1223,50,18640,18606,$15K+,Higher Income,18,1,3,Good,4,3,2,3,3,No,Low Risk,26,Expert(20+),7,4-7 Years,7,4,7,3,6
1202,Active Employee,0,No,29,26-35,Female,Married,1,Life Sciences,Research & Development,Research Scientist,1,1,Travel Rarely,15,Moderate (6-15 km),942,69,26933,2168,<$3K,Lower Income,18,1,3,Good,2,4,1,2,2.25,Yes,Moderate Risk,6,Mid-Level(6-10),5,4-7 Years,4,1,3,0,2
1203,Ex-Employee,1,Yes,22,18-25,Male,Married,4,Life Sciences,Research & Development,Research Scientist,1,2,Travel Frequently,3,Near (0-5 km),1256,48,4223,2853,<$3K,Lower Income,11,1,3,Good,3,4,2,3,3,Yes,Moderate Risk,1,Fresher(0-2),0,New Joiner,0,0,0,0,5
1204,Active Employee,0,No,46,46-55,Female,Married,3,Marketing,Sales,Manager,4,3,Travel Rarely,2,Near (0-5 km),1402,69,24097,17048,$15K+,Higher Income,23,0,4,Excellent,3,1,1,3,2,No,Low Risk,28,Expert(20+),26,15+ Years,15,15,9,8,2
1206,Active Employee,0,No,44,35-45,Male,Single,3,Life Sciences,Research & Development,Research Scientist,1,1,Non-Travel,17,Far (16-30 km),111,74,4279,2290,<$3K,Lower Income,13,0,3,Good,4,3,4,3,3.5,No,Low Risk,6,Mid-Level(6-10),0,New Joiner,0,0,0,2,3
1207,Active Employee,0,No,33,26-35,Male,Married,3,Human Resources,Human Resources,Human Resources,1,3,Travel Rarely,2,Near (0-5 km),147,99,8429,3600,$3K-<6K,Lower Middle Income,13,1,3,Good,2,3,4,3,3,No,Low Risk,5,Junior(3-5),5,4-7 Years,4,1,4,1,2
1210,Ex-Employee,1,Yes,41,35-45,Male,Divorced,2,Life Sciences,Research & Development,Research Scientist,1,2,Non-Travel,5,Near (0-5 km),906,95,20293,2107,<$3K,Lower Income,17,1,3,Good,1,1,1,1,1,No,Low Risk,5,Junior(3-5),1,1-3 Years,0,0,0,6,2
1211,Active Employee,0,No,30,26-35,Male,Divorced,4,Life Sciences,Sales,Sales Executive,2,3,Travel Rarely,29,Far (16-30 km),1329,61,13192,4115,$3K-<6K,Lower Middle Income,19,3,3,Good,3,1,3,3,2.5,No,Low Risk,8,Mid-Level(6-10),4,4-7 Years,3,0,3,8,3
1212,Active Employee,0,No,40,35-45,Male,Married,4,Medical,Sales,Sales Executive,2,3,Travel Frequently,2,Near (0-5 km),1184,62,25440,4327,$3K-<6K,Lower Middle Income,12,3,3,Good,2,2,4,3,2.75,No,Low Risk,5,Junior(3-5),0,New Joiner,0,0,0,5,2
1215,Active Employee,0,No,50,46-55,Female,Married,3,Medical,Research & Development,Manager,4,3,Travel Frequently,2,Near (0-5 km),1421,30,9490,17856,$15K+,Higher Income,22,1,4,Excellent,4,1,3,3,2.75,No,Low Risk,32,Expert(20+),2,1-3 Years,2,2,2,2,3
1216,Active Employee,0,No,28,26-35,Male,Married,4,Medical,Research & Development,Laboratory Technician,1,2,Travel Rarely,19,Far (16-30 km),1179,78,12449,3196,$3K-<6K,Lower Middle Income,12,3,3,Good,4,1,3,3,2.75,No,Low Risk,6,Mid-Level(6-10),6,4-7 Years,5,3,3,1,2
1217,Active Employee,0,No,46,46-55,Male,Married,2,Life Sciences,Research & Development,Research Director,5,3,Travel Rarely,15,Moderate (6-15 km),1450,52,10849,19081,$15K+,Higher Income,11,1,3,Good,4,2,1,3,2.5,No,Low Risk,25,Expert(20+),4,4-7 Years,2,0,3,5,2
1218,Active Employee,0,No,35,35-45,Male,Married,4,Life Sciences,Sales,Sales Executive,2,3,Travel Rarely,17,Far (16-30 km),1361,94,21026,8966,$6K-<10K,Middle Income,15,3,3,Good,3,1,4,3,2.75,Yes,High Risk,15,Senior(11-20),7,4-7 Years,7,1,7,3,2
1219,Ex-Employee,1,Yes,24,18-25,Female,Married,2,Life Sciences,Research & Development,Laboratory Technician,1,3,Travel Rarely,17,Far (16-30 km),984,97,3372,2210,<$3K,Lower Income,13,1,3,Good,4,2,1,1,2,No,Low Risk,1,Fresher(0-2),1,1-3 Years,0,0,0,1,3
1220,Active Employee,0,No,33,26-35,Female,Married,3,Medical,Sales,Sales Executive,2,3,Travel Frequently,25,Far (16-30 km),1146,82,4905,4539,$3K-<6K,Lower Middle Income,12,1,3,Good,2,3,1,2,2,No,Low Risk,10,Mid-Level(6-10),10,8-10 Years,7,0,1,1,3
1221,Active Employee,0,No,36,35-45,Male,Divorced,4,Life Sciences,Research & Development,Laboratory Technician,1,1,Travel Rarely,6,Moderate (6-15 km),917,60,6865,2741,<$3K,Lower Income,14,1,3,Good,3,3,3,3,3,No,Low Risk,7,Mid-Level(6-10),7,4-7 Years,7,1,7,1,4
1224,Active Employee,0,No,30,26-35,Male,Divorced,4,Life Sciences,Research & Development,Laboratory Technician,2,3,Travel Rarely,7,Moderate (6-15 km),853,49,11309,3491,$3K-<6K,Lower Middle Income,13,3,3,Good,3,3,1,2,2.25,No,Low Risk,10,Mid-Level(6-10),10,8-10 Years,7,8,9,1,4
1225,Active Employee,0,No,44,35-45,Male,Single,4,Other,Research & Development,Research Scientist,2,3,Travel Rarely,29,Far (16-30 km),200,32,7744,4541,$3K-<6K,Lower Middle Income,25,0,4,Excellent,4,4,2,3,3.25,No,Low Risk,20,Senior(11-20),20,15+ Years,11,13,17,1,3
1226,Active Employee,0,No,20,18-25,Male,Single,3,Marketing,Sales,Sales Representative,1,4,Travel Rarely,21,Far (16-30 km),654,43,5050,2678,<$3K,Lower Income,17,0,3,Good,3,4,4,3,3.5,No,Low Risk,2,Fresher(0-2),2,1-3 Years,1,2,2,1,2
1228,Active Employee,0,No,46,46-55,Male,Divorced,4,Technical Degree,Research & Development,Manufacturing Director,2,3,Travel Rarely,2,Near (0-5 km),150,60,17433,7379,$6K-<10K,Middle Income,11,1,3,Good,4,4,3,2,3.25,No,Low Risk,12,Senior(11-20),6,4-7 Years,3,1,4,2,3
1231,Active Employee,0,No,42,35-45,Male,Married,5,Medical,Human Resources,Human Resources,2,4,Non-Travel,2,Near (0-5 km),179,79,12858,6272,$6K-<10K,Middle Income,16,1,3,Good,4,1,1,4,2.5,No,Low Risk,10,Mid-Level(6-10),4,4-7 Years,3,0,3,7,3
1233,Active Employee,0,No,60,56+,Male,Divorced,4,Marketing,Sales,Sales Executive,2,4,Travel Rarely,7,Moderate (6-15 km),696,52,10893,5220,$3K-<6K,Lower Middle Income,18,1,3,Good,2,4,2,3,2.75,Yes,Moderate Risk,12,Senior(11-20),11,10-15 Years,7,1,9,0,3
1234,Active Employee,0,No,32,26-35,Female,Married,3,Other,Research & Development,Laboratory Technician,1,2,Travel Frequently,13,Moderate (6-15 km),116,77,7331,2743,<$3K,Lower Income,20,1,4,Excellent,3,2,3,3,2.75,No,Low Risk,2,Fresher(0-2),2,1-3 Years,2,2,2,1,2
1235,Active Employee,0,No,32,26-35,Female,Single,2,Life Sciences,Research & Development,Research Scientist,2,3,Travel Frequently,2,Near (0-5 km),1316,38,2338,4998,$3K-<6K,Lower Middle Income,14,0,3,Good,4,3,4,3,3.5,Yes,Moderate Risk,10,Mid-Level(6-10),8,8-10 Years,7,0,7,4,2
1237,Active Employee,0,No,36,35-45,Female,Divorced,3,Technical Degree,Research & Development,Manufacturing Director,3,1,Travel Rarely,1,Near (0-5 km),363,77,4235,10252,$10K-<15K,Upper Middle Income,21,1,4,Excellent,3,1,3,3,2.5,Yes,High Risk,17,Senior(11-20),7,4-7 Years,7,7,7,2,2
1238,Active Employee,0,No,33,26-35,Male,Married,3,Medical,Research & Development,Research Scientist,1,3,Travel Rarely,9,Moderate (6-15 km),117,60,6311,2781,<$3K,Lower Income,13,1,3,Good,1,4,2,3,2.5,No,Low Risk,15,Senior(11-20),14,10-15 Years,10,4,10,0,5
1239,Active Employee,0,No,40,35-45,Female,Divorced,3,Technical Degree,Sales,Sales Executive,2,2,Travel Rarely,10,Moderate (6-15 km),107,84,11591,6852,$6K-<10K,Middle Income,12,1,3,Good,2,2,2,4,2.5,No,Low Risk,7,Mid-Level(6-10),5,4-7 Years,1,1,3,7,2
1240,Active Employee,0,No,25,18-25,Male,Single,4,Life Sciences,Sales,Sales Executive,2,3,Travel Rarely,10,Moderate (6-15 km),1356,57,20623,4950,$3K-<6K,Lower Middle Income,14,0,3,Good,3,4,2,3,3,No,Low Risk,5,Junior(3-5),4,4-7 Years,3,1,1,0,4
1241,Active Employee,0,No,30,26-35,Male,Married,3,Medical,Research & Development,Research Scientist,1,3,Travel Rarely,1,Near (0-5 km),1465,63,9369,3579,$3K-<6K,Lower Middle Income,21,1,4,Excellent,4,2,1,3,2.5,Yes,High Risk,12,Senior(11-20),11,10-15 Years,9,5,7,0,2
1242,Active Employee,0,No,42,35-45,Female,Married,5,Medical,Research & Development,Research Director,3,3,Travel Frequently,26,Far (16-30 km),458,60,23281,13191,$10K-<15K,Upper Middle Income,17,0,3,Good,1,1,3,3,2,Yes,High Risk,20,Senior(11-20),1,1-3 Years,0,0,0,3,6
1243,Active Employee,0,No,35,35-45,Female,Married,2,Marketing,Sales,Sales Executive,3,2,Non-Travel,8,Moderate (6-15 km),1212,78,13755,10377,$10K-<15K,Upper Middle Income,11,1,3,Good,3,4,2,2,2.75,Yes,Moderate Risk,16,Senior(11-20),13,10-15 Years,2,4,12,4,6
1244,Active Employee,0,No,27,26-35,Male,Married,3,Life Sciences,Research & Development,Research Scientist,1,3,Travel Rarely,14,Moderate (6-15 km),1103,42,14377,2235,<$3K,Lower Income,14,2,3,Good,1,1,4,2,2,Yes,High Risk,9,Mid-Level(6-10),9,8-10 Years,7,6,8,1,3
1245,Active Employee,0,No,54,46-55,Female,Divorced,4,Life Sciences,Research & Development,Manufacturing Director,3,3,Travel Frequently,1,Near (0-5 km),966,53,9659,10502,$10K-<15K,Upper Middle Income,17,1,3,Good,4,3,1,1,2.25,No,Low Risk,33,Expert(20+),5,4-7 Years,4,1,4,7,2
1246,Active Employee,0,No,44,35-45,Female,Married,1,Life Sciences,Research & Development,Research Scientist,1,4,Travel Rarely,2,Near (0-5 km),1117,72,19982,2011,<$3K,Lower Income,13,1,3,Good,1,4,4,3,3,No,Low Risk,10,Mid-Level(6-10),10,8-10 Years,5,7,7,1,5
1248,Ex-Employee,1,Yes,19,18-25,Female,Single,3,Medical,Research & Development,Research Scientist,1,2,Non-Travel,10,Moderate (6-15 km),504,96,6148,1859,<$3K,Lower Income,25,0,4,Excellent,1,2,2,4,2.25,Yes,Moderate Risk,1,Fresher(0-2),1,1-3 Years,1,0,0,1,2
1249,Active Employee,0,No,29,26-35,Female,Divorced,3,Life Sciences,Research & Development,Research Scientist,1,3,Travel Rarely,1,Near (0-5 km),1010,97,5598,3760,$3K-<6K,Lower Middle Income,15,3,3,Good,1,4,1,3,2.25,No,Low Risk,3,Junior(3-5),3,1-3 Years,2,1,2,1,5
1250,Active Employee,0,No,54,46-55,Male,Married,3,Life Sciences,Research & Development,Research Director,4,3,Travel Rarely,3,Near (0-5 km),685,85,23474,17779,$15K+,Higher Income,14,0,3,Good,4,4,1,3,3,No,Low Risk,36,Expert(20+),10,8-10 Years,9,0,9,3,2
1251,Active Employee,0,No,31,26-35,Male,Married,2,Medical,Research & Development,Healthcare Representative,2,3,Travel Rarely,11,Moderate (6-15 km),1332,80,17089,6833,$6K-<10K,Middle Income,12,0,3,Good,3,1,4,2,2.5,Yes,Moderate Risk,6,Mid-Level(6-10),6,4-7 Years,5,0,1,1,2
1252,Active Employee,0,No,31,26-35,Female,Single,3,Medical,Research & Development,Healthcare Representative,2,2,Travel Rarely,24,Far (16-30 km),1062,96,17198,6812,$6K-<10K,Middle Income,19,0,3,Good,3,1,2,3,2.25,No,Low Risk,10,Mid-Level(6-10),10,8-10 Years,9,1,8,1,2
1254,Active Employee,0,No,59,56+,Female,Single,3,Life Sciences,Sales,Sales Executive,2,2,Travel Rarely,3,Near (0-5 km),326,48,16490,5171,$3K-<6K,Lower Middle Income,17,0,3,Good,3,4,4,3,3.5,No,Low Risk,13,Senior(11-20),6,4-7 Years,1,0,5,5,2
1255,Active Employee,0,No,43,35-45,Male,Married,3,Life Sciences,Research & Development,Research Director,5,1,Travel Rarely,3,Near (0-5 km),920,96,18625,19740,$15K+,Higher Income,14,1,3,Good,3,4,2,3,3,No,Low Risk,25,Expert(20+),8,8-10 Years,7,0,7,3,2
1256,Active Employee,0,No,49,46-55,Male,Married,2,Medical,Research & Development,Manager,5,2,Travel Rarely,4,Near (0-5 km),1098,85,12124,18711,$15K+,Higher Income,13,1,3,Good,1,3,3,4,2.75,No,Low Risk,23,Expert(20+),1,1-3 Years,0,0,0,2,2
1257,Active Employee,0,No,36,35-45,Male,Married,3,Technical Degree,Research & Development,Research Scientist,1,3,Travel Frequently,3,Near (0-5 km),469,46,9256,3692,$3K-<6K,Lower Middle Income,12,0,3,Good,3,2,3,2,2.5,No,Low Risk,12,Senior(11-20),11,10-15 Years,10,0,7,1,2
1258,Active Employee,0,No,48,46-55,Male,Single,2,Technical Degree,Research & Development,Laboratory Technician,1,4,Travel Rarely,2,Near (0-5 km),969,76,16620,2559,<$3K,Lower Income,11,0,3,Good,4,2,3,2,2.75,No,Low Risk,7,Mid-Level(6-10),1,1-3 Years,0,0,0,5,4
1259,Active Employee,0,No,27,26-35,Male,Divorced,2,Life Sciences,Research & Development,Research Scientist,1,3,Travel Rarely,4,Near (0-5 km),1167,76,3208,2517,<$3K,Lower Income,11,3,3,Good,1,3,2,3,2.25,No,Low Risk,5,Junior(3-5),5,4-7 Years,3,0,3,1,2
1260,Active Employee,0,No,29,26-35,Male,Divorced,3,Life Sciences,Research & Development,Healthcare Representative,2,3,Travel Rarely,7,Moderate (6-15 km),1329,82,4204,6623,$6K-<10K,Middle Income,11,2,3,Good,3,4,2,3,3,Yes,Moderate Risk,6,Mid-Level(6-10),6,4-7 Years,0,1,0,1,2
1263,Active Employee,0,No,48,46-55,Male,Single,3,Life Sciences,Research & Development,Research Director,5,2,Travel Rarely,1,Near (0-5 km),715,76,8733,18265,$15K+,Higher Income,12,0,3,Good,4,4,3,4,3.75,No,Low Risk,25,Expert(20+),1,1-3 Years,0,0,0,6,3
1264,Active Employee,0,No,29,26-35,Female,Divorced,3,Life Sciences,Research & Development,Research Director,4,2,Travel Rarely,1,Near (0-5 km),694,87,3423,16124,$15K+,Higher Income,14,2,3,Good,4,4,2,2,3,No,Low Risk,9,Mid-Level(6-10),7,4-7 Years,7,1,7,3,2
1265,Active Employee,0,No,34,26-35,Female,Married,3,Technical Degree,Research & Development,Research Scientist,1,4,Travel Rarely,20,Far (16-30 km),1320,89,21643,2585,<$3K,Lower Income,17,0,3,Good,3,3,4,2,3,No,Low Risk,2,Fresher(0-2),1,1-3 Years,0,0,0,0,5
1267,Active Employee,0,No,44,35-45,Male,Married,3,Marketing,Sales,Manager,5,3,Travel Rarely,5,Near (0-5 km),1099,88,8751,18213,$15K+,Higher Income,11,1,3,Good,2,2,3,3,2.5,No,Low Risk,26,Expert(20+),22,15+ Years,9,3,10,7,5
1268,Active Employee,0,No,33,26-35,Male,Divorced,5,Marketing,Sales,Sales Executive,3,4,Travel Rarely,10,Moderate (6-15 km),536,82,21708,8380,$6K-<10K,Middle Income,14,2,3,Good,4,3,4,3,3.5,Yes,Moderate Risk,10,Mid-Level(6-10),9,8-10 Years,8,0,8,0,3
1269,Active Employee,0,No,19,18-25,Female,Single,3,Life Sciences,Research & Development,Research Scientist,1,4,Travel Rarely,25,Far (16-30 km),265,57,21221,2994,<$3K,Lower Income,12,0,3,Good,2,4,4,3,3.25,Yes,High Risk,1,Fresher(0-2),1,1-3 Years,0,0,1,1,2
1270,Active Employee,0,No,23,18-25,Male,Married,2,Life Sciences,Research & Development,Research Scientist,1,3,Travel Rarely,1,Near (0-5 km),373,47,16901,1223,<$3K,Lower Income,22,1,4,Excellent,4,3,4,3,3.5,No,Low Risk,1,Fresher(0-2),1,1-3 Years,0,0,1,1,2
1273,Ex-Employee,1,Yes,25,18-25,Male,Single,1,Life Sciences,Sales,Sales Representative,1,1,Travel Frequently,24,Far (16-30 km),599,73,8040,1118,<$3K,Lower Income,14,0,3,Good,3,4,4,3,3.5,Yes,High Risk,1,Fresher(0-2),1,1-3 Years,0,1,0,1,4
1275,Active Employee,0,No,26,26-35,Male,Single,2,Life Sciences,Research & Development,Research Scientist,1,3,Travel Rarely,4,Near (0-5 km),583,53,9973,2875,<$3K,Lower Income,20,0,4,Excellent,3,4,2,2,2.75,Yes,Moderate Risk,8,Mid-Level(6-10),8,8-10 Years,5,2,2,1,2
1277,Ex-Employee,1,Yes,45,35-45,Female,Single,3,Marketing,Sales,Manager,5,1,Travel Rarely,2,Near (0-5 km),1449,94,2493,18824,$15K+,Higher Income,16,0,3,Good,1,2,1,3,1.75,Yes,High Risk,26,Expert(20+),24,15+ Years,10,1,11,2,2
1278,Active Employee,0,No,55,46-55,Male,Divorced,1,Medical,Research & Development,Healthcare Representative,4,2,Non-Travel,8,Moderate (6-15 km),177,37,25592,13577,$10K-<15K,Upper Middle Income,15,1,3,Good,4,2,4,3,3.25,Yes,High Risk,34,Expert(20+),33,15+ Years,9,15,0,1,3
1279,Ex-Employee,1,Yes,21,18-25,Female,Single,2,Life Sciences,Research & Development,Laboratory Technician,1,2,Travel Frequently,10,Moderate (6-15 km),251,45,25308,2625,<$3K,Lower Income,20,0,4,Excellent,1,3,3,1,2,No,Low Risk,2,Fresher(0-2),2,1-3 Years,2,2,2,1,2
1280,Active Employee,0,No,46,46-55,Female,Married,2,Marketing,Sales,Manager,5,2,Travel Rarely,4,Near (0-5 km),168,33,9946,18789,$15K+,Higher Income,14,1,3,Good,4,2,3,3,3,No,Low Risk,26,Expert(20+),11,10-15 Years,4,0,8,2,2
1281,Active Employee,0,No,34,26-35,Female,Single,3,Marketing,Sales,Sales Executive,2,3,Travel Rarely,2,Near (0-5 km),131,86,6039,4538,$3K-<6K,Lower Middle Income,12,0,3,Good,3,1,4,3,2.75,Yes,Moderate Risk,4,Junior(3-5),3,1-3 Years,2,0,2,0,3
1282,Active Employee,0,No,51,46-55,Male,Divorced,3,Life Sciences,Sales,Manager,5,3,Travel Frequently,9,Moderate (6-15 km),237,83,19196,19847,$15K+,Higher Income,24,1,4,Excellent,4,2,1,2,2.25,Yes,High Risk,31,Expert(20+),29,15+ Years,10,11,10,4,5
1283,Active Employee,0,No,59,56+,Male,Single,4,Medical,Research & Development,Manufacturing Director,3,3,Travel Rarely,18,Far (16-30 km),1429,67,20002,10512,$10K-<15K,Upper Middle Income,12,0,3,Good,4,4,4,2,3.5,No,Low Risk,25,Expert(20+),9,8-10 Years,7,5,4,6,6
1285,Active Employee,0,No,34,26-35,Female,Divorced,3,Medical,Research & Development,Laboratory Technician,2,3,Travel Frequently,19,Far (16-30 km),135,46,22534,4444,$3K-<6K,Lower Middle Income,13,2,3,Good,3,2,3,4,3,No,Low Risk,15,Senior(11-20),11,10-15 Years,8,5,10,4,2
1286,Active Employee,0,No,28,26-35,Male,Single,4,Medical,Research & Development,Laboratory Technician,1,3,Travel Frequently,1,Near (0-5 km),791,44,6842,2154,<$3K,Lower Income,11,0,3,Good,4,3,3,2,3,Yes,Moderate Risk,5,Junior(3-5),4,4-7 Years,2,0,2,0,2
1288,Active Employee,0,No,44,35-45,Male,Divorced,2,Life Sciences,Research & Development,Manager,5,4,Travel Rarely,4,Near (0-5 km),1199,92,17477,19190,$15K+,Higher Income,14,2,3,Good,3,1,4,2,2.5,No,Low Risk,26,Expert(20+),25,15+ Years,9,14,13,1,4
1289,Active Employee,0,No,34,26-35,Male,Married,3,Life Sciences,Human Resources,Human Resources,2,2,Travel Frequently,11,Moderate (6-15 km),648,56,21833,4490,$3K-<6K,Lower Middle Income,11,2,3,Good,3,2,4,4,3.25,No,Low Risk,14,Senior(11-20),10,8-10 Years,9,1,8,4,5
1291,Active Employee,0,No,35,35-45,Male,Married,1,Life Sciences,Research & Development,Research Scientist,1,3,Travel Rarely,6,Moderate (6-15 km),735,66,6020,3506,$3K-<6K,Lower Middle Income,14,0,3,Good,3,3,4,3,3.25,Yes,Moderate Risk,4,Junior(3-5),3,1-3 Years,2,2,2,0,3
1292,Active Employee,0,No,42,35-45,Female,Married,4,Medical,Research & Development,Research Scientist,2,4,Travel Rarely,7,Moderate (6-15 km),603,78,5628,2372,<$3K,Lower Income,16,0,3,Good,2,2,4,3,2.75,Yes,Moderate Risk,18,Senior(11-20),1,1-3 Years,0,0,0,6,2
1293,Active Employee,0,No,43,35-45,Female,Single,4,Marketing,Sales,Sales Executive,3,2,Travel Rarely,4,Near (0-5 km),531,56,20364,10231,$10K-<15K,Upper Middle Income,14,0,3,Good,4,4,4,4,4,No,Low Risk,23,Expert(20+),21,15+ Years,7,15,17,3,3
1294,Active Employee,0,No,36,35-45,Female,Single,4,Life Sciences,Research & Development,Manufacturing Director,2,3,Travel Rarely,2,Near (0-5 km),429,53,2323,5410,$3K-<6K,Lower Middle Income,11,0,3,Good,3,2,4,3,3,Yes,High Risk,18,Senior(11-20),16,15+ Years,14,5,12,9,2
1295,Ex-Employee,1,Yes,44,35-45,Female,Married,3,Medical,Research & Development,Healthcare Representative,3,3,Travel Rarely,15,Moderate (6-15 km),621,73,14075,7978,$6K-<10K,Middle Income,11,1,3,Good,1,4,4,3,3,No,Low Risk,10,Mid-Level(6-10),10,8-10 Years,7,0,5,1,2
1296,Active Employee,0,No,28,26-35,Male,Married,3,Life Sciences,Research & Development,Laboratory Technician,1,2,Travel Frequently,2,Near (0-5 km),193,52,14222,3867,$3K-<6K,Lower Middle Income,12,1,3,Good,4,4,2,3,3.25,Yes,Moderate Risk,2,Fresher(0-2),2,1-3 Years,2,2,2,1,2
1297,Active Employee,0,No,51,46-55,Female,Single,2,Medical,Research & Development,Laboratory Technician,1,2,Travel Frequently,6,Moderate (6-15 km),968,40,4257,2838,<$3K,Lower Income,14,0,3,Good,2,3,2,2,2.25,No,Low Risk,8,Mid-Level(6-10),7,4-7 Years,0,7,7,0,6
1298,Active Employee,0,No,30,26-35,Female,Single,2,Medical,Research & Development,Manufacturing Director,2,3,Non-Travel,9,Moderate (6-15 km),879,72,12858,4695,$3K-<6K,Lower Middle Income,18,0,3,Good,3,3,3,3,3,Yes,Moderate Risk,10,Mid-Level(6-10),8,8-10 Years,4,1,7,7,3
1299,Ex-Employee,1,Yes,29,26-35,Female,Divorced,3,Technical Degree,Research & Development,Laboratory Technician,1,3,Travel Rarely,7,Moderate (6-15 km),806,39,17285,3339,$3K-<6K,Lower Middle Income,13,2,3,Good,2,3,1,3,2.25,Yes,High Risk,10,Mid-Level(6-10),7,4-7 Years,7,7,7,3,2
1301,Active Employee,0,No,28,26-35,Male,Single,3,Technical Degree,Research & Development,Research Scientist,1,3,Travel Rarely,1,Near (0-5 km),640,84,4732,2080,<$3K,Lower Income,11,0,3,Good,4,1,2,2,2.25,No,Low Risk,5,Junior(3-5),3,1-3 Years,2,1,2,2,2
1303,Active Employee,0,No,25,18-25,Female,Single,3,Medical,Research & Development,Research Scientist,1,3,Travel Rarely,1,Near (0-5 km),266,40,18830,2096,<$3K,Lower Income,18,0,3,Good,4,2,4,2,3,No,Low Risk,2,Fresher(0-2),2,1-3 Years,2,2,1,1,3
1304,Active Employee,0,No,32,26-35,Male,Married,3,Medical,Sales,Sales Executive,2,4,Travel Rarely,8,Moderate (6-15 km),604,56,11693,6209,$6K-<10K,Middle Income,15,2,3,Good,3,4,3,4,3.5,No,Low Risk,10,Mid-Level(6-10),10,8-10 Years,7,0,8,1,4
1306,Active Employee,0,No,45,35-45,Female,Single,3,Medical,Research & Development,Manager,5,3,Travel Frequently,25,Far (16-30 km),364,83,13035,18061,$15K+,Higher Income,22,0,4,Excellent,2,2,3,3,2.5,No,Low Risk,22,Expert(20+),0,New Joiner,0,0,0,3,4
1307,Active Employee,0,No,39,35-45,Female,Divorced,4,Medical,Research & Development,Manager,4,2,Travel Rarely,13,Moderate (6-15 km),412,94,17334,17123,$15K+,Higher Income,13,2,3,Good,3,2,4,3,3,Yes,High Risk,21,Expert(20+),19,15+ Years,9,15,2,6,4
1308,Active Employee,0,No,58,56+,Male,Divorced,4,Life Sciences,Research & Development,Research Scientist,1,3,Travel Rarely,23,Far (16-30 km),848,88,26076,2372,<$3K,Lower Income,12,2,3,Good,1,3,4,3,2.75,No,Low Risk,2,Fresher(0-2),2,1-3 Years,2,2,2,1,3
1309,Ex-Employee,1,Yes,32,26-35,Male,Married,2,Life Sciences,Research & Development,Laboratory Technician,2,3,Travel Rarely,7,Moderate (6-15 km),1089,79,22845,4883,$3K-<6K,Lower Middle Income,18,1,3,Good,4,3,1,3,2.75,No,Low Risk,10,Mid-Level(6-10),10,8-10 Years,4,1,1,1,3
1310,Ex-Employee,1,Yes,39,35-45,Male,Single,3,Medical,Research & Development,Research Scientist,1,3,Travel Rarely,23,Far (16-30 km),360,93,22154,3904,$3K-<6K,Lower Middle Income,13,0,3,Good,3,1,1,3,2,No,Low Risk,6,Mid-Level(6-10),5,4-7 Years,2,0,3,0,2
1311,Active Employee,0,No,30,26-35,Female,Married,3,Technical Degree,Research & Development,Laboratory Technician,2,2,Travel Rarely,6,Moderate (6-15 km),1138,48,23631,4627,$3K-<6K,Lower Middle Income,12,1,3,Good,1,4,1,3,2.25,No,Low Risk,10,Mid-Level(6-10),9,8-10 Years,2,6,7,0,6
1312,Active Employee,0,No,36,35-45,Female,Married,4,Technical Degree,Research & Development,Healthcare Representative,3,3,Travel Rarely,10,Moderate (6-15 km),325,63,5747,7094,$6K-<10K,Middle Income,12,0,3,Good,4,3,1,3,2.75,No,Low Risk,10,Mid-Level(6-10),7,4-7 Years,7,1,7,3,0
1314,Active Employee,0,No,46,46-55,Female,Single,2,Life Sciences,Human Resources,Human Resources,1,3,Travel Rarely,1,Near (0-5 km),991,44,22957,3423,$3K-<6K,Lower Middle Income,12,0,3,Good,4,1,3,4,3,No,Low Risk,10,Mid-Level(6-10),7,4-7 Years,6,5,7,6,3
1315,Active Employee,0,No,28,26-35,Female,Married,3,Life Sciences,Research & Development,Laboratory Technician,2,1,Non-Travel,1,Near (0-5 km),1476,55,16392,6674,$6K-<10K,Middle Income,11,3,3,Good,3,4,1,3,2.75,No,Low Risk,10,Mid-Level(6-10),9,8-10 Years,8,7,5,0,6
1317,Active Employee,0,No,50,46-55,Female,Married,3,Life Sciences,Research & Development,Research Director,4,3,Travel Rarely,28,Far (16-30 km),1322,43,22422,16880,$15K+,Higher Income,11,0,3,Good,4,1,2,3,2.5,Yes,High Risk,25,Expert(20+),3,1-3 Years,2,1,2,4,2
1318,Ex-Employee,1,Yes,40,35-45,Male,Single,4,Marketing,Sales,Sales Executive,3,2,Travel Rarely,25,Far (16-30 km),299,57,17235,9094,$6K-<10K,Middle Income,12,0,3,Good,4,2,3,3,3,Yes,High Risk,9,Mid-Level(6-10),5,4-7 Years,4,1,0,2,2
1319,Ex-Employee,1,Yes,52,46-55,Male,Single,3,Life Sciences,Sales,Sales Executive,3,3,Travel Rarely,5,Near (0-5 km),1030,64,21534,8446,$6K-<10K,Middle Income,19,0,3,Good,2,2,3,2,2.25,Yes,High Risk,10,Mid-Level(6-10),8,8-10 Years,7,7,7,9,2
1321,Active Employee,0,No,30,26-35,Female,Married,4,Medical,Research & Development,Manager,3,3,Travel Rarely,17,Far (16-30 km),634,95,25927,11916,$10K-<15K,Upper Middle Income,23,2,4,Excellent,2,1,4,3,2.5,Yes,High Risk,9,Mid-Level(6-10),9,8-10 Years,1,0,8,1,2
1322,Active Employee,0,No,39,35-45,Male,Single,2,Life Sciences,Research & Development,Manufacturing Director,2,3,Travel Rarely,18,Far (16-30 km),524,32,13352,4534,$3K-<6K,Lower Middle Income,11,0,3,Good,1,3,1,3,2,No,Low Risk,9,Mid-Level(6-10),8,8-10 Years,7,1,7,0,6
1324,Active Employee,0,No,31,26-35,Female,Divorced,4,Life Sciences,Sales,Sales Executive,3,3,Non-Travel,2,Near (0-5 km),587,57,8935,9852,$6K-<10K,Middle Income,19,1,3,Good,4,3,1,2,2.5,Yes,High Risk,10,Mid-Level(6-10),10,8-10 Years,8,9,6,1,5
1329,Active Employee,0,No,41,35-45,Male,Single,2,Medical,Sales,Sales Executive,2,1,Non-Travel,10,Moderate (6-15 km),256,40,22074,6151,$6K-<10K,Middle Income,13,0,3,Good,3,2,1,3,2.25,No,Low Risk,19,Senior(11-20),19,15+ Years,2,11,9,1,4
1331,Ex-Employee,1,Yes,31,26-35,Female,Single,3,Life Sciences,Sales,Sales Representative,1,3,Travel Frequently,1,Near (0-5 km),1060,54,8319,2302,<$3K,Lower Income,11,0,3,Good,4,2,1,4,2.75,Yes,Moderate Risk,3,Junior(3-5),3,1-3 Years,2,2,2,1,2
1333,Ex-Employee,1,Yes,44,35-45,Male,Married,3,Life Sciences,Research & Development,Laboratory Technician,1,3,Travel Rarely,3,Near (0-5 km),935,89,14669,2362,<$3K,Lower Income,12,0,3,Good,1,1,3,4,2.25,No,Low Risk,10,Mid-Level(6-10),3,1-3 Years,2,1,2,4,4
1334,Active Employee,0,No,42,35-45,Male,Married,1,Life Sciences,Research & Development,Manager,4,3,Non-Travel,2,Near (0-5 km),495,37,26582,17861,$15K+,Higher Income,13,0,3,Good,3,3,4,2,3,Yes,Moderate Risk,21,Expert(20+),20,15+ Years,8,2,10,0,3
1336,Active Employee,0,No,55,46-55,Female,Married,2,Medical,Research & Development,Manager,5,1,Travel Rarely,2,Near (0-5 km),282,58,6992,19187,$15K+,Higher Income,14,1,3,Good,4,3,4,3,3.5,No,Low Risk,23,Expert(20+),19,15+ Years,9,9,11,4,5
1338,Active Employee,0,No,56,56+,Male,Single,4,Life Sciences,Human Resources,Manager,5,3,Travel Rarely,8,Moderate (6-15 km),206,99,4022,19717,$15K+,Higher Income,14,0,3,Good,4,2,1,3,2.5,No,Low Risk,36,Expert(20+),7,4-7 Years,3,7,7,6,4
1340,Active Employee,0,No,40,35-45,Male,Divorced,2,Life Sciences,Research & Development,Research Scientist,1,3,Non-Travel,16,Far (16-30 km),458,74,8532,3544,$3K-<6K,Lower Middle Income,16,1,3,Good,3,3,2,3,2.75,No,Low Risk,6,Mid-Level(6-10),4,4-7 Years,2,0,0,9,0
1344,Active Employee,0,No,34,26-35,Male,Divorced,3,Life Sciences,Research & Development,Healthcare Representative,3,3,Travel Rarely,9,Moderate (6-15 km),943,86,5494,8500,$6K-<10K,Middle Income,11,1,3,Good,4,4,4,2,3.5,No,Low Risk,10,Mid-Level(6-10),9,8-10 Years,7,1,6,0,0
1346,Active Employee,0,No,40,35-45,Male,Single,3,Life Sciences,Research & Development,Research Scientist,2,3,Travel Rarely,2,Near (0-5 km),523,98,22455,4661,$3K-<6K,Lower Middle Income,13,0,3,Good,3,4,3,3,3.25,No,Low Risk,9,Mid-Level(6-10),9,8-10 Years,8,8,8,1,4
1349,Active Employee,0,No,41,35-45,Female,Divorced,3,Marketing,Sales,Sales Executive,2,3,Travel Frequently,1,Near (0-5 km),1018,66,4297,4103,$3K-<6K,Lower Middle Income,17,1,3,Good,3,1,4,3,2.75,No,Low Risk,10,Mid-Level(6-10),9,8-10 Years,3,1,7,0,2
1350,Active Employee,0,No,35,35-45,Male,Single,4,Life Sciences,Research & Development,Research Scientist,2,3,Travel Frequently,4,Near (0-5 km),482,87,2690,4249,$3K-<6K,Lower Middle Income,11,0,3,Good,3,3,2,3,2.75,Yes,Moderate Risk,9,Mid-Level(6-10),9,8-10 Years,6,1,1,1,3
1352,Active Employee,0,No,51,46-55,Male,Divorced,3,Life Sciences,Human Resources,Manager,4,3,Travel Rarely,5,Near (0-5 km),770,84,17588,14026,$10K-<15K,Upper Middle Income,11,1,3,Good,3,2,2,3,2.5,Yes,Moderate Risk,33,Expert(20+),33,15+ Years,9,0,10,1,2
1355,Active Employee,0,No,38,35-45,Female,Divorced,2,Life Sciences,Sales,Sales Executive,2,3,Travel Rarely,2,Near (0-5 km),1009,31,19461,6893,$6K-<10K,Middle Income,15,1,3,Good,2,1,4,3,2.5,No,Low Risk,11,Senior(11-20),7,4-7 Years,7,1,7,3,3
1356,Active Employee,0,No,34,26-35,Female,Single,2,Medical,Sales,Sales Executive,2,3,Travel Rarely,15,Moderate (6-15 km),507,66,23553,6125,$6K-<10K,Middle Income,12,0,3,Good,3,1,4,4,3,No,Low Risk,10,Mid-Level(6-10),10,8-10 Years,8,9,6,1,6
1358,Active Employee,0,No,25,18-25,Male,Married,1,Medical,Research & Development,Laboratory Technician,1,3,Travel Rarely,19,Far (16-30 km),882,67,9075,3669,$3K-<6K,Lower Middle Income,11,3,3,Good,4,4,3,2,3.25,No,Low Risk,7,Mid-Level(6-10),3,1-3 Years,2,1,2,3,6
1360,Ex-Employee,1,Yes,58,56+,Female,Married,4,Medical,Research & Development,Manufacturing Director,3,2,Travel Rarely,7,Moderate (6-15 km),601,53,12023,10008,$10K-<15K,Upper Middle Income,14,0,3,Good,3,1,4,2,2.5,Yes,High Risk,31,Expert(20+),10,8-10 Years,9,5,9,7,0
1361,Active Employee,0,No,40,35-45,Male,Married,4,Life Sciences,Research & Development,Laboratory Technician,1,3,Travel Rarely,1,Near (0-5 km),329,88,6762,2387,<$3K,Lower Income,22,1,4,Excellent,2,2,3,3,2.5,No,Low Risk,7,Mid-Level(6-10),4,4-7 Years,2,0,3,3,3
1362,Active Employee,0,No,36,35-45,Female,Married,3,Marketing,Sales,Sales Executive,2,4,Travel Frequently,7,Moderate (6-15 km),607,83,2261,4639,$3K-<6K,Lower Middle Income,16,1,3,Good,1,1,4,2,2,No,Low Risk,17,Senior(11-20),15,10-15 Years,7,6,13,2,2
1363,Active Employee,0,No,48,46-55,Male,Single,3,Life Sciences,Research & Development,Manufacturing Director,3,3,Travel Rarely,4,Near (0-5 km),855,54,18706,7898,$6K-<10K,Middle Income,11,0,3,Good,4,4,3,3,3.5,No,Low Risk,11,Senior(11-20),10,8-10 Years,9,0,8,1,2
1364,Active Employee,0,No,27,26-35,Female,Married,3,Medical,Sales,Sales Representative,1,4,Travel Rarely,11,Moderate (6-15 km),1291,98,6527,2534,<$3K,Lower Income,14,1,3,Good,3,4,2,3,3,No,Low Risk,5,Junior(3-5),1,1-3 Years,0,0,0,8,4
1367,Active Employee,0,No,51,46-55,Female,Single,2,Technical Degree,Research & Development,Manufacturing Director,4,2,Travel Rarely,11,Moderate (6-15 km),1405,82,24439,13142,$10K-<15K,Upper Middle Income,16,0,3,Good,4,2,2,2,2.5,No,Low Risk,29,Expert(20+),5,4-7 Years,2,0,3,3,1
1368,Active Employee,0,No,18,18-25,Female,Single,3,Life Sciences,Research & Development,Laboratory Technician,1,3,Non-Travel,1,Near (0-5 km),1124,97,19305,1611,<$3K,Lower Income,15,0,3,Good,4,4,3,4,3.75,No,Low Risk,0,Fresher(0-2),0,New Joiner,0,0,0,1,5
1369,Active Employee,0,No,35,35-45,Female,Married,3,Medical,Research & Development,Laboratory Technician,2,2,Travel Rarely,1,Near (0-5 km),817,60,10846,5363,$3K-<6K,Lower Middle Income,12,1,3,Good,4,4,2,3,3.25,No,Low Risk,10,Mid-Level(6-10),9,8-10 Years,7,0,0,0,0
1371,Active Employee,0,No,27,26-35,Male,Single,1,Life Sciences,Sales,Sales Executive,2,1,Travel Frequently,2,Near (0-5 km),793,43,20392,5071,$3K-<6K,Lower Middle Income,20,0,4,Excellent,4,4,2,3,3.25,No,Low Risk,8,Mid-Level(6-10),6,4-7 Years,2,0,0,3,3
1372,Ex-Employee,1,Yes,55,46-55,Male,Single,4,Marketing,Sales,Sales Executive,4,4,Travel Rarely,13,Moderate (6-15 km),267,85,9277,13695,$10K-<15K,Upper Middle Income,17,0,3,Good,1,3,3,2,2.25,Yes,Moderate Risk,24,Expert(20+),19,15+ Years,7,3,8,6,2
1373,Active Employee,0,No,56,56+,Male,Married,3,Life Sciences,Research & Development,Manufacturing Director,4,3,Travel Rarely,23,Far (16-30 km),1369,68,18235,13402,$10K-<15K,Upper Middle Income,12,1,3,Good,4,2,1,3,2.5,Yes,High Risk,33,Expert(20+),19,15+ Years,16,15,9,4,0
1374,Active Employee,0,No,34,26-35,Female,Divorced,1,Technical Degree,Research & Development,Research Scientist,1,2,Non-Travel,26,Far (16-30 km),999,92,15891,2029,<$3K,Lower Income,20,3,4,Excellent,1,3,3,3,2.5,No,Low Risk,5,Junior(3-5),5,4-7 Years,4,0,0,1,2
1375,Active Employee,0,No,40,35-45,Female,Divorced,1,Medical,Research & Development,Healthcare Representative,2,4,Travel Rarely,2,Near (0-5 km),1202,89,13888,6377,$6K-<10K,Middle Income,20,3,4,Excellent,2,3,2,3,2.5,No,Low Risk,15,Senior(11-20),12,10-15 Years,11,11,8,5,0
1377,Active Employee,0,No,34,26-35,Male,Married,3,Medical,Research & Development,Laboratory Technician,2,3,Travel Rarely,29,Far (16-30 km),285,86,17491,5429,$3K-<6K,Lower Middle Income,13,2,3,Good,2,3,1,3,2.25,No,Low Risk,10,Mid-Level(6-10),8,8-10 Years,7,7,7,4,1
1379,Ex-Employee,1,Yes,31,26-35,Female,Single,3,Life Sciences,Sales,Sales Representative,1,2,Travel Frequently,2,Near (0-5 km),703,90,11882,2785,<$3K,Lower Income,14,0,3,Good,3,4,3,4,3.5,No,Low Risk,3,Junior(3-5),1,1-3 Years,0,0,0,7,3
1380,Ex-Employee,1,Yes,35,35-45,Female,Married,4,Marketing,Sales,Sales Executive,2,3,Travel Frequently,18,Far (16-30 km),662,67,23288,4614,$3K-<6K,Lower Middle Income,18,1,3,Good,4,3,3,2,3,Yes,High Risk,5,Junior(3-5),4,4-7 Years,2,3,2,0,0
1382,Active Employee,0,No,38,35-45,Male,Divorced,3,Life Sciences,Research & Development,Research Scientist,1,4,Travel Frequently,7,Moderate (6-15 km),693,57,15748,2610,<$3K,Lower Income,11,3,3,Good,4,3,4,3,3.5,No,Low Risk,4,Junior(3-5),4,4-7 Years,2,0,3,1,2
1383,Active Employee,0,No,34,26-35,Female,Single,4,Technical Degree,Research & Development,Healthcare Representative,2,3,Travel Rarely,2,Near (0-5 km),404,98,6163,6687,$6K-<10K,Middle Income,11,0,3,Good,3,4,4,4,3.75,No,Low Risk,14,Senior(11-20),14,10-15 Years,11,4,11,1,2
1387,Active Employee,0,No,28,26-35,Male,Married,3,Life Sciences,Sales,Sales Executive,2,2,Travel Rarely,26,Far (16-30 km),736,48,24232,4724,$3K-<6K,Lower Middle Income,11,1,3,Good,3,1,3,3,2.5,No,Low Risk,5,Junior(3-5),5,4-7 Years,3,0,4,1,0
1389,Ex-Employee,1,Yes,31,26-35,Male,Married,4,Medical,Research & Development,Manufacturing Director,2,3,Travel Rarely,22,Far (16-30 km),330,98,21057,6179,$6K-<10K,Middle Income,15,2,3,Good,4,3,4,2,3.25,Yes,High Risk,10,Mid-Level(6-10),10,8-10 Years,2,6,7,1,3
1390,Active Employee,0,No,39,35-45,Male,Married,4,Life Sciences,Sales,Sales Executive,2,2,Travel Rarely,21,Far (16-30 km),1498,44,3567,6120,$6K-<10K,Middle Income,12,2,3,Good,1,4,4,4,3.25,Yes,High Risk,8,Mid-Level(6-10),5,4-7 Years,4,1,4,3,2
1391,Active Employee,0,No,51,46-55,Male,Married,3,Marketing,Sales,Sales Executive,3,3,Travel Frequently,2,Near (0-5 km),541,52,15395,10596,$10K-<15K,Upper Middle Income,11,0,3,Good,2,2,2,3,2.25,No,Low Risk,14,Senior(11-20),4,4-7 Years,2,3,2,2,5
1392,Active Employee,0,No,41,35-45,Female,Divorced,3,Life Sciences,Research & Development,Research Scientist,2,3,Travel Frequently,22,Far (16-30 km),1200,75,13953,5467,$3K-<6K,Lower Middle Income,14,2,3,Good,4,4,1,2,2.75,Yes,High Risk,12,Senior(11-20),6,4-7 Years,2,3,3,3,4
1394,Active Employee,0,No,37,35-45,Male,Married,1,Life Sciences,Research & Development,Research Scientist,1,3,Travel Rarely,4,Near (0-5 km),1439,54,5182,2996,<$3K,Lower Income,15,0,3,Good,3,3,4,3,3.25,Yes,Moderate Risk,8,Mid-Level(6-10),6,4-7 Years,4,1,3,7,2
1395,Active Employee,0,No,33,26-35,Male,Married,1,Life Sciences,Sales,Sales Executive,2,3,Travel Frequently,5,Near (0-5 km),1111,61,19293,9998,$6K-<10K,Middle Income,13,0,3,Good,2,4,1,4,2.75,No,Low Risk,8,Mid-Level(6-10),5,4-7 Years,4,1,2,6,2
1396,Active Employee,0,No,32,26-35,Male,Married,1,Marketing,Sales,Sales Executive,2,3,Travel Rarely,2,Near (0-5 km),499,36,20497,4078,$3K-<6K,Lower Middle Income,13,3,3,Good,3,2,1,2,2,Yes,High Risk,4,Junior(3-5),3,1-3 Years,2,1,2,0,3
1397,Active Employee,0,No,39,35-45,Male,Married,2,Life Sciences,Research & Development,Healthcare Representative,3,3,Non-Travel,25,Far (16-30 km),1485,71,3449,10920,$10K-<15K,Upper Middle Income,21,1,4,Excellent,3,3,2,3,2.75,No,Low Risk,13,Senior(11-20),6,4-7 Years,4,0,5,3,2
1399,Active Employee,0,No,25,18-25,Male,Married,1,Life Sciences,Sales,Sales Executive,2,4,Travel Rarely,18,Far (16-30 km),1372,93,12477,6232,$6K-<10K,Middle Income,11,0,3,Good,1,3,2,2,2,No,Low Risk,6,Mid-Level(6-10),3,1-3 Years,2,1,2,2,3
1401,Active Employee,0,No,52,46-55,Female,Married,2,Medical,Research & Development,Manufacturing Director,4,4,Travel Frequently,28,Far (16-30 km),322,59,9731,13247,$10K-<15K,Upper Middle Income,11,1,3,Good,4,3,2,2,2.75,Yes,High Risk,24,Expert(20+),5,4-7 Years,3,0,2,2,3
1402,Active Employee,0,No,43,35-45,Female,Single,3,Medical,Research & Development,Research Scientist,2,2,Travel Rarely,6,Moderate (6-15 km),930,73,20003,4081,$3K-<6K,Lower Middle Income,14,0,3,Good,1,3,1,1,1.5,Yes,High Risk,20,Senior(11-20),20,15+ Years,7,1,8,1,3
1403,Active Employee,0,No,27,26-35,Female,Married,3,Marketing,Sales,Sales Executive,2,2,Travel Rarely,10,Moderate (6-15 km),205,98,7100,5769,$3K-<6K,Lower Middle Income,11,0,3,Good,4,4,4,3,3.75,Yes,Moderate Risk,6,Mid-Level(6-10),6,4-7 Years,2,4,4,1,3
1405,Ex-Employee,1,Yes,27,26-35,Female,Single,4,Life Sciences,Research & Development,Research Scientist,1,3,Travel Rarely,17,Far (16-30 km),135,51,25681,2394,<$3K,Lower Income,13,0,3,Good,4,3,4,3,3.5,Yes,High Risk,8,Mid-Level(6-10),8,8-10 Years,2,7,7,1,2
1407,Active Employee,0,No,26,26-35,Male,Single,1,Medical,Research & Development,Research Scientist,1,2,Travel Rarely,2,Near (0-5 km),683,36,4050,3904,$3K-<6K,Lower Middle Income,12,0,3,Good,1,4,4,3,3,No,Low Risk,5,Junior(3-5),4,4-7 Years,3,1,1,0,2
1408,Active Employee,0,No,42,35-45,Female,Married,3,Human Resources,Human Resources,Manager,4,3,Travel Rarely,10,Moderate (6-15 km),1147,31,16616,16799,$15K+,Higher Income,14,1,3,Good,3,1,3,3,2.5,No,Low Risk,21,Expert(20+),20,15+ Years,7,0,9,0,5
1409,Active Employee,0,No,52,46-55,Female,Married,4,Other,Research & Development,Laboratory Technician,1,3,Travel Rarely,8,Moderate (6-15 km),258,54,17363,2950,<$3K,Lower Income,13,0,3,Good,3,1,3,1,2,No,Low Risk,12,Senior(11-20),5,4-7 Years,4,0,4,9,2
1411,Active Employee,0,No,37,35-45,Female,Single,3,Medical,Research & Development,Laboratory Technician,1,3,Travel Rarely,11,Moderate (6-15 km),1462,94,19106,3629,$3K-<6K,Lower Middle Income,18,0,3,Good,1,3,1,3,2,No,Low Risk,8,Mid-Level(6-10),3,1-3 Years,2,0,2,4,6
1412,Active Employee,0,No,35,35-45,Male,Single,2,Life Sciences,Research & Development,Manufacturing Director,3,3,Travel Frequently,18,Far (16-30 km),200,60,19944,9362,$6K-<10K,Middle Income,11,0,3,Good,3,4,3,3,3.25,No,Low Risk,10,Mid-Level(6-10),2,1-3 Years,2,2,2,2,2
1415,Active Employee,0,No,25,18-25,Male,Married,3,Technical Degree,Research & Development,Laboratory Technician,1,3,Travel Rarely,1,Near (0-5 km),949,81,4910,3229,$3K-<6K,Lower Middle Income,11,1,3,Good,1,4,2,2,2.25,No,Low Risk,7,Mid-Level(6-10),3,1-3 Years,2,0,2,4,2
1417,Active Employee,0,No,26,26-35,Male,Single,3,Other,Research & Development,Laboratory Technician,1,4,Travel Rarely,7,Moderate (6-15 km),652,100,23577,3578,$3K-<6K,Lower Middle Income,12,0,3,Good,3,1,4,3,2.75,No,Low Risk,8,Mid-Level(6-10),7,4-7 Years,7,0,7,0,2
1419,Active Employee,0,No,29,26-35,Male,Single,3,Other,Human Resources,Human Resources,3,2,Travel Rarely,17,Far (16-30 km),332,51,9769,7988,$6K-<10K,Middle Income,13,0,3,Good,2,1,1,2,1.5,No,Low Risk,10,Mid-Level(6-10),10,8-10 Years,9,0,9,1,3
1420,Ex-Employee,1,Yes,49,46-55,Male,Single,2,Life Sciences,Research & Development,Laboratory Technician,2,2,Travel Frequently,28,Far (16-30 km),1475,97,22710,4284,$3K-<6K,Lower Middle Income,20,0,4,Excellent,1,1,1,3,1.5,No,Low Risk,20,Senior(11-20),4,4-7 Years,3,1,3,3,2
1421,Ex-Employee,1,Yes,29,26-35,Female,Single,1,Other,Research & Development,Healthcare Representative,3,3,Travel Frequently,14,Moderate (6-15 km),337,84,22930,7553,$6K-<10K,Middle Income,12,0,3,Good,3,4,1,3,2.75,Yes,High Risk,9,Mid-Level(6-10),8,8-10 Years,7,7,7,0,1
1422,Active Employee,0,No,54,46-55,Female,Single,3,Medical,Research & Development,Research Director,4,3,Travel Rarely,1,Near (0-5 km),971,54,5652,17328,$15K+,Higher Income,19,0,3,Good,4,4,4,2,3.5,No,Low Risk,29,Expert(20+),20,15+ Years,7,12,7,6,3
1423,Active Employee,0,No,58,56+,Female,Married,3,Medical,Research & Development,Research Director,5,3,Travel Rarely,1,Near (0-5 km),1055,76,22456,19701,$15K+,Higher Income,21,1,4,Excellent,4,1,3,3,2.75,Yes,Moderate Risk,32,Expert(20+),9,8-10 Years,8,1,5,3,3
1424,Active Employee,0,No,55,46-55,Male,Divorced,4,Medical,Research & Development,Research Director,4,4,Travel Rarely,1,Near (0-5 km),1136,81,12414,14732,$10K-<15K,Upper Middle Income,13,2,3,Good,2,4,4,4,3.5,No,Low Risk,31,Expert(20+),7,4-7 Years,7,0,0,2,4
1425,Active Employee,0,No,36,35-45,Female,Single,4,Marketing,Sales,Sales Executive,2,3,Travel Rarely,3,Near (0-5 km),1174,99,20763,9278,$6K-<10K,Middle Income,16,0,3,Good,1,2,4,3,2.5,Yes,Moderate Risk,15,Senior(11-20),5,4-7 Years,4,0,1,3,3
1427,Ex-Employee,1,Yes,31,26-35,Female,Single,4,Life Sciences,Sales,Sales Representative,1,1,Travel Frequently,1,Near (0-5 km),667,50,16154,1359,<$3K,Lower Income,12,0,3,Good,2,3,2,3,2.5,No,Low Risk,1,Fresher(0-2),1,1-3 Years,0,0,0,1,3
1428,Active Employee,0,No,30,26-35,Female,Divorced,4,Marketing,Sales,Sales Executive,2,3,Travel Rarely,7,Moderate (6-15 km),855,73,12761,4779,$3K-<6K,Lower Middle Income,14,2,3,Good,4,1,2,3,2.5,No,Low Risk,8,Mid-Level(6-10),3,1-3 Years,2,0,2,7,3
1430,Active Employee,0,No,31,26-35,Female,Single,5,Life Sciences,Research & Development,Research Director,4,3,Travel Rarely,8,Moderate (6-15 km),182,93,8847,16422,$15K+,Higher Income,11,0,3,Good,1,2,3,4,2.5,No,Low Risk,9,Mid-Level(6-10),3,1-3 Years,2,1,0,3,3
1431,Active Employee,0,No,34,26-35,Male,Divorced,4,Other,Research & Development,Research Scientist,1,3,Travel Frequently,1,Near (0-5 km),560,91,20284,2996,<$3K,Lower Income,14,2,3,Good,4,1,3,3,2.75,No,Low Risk,10,Mid-Level(6-10),4,4-7 Years,3,1,3,5,2
1433,Ex-Employee,1,Yes,31,26-35,Female,Single,3,Life Sciences,Research & Development,Research Scientist,1,2,Travel Rarely,8,Moderate (6-15 km),202,34,22262,1261,<$3K,Lower Income,12,0,3,Good,1,2,3,4,2.5,No,Low Risk,1,Fresher(0-2),1,1-3 Years,0,0,0,1,3
1434,Active Employee,0,No,27,26-35,Male,Married,1,Life Sciences,Research & Development,Laboratory Technician,1,3,Travel Rarely,11,Moderate (6-15 km),1377,91,7679,2099,<$3K,Lower Income,14,0,3,Good,2,1,2,4,2.25,No,Low Risk,6,Mid-Level(6-10),5,4-7 Years,0,1,4,0,3
1435,Active Employee,0,No,36,35-45,Male,Single,4,Life Sciences,Research & Development,Laboratory Technician,2,2,Travel Rarely,4,Near (0-5 km),172,37,22604,5810,$3K-<6K,Lower Middle Income,16,0,3,Good,1,4,3,2,2.5,No,Low Risk,10,Mid-Level(6-10),10,8-10 Years,4,1,8,1,2
1436,Active Employee,0,No,36,35-45,Female,Married,4,Marketing,Sales,Sales Executive,2,2,Travel Rarely,16,Far (16-30 km),329,98,13494,5647,$3K-<6K,Lower Middle Income,13,2,3,Good,3,1,1,2,1.75,No,Low Risk,11,Senior(11-20),3,1-3 Years,2,0,2,4,3
1438,Active Employee,0,No,47,46-55,Male,Married,3,Technical Degree,Research & Development,Research Scientist,1,3,Travel Rarely,1,Near (0-5 km),465,74,10205,3420,$3K-<6K,Lower Middle Income,12,1,3,Good,1,4,3,2,2.5,No,Low Risk,17,Senior(11-20),6,4-7 Years,5,1,2,7,2
1439,Ex-Employee,1,Yes,25,18-25,Male,Married,2,Life Sciences,Sales,Sales Representative,1,2,Travel Rarely,9,Moderate (6-15 km),383,68,15182,4400,$3K-<6K,Lower Middle Income,12,0,3,Good,1,1,1,3,1.5,No,Low Risk,6,Mid-Level(6-10),3,1-3 Years,2,2,2,3,2
1440,Active Employee,0,No,37,35-45,Male,Single,2,Technical Degree,Research & Development,Laboratory Technician,1,4,Non-Travel,5,Near (0-5 km),1413,84,25470,3500,$3K-<6K,Lower Middle Income,14,0,3,Good,3,3,1,1,2,No,Low Risk,7,Mid-Level(6-10),6,4-7 Years,5,1,3,0,2
1441,Active Employee,0,No,56,56+,Female,Married,2,Life Sciences,Research & Development,Research Scientist,1,3,Travel Rarely,1,Near (0-5 km),1255,90,10494,2066,<$3K,Lower Income,22,1,4,Excellent,1,1,4,4,2.5,No,Low Risk,5,Junior(3-5),3,1-3 Years,2,1,0,2,3
1443,Active Employee,0,No,47,46-55,Female,Married,4,Medical,Research & Development,Research Director,4,3,Travel Rarely,2,Near (0-5 km),359,82,26703,17169,$15K+,Higher Income,19,2,3,Good,1,3,2,4,2.5,No,Low Risk,26,Expert(20+),20,15+ Years,17,5,6,3,2
1445,Active Employee,0,No,24,18-25,Female,Married,1,Medical,Sales,Sales Executive,2,3,Travel Rarely,4,Near (0-5 km),1476,42,15211,4162,$3K-<6K,Lower Middle Income,12,2,3,Good,4,3,3,3,3.25,Yes,Moderate Risk,5,Junior(3-5),5,4-7 Years,4,0,3,1,3
1446,Active Employee,0,No,32,26-35,Male,Married,5,Marketing,Sales,Sales Executive,2,3,Travel Rarely,7,Moderate (6-15 km),601,97,23343,9204,$6K-<10K,Middle Income,12,1,3,Good,4,4,3,2,3.25,No,Low Risk,7,Mid-Level(6-10),4,4-7 Years,3,0,3,4,3
1447,Active Employee,0,No,34,26-35,Female,Married,3,Life Sciences,Research & Development,Laboratory Technician,1,2,Travel Rarely,1,Near (0-5 km),401,86,3708,3294,$3K-<6K,Lower Middle Income,17,1,3,Good,4,2,1,2,2.25,No,Low Risk,7,Mid-Level(6-10),5,4-7 Years,4,0,2,5,2
1448,Active Employee,0,No,41,35-45,Male,Married,5,Medical,Research & Development,Research Scientist,1,4,Travel Rarely,5,Near (0-5 km),1283,90,5561,2127,<$3K,Lower Income,12,0,3,Good,2,3,1,2,2,Yes,High Risk,7,Mid-Level(6-10),4,4-7 Years,2,0,3,2,5
1449,Active Employee,0,No,40,35-45,Male,Divorced,4,Other,Research & Development,Laboratory Technician,2,3,Non-Travel,9,Moderate (6-15 km),663,81,23099,3975,$3K-<6K,Lower Middle Income,11,2,3,Good,3,3,3,4,3.25,No,Low Risk,11,Senior(11-20),8,8-10 Years,7,0,7,3,2
1453,Active Employee,0,No,31,26-35,Male,Divorced,2,Life Sciences,Sales,Sales Executive,3,3,Travel Rarely,8,Moderate (6-15 km),326,31,8386,10793,$10K-<15K,Upper Middle Income,18,1,3,Good,1,4,1,3,2.25,No,Low Risk,13,Senior(11-20),13,10-15 Years,7,9,9,1,5
1457,Ex-Employee,1,Yes,46,46-55,Male,Divorced,3,Marketing,Sales,Sales Executive,3,3,Travel Rarely,9,Moderate (6-15 km),377,52,15986,10096,$10K-<15K,Upper Middle Income,11,1,3,Good,1,4,1,4,2.5,No,Low Risk,28,Expert(20+),7,4-7 Years,7,4,3,4,1
1458,Ex-Employee,1,Yes,39,35-45,Female,Single,3,Life Sciences,Research & Development,Laboratory Technician,1,2,Non-Travel,2,Near (0-5 km),592,54,17181,3646,$3K-<6K,Lower Middle Income,23,0,4,Excellent,1,1,2,4,2,Yes,High Risk,11,Senior(11-20),1,1-3 Years,0,0,0,2,2
1459,Ex-Employee,1,Yes,31,26-35,Female,Single,5,Life Sciences,Research & Development,Manufacturing Director,3,4,Travel Frequently,1,Near (0-5 km),1445,100,8931,7446,$6K-<10K,Middle Income,11,0,3,Good,3,2,1,3,2.25,No,Low Risk,10,Mid-Level(6-10),10,8-10 Years,8,4,7,1,2
1460,Active Employee,0,No,45,35-45,Male,Divorced,3,Medical,Research & Development,Healthcare Representative,3,1,Travel Rarely,20,Far (16-30 km),1038,95,19863,10851,$10K-<15K,Upper Middle Income,18,1,3,Good,2,1,2,3,2,Yes,High Risk,24,Expert(20+),7,4-7 Years,7,0,7,2,2
1461,Active Employee,0,No,31,26-35,Female,Single,2,Medical,Human Resources,Human Resources,1,4,Travel Rarely,8,Moderate (6-15 km),1398,96,24609,2109,<$3K,Lower Income,18,0,3,Good,4,2,4,3,3.25,No,Low Risk,8,Mid-Level(6-10),3,1-3 Years,2,0,2,9,3
1464,Ex-Employee,1,Yes,31,26-35,Male,Married,3,Life Sciences,Research & Development,Laboratory Technician,1,3,Travel Frequently,2,Near (0-5 km),523,94,21081,3722,$3K-<6K,Lower Middle Income,13,1,3,Good,2,4,3,1,2.5,Yes,Moderate Risk,7,Mid-Level(6-10),2,1-3 Years,2,2,2,6,2
1465,Active Employee,0,No,45,35-45,Male,Married,3,Technical Degree,Research & Development,Manufacturing Director,3,3,Travel Rarely,29,Far (16-30 km),1448,55,14720,9380,$6K-<10K,Middle Income,18,2,3,Good,2,4,4,4,3.5,Yes,High Risk,10,Mid-Level(6-10),3,1-3 Years,1,1,2,4,4
1466,Active Employee,0,No,48,46-55,Male,Divorced,3,Marketing,Sales,Sales Executive,2,3,Travel Rarely,7,Moderate (6-15 km),1221,96,24795,5486,$3K-<6K,Lower Middle Income,11,3,3,Good,3,1,1,3,2,No,Low Risk,15,Senior(11-20),2,1-3 Years,2,2,2,4,3
1467,Ex-Employee,1,Yes,34,26-35,Female,Married,4,Technical Degree,Human Resources,Human Resources,1,3,Travel Rarely,9,Moderate (6-15 km),1107,52,3072,2742,<$3K,Lower Income,15,0,3,Good,1,3,4,3,2.75,No,Low Risk,2,Fresher(0-2),2,1-3 Years,2,2,2,1,0
1468,Active Employee,0,No,40,35-45,Male,Divorced,1,Medical,Research & Development,Research Director,3,2,Non-Travel,8,Moderate (6-15 km),218,55,25178,13757,$10K-<15K,Upper Middle Income,11,1,3,Good,4,2,3,3,3,No,Low Risk,16,Senior(11-20),9,8-10 Years,8,4,8,2,5
1469,Active Employee,0,No,28,26-35,Male,Single,3,Medical,Sales,Sales Executive,2,3,Travel Rarely,5,Near (0-5 km),866,84,23490,8463,$6K-<10K,Middle Income,18,0,3,Good,4,1,4,3,3,No,Low Risk,6,Mid-Level(6-10),5,4-7 Years,4,1,3,0,4
1471,Active Employee,0,No,44,35-45,Male,Single,3,Life Sciences,Research & Development,Laboratory Technician,1,2,Non-Travel,5,Near (0-5 km),981,90,7973,3162,$3K-<6K,Lower Middle Income,14,0,3,Good,3,3,4,3,3.25,No,Low Risk,7,Mid-Level(6-10),5,4-7 Years,2,0,3,3,5
1472,Active Employee,0,No,53,46-55,Male,Single,3,Medical,Research & Development,Research Director,4,4,Travel Rarely,2,Near (0-5 km),447,39,19764,16598,$15K+,Higher Income,12,0,3,Good,4,2,2,2,2.5,No,Low Risk,35,Expert(20+),9,8-10 Years,8,8,8,4,2
1473,Active Employee,0,No,49,46-55,Male,Married,4,Technical Degree,Research & Development,Healthcare Representative,2,3,Travel Rarely,5,Near (0-5 km),1495,96,21534,6651,$6K-<10K,Middle Income,14,1,3,Good,1,3,2,2,2,No,Low Risk,20,Senior(11-20),3,1-3 Years,2,1,2,2,0
1474,Active Employee,0,No,40,35-45,Male,Divorced,3,Medical,Research & Development,Research Scientist,1,3,Travel Rarely,2,Near (0-5 km),896,68,8045,2345,<$3K,Lower Income,14,1,3,Good,3,3,3,4,3.25,No,Low Risk,8,Mid-Level(6-10),3,1-3 Years,1,1,2,2,3
1475,Active Employee,0,No,44,35-45,Male,Single,3,Life Sciences,Research & Development,Research Scientist,1,3,Travel Rarely,20,Far (16-30 km),1467,49,21158,3420,$3K-<6K,Lower Middle Income,13,0,3,Good,4,2,3,2,2.75,No,Low Risk,6,Mid-Level(6-10),5,4-7 Years,2,1,3,1,3
1477,Active Employee,0,No,33,26-35,Male,Married,3,Medical,Sales,Sales Executive,2,3,Travel Frequently,7,Moderate (6-15 km),430,54,17456,4373,$3K-<6K,Lower Middle Income,14,2,3,Good,4,1,1,3,2.25,No,Low Risk,5,Junior(3-5),4,4-7 Years,3,0,3,0,2
1478,Active Employee,0,No,34,26-35,Male,Single,3,Other,Sales,Sales Executive,2,1,Travel Rarely,3,Near (0-5 km),1326,81,15891,4759,$3K-<6K,Lower Middle Income,18,0,3,Good,4,1,4,3,3,No,Low Risk,15,Senior(11-20),13,10-15 Years,9,3,12,3,2
1479,Active Employee,0,No,30,26-35,Male,Married,1,Life Sciences,Sales,Sales Executive,2,3,Travel Rarely,16,Far (16-30 km),1358,96,2939,5301,$3K-<6K,Lower Middle Income,15,2,3,Good,4,3,3,2,3,No,Low Risk,4,Junior(3-5),2,1-3 Years,1,2,2,8,2
1480,Active Employee,0,No,42,35-45,Female,Single,2,Medical,Research & Development,Laboratory Technician,1,3,Travel Frequently,9,Moderate (6-15 km),748,74,16458,3673,$3K-<6K,Lower Middle Income,13,0,3,Good,1,4,3,3,2.75,No,Low Risk,12,Senior(11-20),12,10-15 Years,9,5,8,1,3
1481,Active Employee,0,No,44,35-45,Female,Married,5,Marketing,Sales,Sales Executive,2,3,Travel Frequently,1,Near (0-5 km),383,79,9282,4768,$3K-<6K,Lower Middle Income,12,1,3,Good,1,3,3,2,2.25,No,Low Risk,11,Senior(11-20),1,1-3 Years,0,0,0,7,4
1482,Active Employee,0,No,30,26-35,Male,Divorced,3,Technical Degree,Research & Development,Research Scientist,1,3,Non-Travel,7,Moderate (6-15 km),990,64,7152,1274,<$3K,Lower Income,13,2,3,Good,3,3,2,2,2.5,No,Low Risk,1,Fresher(0-2),1,1-3 Years,0,0,0,1,2
1483,Active Employee,0,No,57,56+,Male,Married,2,Life Sciences,Research & Development,Research Scientist,2,4,Travel Rarely,1,Near (0-5 km),405,93,2721,4900,$3K-<6K,Lower Middle Income,24,1,4,Excellent,2,3,1,2,2,No,Low Risk,13,Senior(11-20),12,10-15 Years,9,2,8,0,2
1484,Active Employee,0,No,49,46-55,Male,Divorced,4,Life Sciences,Research & Development,Healthcare Representative,3,3,Travel Rarely,7,Moderate (6-15 km),1490,35,20948,10466,$10K-<15K,Upper Middle Income,14,2,3,Good,3,2,2,3,2.5,No,Low Risk,29,Expert(20+),8,8-10 Years,7,0,7,3,3
1485,Active Employee,0,No,34,26-35,Male,Divorced,3,Medical,Research & Development,Research Director,4,3,Travel Frequently,15,Moderate (6-15 km),829,71,11929,17007,$15K+,Higher Income,14,2,3,Good,2,1,4,2,2.25,No,Low Risk,16,Senior(11-20),14,10-15 Years,8,6,9,7,3
1486,Ex-Employee,1,Yes,28,26-35,Male,Married,3,Technical Degree,Sales,Sales Representative,1,3,Travel Frequently,1,Near (0-5 km),1496,92,15747,2909,<$3K,Lower Income,15,1,3,Good,1,3,4,4,3,No,Low Risk,5,Junior(3-5),3,1-3 Years,2,1,2,3,3
1487,Ex-Employee,1,Yes,29,26-35,Female,Single,3,Technical Degree,Sales,Sales Executive,2,3,Travel Frequently,13,Moderate (6-15 km),115,51,17485,5765,$3K-<6K,Lower Middle Income,11,0,3,Good,1,2,1,1,1.25,No,Low Risk,7,Mid-Level(6-10),5,4-7 Years,3,0,0,5,4
1489,Ex-Employee,1,Yes,34,26-35,Female,Single,4,Medical,Sales,Sales Executive,2,2,Travel Rarely,24,Far (16-30 km),790,40,7815,4599,$3K-<6K,Lower Middle Income,23,0,4,Excellent,1,2,3,4,2.5,Yes,High Risk,16,Senior(11-20),15,10-15 Years,9,10,10,0,2
1492,Active Employee,0,No,35,35-45,Male,Married,1,Life Sciences,Sales,Sales Representative,1,3,Travel Rarely,7,Moderate (6-15 km),660,76,16192,2404,<$3K,Lower Income,13,1,3,Good,4,3,1,3,2.75,No,Low Risk,1,Fresher(0-2),1,1-3 Years,0,0,0,1,3
1494,Ex-Employee,1,Yes,24,18-25,Male,Single,3,Medical,Research & Development,Laboratory Technician,1,3,Travel Frequently,9,Moderate (6-15 km),381,89,16998,3172,$3K-<6K,Lower Middle Income,11,0,3,Good,2,1,3,2,2,Yes,High Risk,4,Junior(3-5),0,New Joiner,0,0,0,2,2
1495,Active Employee,0,No,24,18-25,Female,Married,2,Life Sciences,Sales,Sales Representative,1,3,Non-Travel,13,Moderate (6-15 km),830,78,7103,2033,<$3K,Lower Income,13,1,3,Good,4,2,3,3,3,No,Low Risk,1,Fresher(0-2),1,1-3 Years,0,0,0,1,2
1496,Active Employee,0,No,44,35-45,Male,Single,1,Medical,Research & Development,Manufacturing Director,3,3,Travel Frequently,2,Near (0-5 km),1193,86,19719,10209,$10K-<15K,Upper Middle Income,18,0,3,Good,2,3,2,2,2.25,Yes,Moderate Risk,16,Senior(11-20),2,1-3 Years,2,2,2,5,2
1497,Active Employee,0,No,29,26-35,Male,Divorced,3,Life Sciences,Sales,Sales Executive,2,2,Travel Rarely,19,Far (16-30 km),1246,77,23757,8620,$6K-<10K,Middle Income,14,2,3,Good,3,3,3,3,3,No,Low Risk,10,Mid-Level(6-10),10,8-10 Years,7,0,4,1,3
1499,Active Employee,0,No,30,26-35,Male,Divorced,3,Life Sciences,Human Resources,Human Resources,1,3,Travel Rarely,1,Near (0-5 km),330,46,15428,2064,<$3K,Lower Income,21,1,4,Excellent,3,3,1,4,2.75,No,Low Risk,6,Mid-Level(6-10),5,4-7 Years,3,1,3,0,3
1501,Active Employee,0,No,55,46-55,Male,Married,4,Life Sciences,Research & Development,Healthcare Representative,2,3,Travel Rarely,4,Near (0-5 km),1229,30,16143,4035,$3K-<6K,Lower Middle Income,16,0,3,Good,4,3,2,3,3,Yes,Moderate Risk,4,Junior(3-5),3,1-3 Years,2,1,2,0,2
1502,Active Employee,0,No,33,26-35,Female,Married,4,Medical,Research & Development,Laboratory Technician,1,2,Travel Rarely,4,Near (0-5 km),1099,82,8192,3838,$3K-<6K,Lower Middle Income,11,0,3,Good,1,2,4,3,2.5,No,Low Risk,8,Mid-Level(6-10),5,4-7 Years,4,0,2,8,5
1503,Active Employee,0,No,47,46-55,Female,Married,3,Medical,Sales,Sales Executive,2,3,Travel Rarely,14,Moderate (6-15 km),571,78,24200,4591,$3K-<6K,Lower Middle Income,17,1,3,Good,3,3,3,2,2.75,Yes,Moderate Risk,11,Senior(11-20),5,4-7 Years,4,1,2,3,4
1504,Ex-Employee,1,Yes,28,26-35,Male,Single,2,Medical,Research & Development,Laboratory Technician,1,2,Travel Frequently,2,Near (0-5 km),289,38,5355,2561,<$3K,Lower Income,11,0,3,Good,3,1,3,2,2.25,No,Low Risk,8,Mid-Level(6-10),0,New Joiner,0,0,0,7,2
1506,Active Employee,0,No,28,26-35,Male,Divorced,3,Life Sciences,Research & Development,Research Scientist,1,2,Travel Rarely,1,Near (0-5 km),1423,72,12530,1563,<$3K,Lower Income,14,1,3,Good,1,3,4,1,2.25,No,Low Risk,1,Fresher(0-2),1,1-3 Years,0,0,0,1,2
1507,Active Employee,0,No,28,26-35,Male,Single,3,Life Sciences,Sales,Sales Executive,2,3,Travel Frequently,7,Moderate (6-15 km),467,55,11827,4898,$3K-<6K,Lower Middle Income,14,0,3,Good,3,1,4,3,2.75,No,Low Risk,5,Junior(3-5),4,4-7 Years,2,1,3,0,5
1509,Active Employee,0,No,49,46-55,Female,Married,2,Medical,Research & Development,Laboratory Technician,2,2,Travel Rarely,3,Near (0-5 km),271,43,23070,4789,$3K-<6K,Lower Middle Income,25,1,4,Excellent,3,1,1,3,2,No,Low Risk,10,Mid-Level(6-10),3,1-3 Years,2,1,2,4,3
1513,Active Employee,0,No,29,26-35,Female,Married,1,Life Sciences,Research & Development,Laboratory Technician,1,3,Travel Frequently,2,Near (0-5 km),410,97,4668,3180,$3K-<6K,Lower Middle Income,13,3,3,Good,4,2,3,3,3,No,Low Risk,4,Junior(3-5),3,1-3 Years,2,0,2,0,3
1514,Active Employee,0,No,28,26-35,Male,Married,1,Life Sciences,Research & Development,Manufacturing Director,2,1,Travel Rarely,29,Far (16-30 km),1083,96,3173,6549,$6K-<10K,Middle Income,14,2,3,Good,3,2,2,2,2.25,No,Low Risk,8,Mid-Level(6-10),8,8-10 Years,6,1,7,1,2
1515,Active Employee,0,No,33,26-35,Male,Single,5,Life Sciences,Research & Development,Healthcare Representative,2,3,Travel Rarely,8,Moderate (6-15 km),516,69,22049,6388,$6K-<10K,Middle Income,17,0,3,Good,4,3,1,3,2.75,Yes,Moderate Risk,14,Senior(11-20),0,New Joiner,0,0,0,2,6
1516,Active Employee,0,No,32,26-35,Male,Single,3,Medical,Research & Development,Manager,3,3,Travel Rarely,10,Moderate (6-15 km),495,64,21072,11244,$10K-<15K,Upper Middle Income,25,0,4,Excellent,3,4,2,4,3.25,No,Low Risk,10,Mid-Level(6-10),5,4-7 Years,2,0,0,2,5
1520,Active Employee,0,No,54,46-55,Female,Divorced,4,Medical,Research & Development,Manager,4,3,Travel Frequently,11,Moderate (6-15 km),1050,87,24456,16032,$15K+,Higher Income,20,1,4,Excellent,2,4,1,3,2.5,No,Low Risk,26,Expert(20+),14,10-15 Years,9,1,12,3,2
1522,Ex-Employee,1,Yes,29,26-35,Male,Single,4,Technical Degree,Research & Development,Research Scientist,1,2,Travel Rarely,1,Near (0-5 km),224,100,7568,2362,<$3K,Lower Income,13,0,3,Good,1,1,3,1,1.5,No,Low Risk,11,Senior(11-20),9,8-10 Years,7,0,7,6,2
1523,Active Employee,0,No,44,35-45,Male,Married,3,Life Sciences,Research & Development,Research Director,4,3,Travel Rarely,28,Far (16-30 km),136,32,22074,16328,$15K+,Higher Income,13,1,3,Good,4,1,3,4,3,No,Low Risk,24,Expert(20+),20,15+ Years,6,14,17,3,1
1525,Active Employee,0,No,39,35-45,Female,Single,3,Life Sciences,Research & Development,Manufacturing Director,3,3,Travel Rarely,6,Moderate (6-15 km),1089,32,9150,8376,$6K-<10K,Middle Income,18,0,3,Good,2,2,4,3,2.75,No,Low Risk,9,Mid-Level(6-10),2,1-3 Years,0,2,2,4,3
1527,Active Employee,0,No,46,46-55,Female,Married,3,Life Sciences,Sales,Manager,4,3,Travel Rarely,3,Near (0-5 km),228,51,11380,16606,$15K+,Higher Income,12,1,3,Good,3,2,4,4,3.25,No,Low Risk,23,Expert(20+),13,10-15 Years,12,5,1,8,2
1529,Active Employee,0,No,35,35-45,Female,Single,3,Life Sciences,Research & Development,Healthcare Representative,3,2,Travel Rarely,16,Far (16-30 km),1029,91,21195,8606,$6K-<10K,Middle Income,19,0,3,Good,4,2,4,1,2.75,No,Low Risk,11,Senior(11-20),11,10-15 Years,8,3,3,1,3
1533,Active Employee,0,No,23,18-25,Male,Single,1,Life Sciences,Research & Development,Laboratory Technician,2,3,Travel Rarely,20,Far (16-30 km),507,97,24812,2272,<$3K,Lower Income,14,0,3,Good,1,3,2,3,2.25,No,Low Risk,5,Junior(3-5),4,4-7 Years,3,1,2,0,2
1534,Ex-Employee,1,Yes,40,35-45,Male,Single,4,Life Sciences,Research & Development,Laboratory Technician,1,3,Travel Rarely,9,Moderate (6-15 km),676,86,21831,2018,<$3K,Lower Income,14,0,3,Good,4,1,2,1,2,No,Low Risk,15,Senior(11-20),5,4-7 Years,4,1,0,3,3
1535,Active Employee,0,No,34,26-35,Male,Married,3,Technical Degree,Sales,Sales Executive,3,2,Travel Rarely,1,Near (0-5 km),971,64,12288,7083,$6K-<10K,Middle Income,14,0,3,Good,4,3,4,3,3.5,Yes,High Risk,10,Mid-Level(6-10),10,8-10 Years,9,8,6,1,3
1537,Ex-Employee,1,Yes,31,26-35,Female,Single,3,Life Sciences,Research & Development,Research Scientist,1,3,Travel Frequently,3,Near (0-5 km),561,33,4156,4084,$3K-<6K,Lower Middle Income,12,0,3,Good,4,3,1,1,2.25,No,Low Risk,7,Mid-Level(6-10),7,4-7 Years,2,7,7,1,2
1539,Active Employee,0,No,50,46-55,Male,Single,5,Medical,Research & Development,Research Director,4,1,Travel Frequently,22,Far (16-30 km),333,88,24450,14411,$10K-<15K,Upper Middle Income,13,0,3,Good,3,4,4,3,3.5,Yes,High Risk,32,Expert(20+),32,15+ Years,6,13,9,1,2
1541,Active Employee,0,No,34,26-35,Male,Married,2,Technical Degree,Sales,Sales Representative,1,3,Travel Rarely,7,Moderate (6-15 km),1440,55,4944,2308,<$3K,Lower Income,25,1,4,Excellent,2,3,2,3,2.5,Yes,High Risk,12,Senior(11-20),11,10-15 Years,10,5,7,0,4
1542,Active Employee,0,No,42,35-45,Male,Married,3,Medical,Research & Development,Laboratory Technician,1,2,Travel Rarely,2,Near (0-5 km),1210,68,24052,4841,$3K-<6K,Lower Middle Income,14,1,3,Good,3,2,2,3,2.5,No,Low Risk,4,Junior(3-5),1,1-3 Years,0,0,0,4,3
1543,Active Employee,0,No,37,35-45,Male,Married,3,Medical,Research & Development,Research Scientist,2,3,Travel Rarely,13,Moderate (6-15 km),674,47,3031,4285,$3K-<6K,Lower Middle Income,17,0,3,Good,1,4,1,3,2.25,No,Low Risk,10,Mid-Level(6-10),10,8-10 Years,8,3,7,1,2
1544,Active Employee,0,No,29,26-35,Female,Married,1,Other,Research & Development,Healthcare Representative,2,1,Travel Rarely,8,Moderate (6-15 km),441,39,7288,9715,$6K-<10K,Middle Income,13,1,3,Good,3,1,3,3,2.5,No,Low Risk,9,Mid-Level(6-10),7,4-7 Years,7,0,7,3,3
1545,Active Employee,0,No,33,26-35,Male,Single,3,Life Sciences,Research & Development,Manufacturing Director,2,2,Travel Rarely,25,Far (16-30 km),575,44,24152,4320,$3K-<6K,Lower Middle Income,13,0,3,Good,4,2,4,3,3.25,No,Low Risk,5,Junior(3-5),5,4-7 Years,3,0,2,1,2
1546,Active Employee,0,No,45,35-45,Male,Married,3,Technical Degree,Research & Development,Research Scientist,1,3,Travel Rarely,28,Far (16-30 km),950,97,4585,2132,<$3K,Lower Income,20,1,4,Excellent,4,4,4,3,3.75,No,Low Risk,8,Mid-Level(6-10),5,4-7 Years,4,0,3,4,3
1547,Active Employee,0,No,42,35-45,Male,Married,3,Life Sciences,Research & Development,Healthcare Representative,3,3,Travel Frequently,2,Near (0-5 km),288,40,18611,10124,$10K-<15K,Upper Middle Income,14,1,3,Good,4,4,3,1,3,Yes,High Risk,24,Expert(20+),20,15+ Years,8,13,9,2,3
1548,Active Employee,0,No,40,35-45,Male,Married,2,Medical,Sales,Sales Executive,2,3,Travel Rarely,9,Moderate (6-15 km),1342,47,19345,5473,$3K-<6K,Lower Middle Income,12,0,3,Good,1,1,4,4,2.5,No,Low Risk,9,Mid-Level(6-10),8,8-10 Years,4,7,1,0,5
1549,Active Employee,0,No,33,26-35,Male,Married,4,Life Sciences,Research & Development,Laboratory Technician,2,3,Travel Rarely,28,Far (16-30 km),589,79,22949,5207,$3K-<6K,Lower Middle Income,12,1,3,Good,2,3,2,3,2.5,Yes,High Risk,15,Senior(11-20),15,10-15 Years,14,5,7,1,3
1550,Active Employee,0,No,40,35-45,Male,Single,2,Medical,Human Resources,Manager,4,3,Travel Rarely,6,Moderate (6-15 km),898,38,17381,16437,$15K+,Higher Income,21,0,4,Excellent,3,4,4,3,3.5,Yes,High Risk,21,Expert(20+),21,15+ Years,7,7,7,1,2
1551,Active Employee,0,No,24,18-25,Male,Divorced,2,Technical Degree,Research & Development,Laboratory Technician,1,2,Travel Rarely,21,Far (16-30 km),350,57,10036,2296,<$3K,Lower Income,14,3,3,Good,3,1,2,3,2.25,No,Low Risk,2,Fresher(0-2),1,1-3 Years,1,0,0,0,3
1552,Active Employee,0,No,40,35-45,Male,Divorced,2,Life Sciences,Research & Development,Healthcare Representative,2,3,Non-Travel,8,Moderate (6-15 km),1142,72,8841,4069,$3K-<6K,Lower Middle Income,18,0,3,Good,4,4,3,3,3.5,Yes,Moderate Risk,8,Mid-Level(6-10),2,1-3 Years,2,2,2,3,2
1553,Active Employee,0,No,45,35-45,Male,Divorced,4,Technical Degree,Research & Development,Healthcare Representative,3,3,Travel Rarely,1,Near (0-5 km),538,66,20933,7441,$6K-<10K,Middle Income,12,3,3,Good,1,2,1,3,1.75,No,Low Risk,10,Mid-Level(6-10),10,8-10 Years,8,7,7,1,4
1554,Active Employee,0,No,35,35-45,Female,Married,4,Life Sciences,Sales,Sales Representative,1,2,Travel Rarely,28,Far (16-30 km),1402,98,26204,2430,<$3K,Lower Income,23,2,4,Excellent,2,3,1,3,2.25,No,Low Risk,6,Mid-Level(6-10),5,4-7 Years,3,4,2,0,5
1555,Active Employee,0,No,32,26-35,Female,Married,2,Life Sciences,Research & Development,Research Scientist,2,2,Travel Rarely,5,Near (0-5 km),824,67,15624,5878,$3K-<6K,Lower Middle Income,12,1,3,Good,4,2,1,3,2.5,No,Low Risk,12,Senior(11-20),7,4-7 Years,1,2,5,3,2
1556,Active Employee,0,No,36,35-45,Male,Single,4,Life Sciences,Sales,Sales Representative,1,3,Travel Rarely,2,Near (0-5 km),1157,70,17001,2644,<$3K,Lower Income,21,0,4,Excellent,3,4,4,2,3.25,Yes,Moderate Risk,7,Mid-Level(6-10),3,1-3 Years,2,1,2,3,3
1557,Active Employee,0,No,48,46-55,Female,Divorced,4,Life Sciences,Sales,Sales Executive,2,3,Travel Rarely,16,Far (16-30 km),492,96,13693,6439,$6K-<10K,Middle Income,14,1,3,Good,3,3,3,3,3,No,Low Risk,18,Senior(11-20),8,8-10 Years,7,7,7,8,2
1558,Active Employee,0,No,29,26-35,Male,Married,3,Life Sciences,Research & Development,Research Scientist,1,4,Travel Rarely,9,Moderate (6-15 km),598,91,22376,2451,<$3K,Lower Income,18,2,3,Good,3,3,1,2,2.25,No,Low Risk,5,Junior(3-5),1,1-3 Years,0,0,0,6,2
1560,Active Employee,0,No,33,26-35,Male,Married,4,Life Sciences,Sales,Sales Executive,2,3,Travel Rarely,8,Moderate (6-15 km),1242,46,10589,6392,$6K-<10K,Middle Income,13,1,3,Good,1,1,4,1,1.75,No,Low Risk,8,Mid-Level(6-10),2,1-3 Years,2,2,2,2,6
1562,Ex-Employee,1,Yes,30,26-35,Male,Married,3,Life Sciences,Sales,Sales Executive,2,2,Travel Rarely,1,Near (0-5 km),740,64,5323,9714,$6K-<10K,Middle Income,11,1,3,Good,2,1,4,3,2.5,No,Low Risk,10,Mid-Level(6-10),10,8-10 Years,8,6,7,1,4
1563,Active Employee,0,No,38,35-45,Male,Married,4,Human Resources,Human Resources,Human Resources,2,3,Travel Frequently,10,Moderate (6-15 km),888,71,14814,6077,$6K-<10K,Middle Income,11,0,3,Good,3,3,3,3,3,No,Low Risk,10,Mid-Level(6-10),6,4-7 Years,3,1,2,3,2
1564,Active Employee,0,No,35,35-45,Male,Single,3,Medical,Research & Development,Laboratory Technician,1,2,Travel Rarely,1,Near (0-5 km),992,68,21731,2450,<$3K,Lower Income,19,0,3,Good,4,1,2,3,2.5,No,Low Risk,3,Junior(3-5),3,1-3 Years,0,1,2,1,3
1568,Active Employee,0,No,30,26-35,Male,Married,4,Technical Degree,Sales,Sales Executive,3,3,Travel Rarely,29,Far (16-30 km),1288,33,17799,9250,$6K-<10K,Middle Income,12,1,3,Good,3,2,2,3,2.5,No,Low Risk,9,Mid-Level(6-10),4,4-7 Years,2,1,3,3,3
1569,Ex-Employee,1,Yes,35,35-45,Female,Divorced,3,Life Sciences,Research & Development,Laboratory Technician,1,3,Travel Rarely,2,Near (0-5 km),104,69,26619,2074,<$3K,Lower Income,12,1,3,Good,1,1,4,3,2.25,Yes,Moderate Risk,1,Fresher(0-2),1,1-3 Years,0,0,0,1,2
1572,Ex-Employee,1,Yes,53,46-55,Female,Married,5,Technical Degree,Research & Development,Manufacturing Director,3,2,Travel Rarely,2,Near (0-5 km),607,78,14618,10169,$10K-<15K,Upper Middle Income,16,1,3,Good,3,4,2,3,3,No,Low Risk,34,Expert(20+),33,15+ Years,7,1,9,0,4
1573,Ex-Employee,1,Yes,38,35-45,Male,Married,3,Medical,Research & Development,Manufacturing Director,2,3,Travel Rarely,2,Near (0-5 km),903,81,7653,4855,$3K-<6K,Lower Middle Income,11,2,3,Good,3,2,1,3,2.25,No,Low Risk,7,Mid-Level(6-10),5,4-7 Years,2,1,4,4,2
1574,Active Employee,0,No,32,26-35,Male,Married,4,Technical Degree,Research & Development,Research Scientist,2,3,Non-Travel,1,Near (0-5 km),1200,62,25174,4087,$3K-<6K,Lower Middle Income,14,1,3,Good,4,1,2,2,2.25,No,Low Risk,9,Mid-Level(6-10),6,4-7 Years,5,1,2,4,3
1576,Active Employee,0,No,48,46-55,Female,Married,4,Other,Research & Development,Research Scientist,1,3,Travel Rarely,15,Moderate (6-15 km),1108,65,16530,2367,<$3K,Lower Income,12,1,3,Good,3,1,4,2,2.5,No,Low Risk,10,Mid-Level(6-10),8,8-10 Years,2,7,6,8,3
1577,Active Employee,0,No,34,26-35,Male,Single,4,Medical,Research & Development,Research Scientist,1,3,Travel Rarely,7,Moderate (6-15 km),479,35,22061,2972,<$3K,Lower Income,13,0,3,Good,1,4,3,1,2.25,No,Low Risk,1,Fresher(0-2),1,1-3 Years,0,0,0,1,4
1578,Active Employee,0,No,55,46-55,Male,Married,5,Marketing,Sales,Manager,5,2,Travel Rarely,26,Far (16-30 km),685,60,23037,19586,$15K+,Higher Income,21,1,4,Excellent,3,4,3,3,3.25,No,Low Risk,36,Expert(20+),36,15+ Years,6,2,13,1,3
1580,Active Employee,0,No,34,26-35,Male,Married,4,Life Sciences,Research & Development,Research Scientist,2,3,Travel Rarely,1,Near (0-5 km),1351,45,13008,5484,$3K-<6K,Lower Middle Income,17,1,3,Good,2,4,2,2,2.5,No,Low Risk,9,Mid-Level(6-10),2,1-3 Years,2,2,1,9,3
1581,Active Employee,0,No,26,26-35,Female,Married,3,Life Sciences,Research & Development,Research Scientist,1,3,Travel Rarely,3,Near (0-5 km),474,89,11133,2061,<$3K,Lower Income,21,0,4,Excellent,1,4,1,3,2.25,No,Low Risk,1,Fresher(0-2),1,1-3 Years,0,0,0,1,5
1582,Active Employee,0,No,38,35-45,Male,Married,3,Life Sciences,Sales,Sales Executive,2,3,Travel Rarely,14,Moderate (6-15 km),1245,80,12355,9924,$6K-<10K,Middle Income,11,1,3,Good,3,2,4,3,3,No,Low Risk,10,Mid-Level(6-10),9,8-10 Years,8,7,7,0,3
1583,Active Employee,0,No,38,35-45,Female,Single,3,Life Sciences,Sales,Sales Executive,2,3,Travel Rarely,16,Far (16-30 km),437,90,16379,4198,$3K-<6K,Lower Middle Income,12,0,3,Good,2,2,2,4,2.5,No,Low Risk,8,Mid-Level(6-10),3,1-3 Years,2,1,2,2,5
1585,Active Employee,0,No,36,35-45,Female,Single,4,Life Sciences,Sales,Sales Executive,2,3,Travel Rarely,1,Near (0-5 km),884,73,21447,6815,$6K-<10K,Middle Income,13,0,3,Good,2,3,1,3,2.25,No,Low Risk,15,Senior(11-20),1,1-3 Years,0,0,0,6,5
1586,Active Employee,0,No,29,26-35,Male,Single,1,Medical,Research & Development,Laboratory Technician,1,3,Travel Rarely,3,Near (0-5 km),1370,87,16213,4723,$3K-<6K,Lower Middle Income,18,0,3,Good,2,1,4,3,2.5,Yes,Moderate Risk,10,Mid-Level(6-10),10,8-10 Years,9,1,5,1,3
1587,Active Employee,0,No,35,35-45,Female,Single,4,Medical,Research & Development,Healthcare Representative,2,3,Travel Rarely,10,Moderate (6-15 km),670,51,4223,6142,$6K-<10K,Middle Income,16,0,3,Good,1,3,3,3,2.5,Yes,Moderate Risk,10,Mid-Level(6-10),5,4-7 Years,2,0,4,3,4
1588,Active Employee,0,No,39,35-45,Male,Married,3,Medical,Sales,Sales Executive,3,4,Travel Rarely,6,Moderate (6-15 km),1462,38,4658,8237,$6K-<10K,Middle Income,11,1,3,Good,4,3,1,3,2.75,No,Low Risk,11,Senior(11-20),7,4-7 Years,6,7,6,2,3
1590,Active Employee,0,No,29,26-35,Male,Divorced,1,Life Sciences,Research & Development,Healthcare Representative,2,3,Travel Frequently,2,Near (0-5 km),995,87,24483,8853,$6K-<10K,Middle Income,19,1,3,Good,1,4,4,4,3.25,No,Low Risk,6,Mid-Level(6-10),6,4-7 Years,4,1,3,1,0
1591,Active Employee,0,No,50,46-55,Male,Married,3,Marketing,Sales,Manager,5,3,Travel Rarely,9,Moderate (6-15 km),264,59,19519,19331,$15K+,Higher Income,16,1,3,Good,3,3,3,3,3,Yes,Moderate Risk,27,Expert(20+),1,1-3 Years,0,0,0,4,2
1592,Active Employee,0,No,23,18-25,Male,Married,3,Technical Degree,Research & Development,Research Scientist,1,4,Travel Rarely,10,Moderate (6-15 km),977,45,12826,2073,<$3K,Lower Income,16,1,3,Good,4,3,4,3,3.5,No,Low Risk,4,Junior(3-5),2,1-3 Years,2,2,2,2,2
1594,Active Employee,0,No,36,35-45,Male,Married,4,Life Sciences,Research & Development,Laboratory Technician,2,4,Travel Frequently,6,Moderate (6-15 km),1302,80,19711,5562,$3K-<6K,Lower Middle Income,13,1,3,Good,1,1,4,3,2.25,Yes,Moderate Risk,9,Mid-Level(6-10),3,1-3 Years,2,0,2,3,3
1595,Active Employee,0,No,42,35-45,Male,Single,2,Other,Research & Development,Manager,5,2,Travel Rarely,9,Moderate (6-15 km),1059,93,26362,19613,$15K+,Higher Income,22,0,4,Excellent,4,4,4,3,3.75,No,Low Risk,24,Expert(20+),1,1-3 Years,0,0,1,8,2
1596,Active Employee,0,No,35,35-45,Male,Married,3,Life Sciences,Research & Development,Laboratory Technician,2,4,Travel Rarely,28,Far (16-30 km),750,46,25348,3407,$3K-<6K,Lower Middle Income,17,2,3,Good,2,3,4,2,2.75,No,Low Risk,10,Mid-Level(6-10),10,8-10 Years,9,6,8,1,3
1597,Active Employee,0,No,34,26-35,Male,Married,4,Technical Degree,Research & Development,Healthcare Representative,2,2,Travel Frequently,10,Moderate (6-15 km),653,92,15332,5063,$3K-<6K,Lower Middle Income,14,1,3,Good,4,3,2,2,2.75,No,Low Risk,8,Mid-Level(6-10),8,8-10 Years,2,7,7,1,3
1598,Active Employee,0,No,40,35-45,Female,Married,2,Life Sciences,Sales,Sales Executive,2,3,Travel Rarely,14,Moderate (6-15 km),118,84,11262,4639,$3K-<6K,Lower Middle Income,15,1,3,Good,4,1,3,3,2.75,No,Low Risk,5,Junior(3-5),5,4-7 Years,4,1,2,1,2
1599,Active Employee,0,No,43,35-45,Male,Divorced,3,Technical Degree,Research & Development,Laboratory Technician,1,4,Travel Rarely,27,Far (16-30 km),990,87,5855,4876,$3K-<6K,Lower Middle Income,12,1,3,Good,4,2,3,3,3,No,Low Risk,8,Mid-Level(6-10),6,4-7 Years,4,0,2,5,0
1601,Active Employee,0,No,35,35-45,Male,Married,2,Life Sciences,Research & Development,Laboratory Technician,1,2,Travel Rarely,7,Moderate (6-15 km),1349,63,7713,2690,<$3K,Lower Income,18,1,3,Good,3,4,4,2,3.25,No,Low Risk,1,Fresher(0-2),1,1-3 Years,0,0,1,1,5
1602,Active Employee,0,No,46,46-55,Male,Single,4,Life Sciences,Sales,Manager,4,4,Travel Rarely,1,Near (0-5 km),563,56,3156,17567,$15K+,Higher Income,15,0,3,Good,4,1,2,1,2,No,Low Risk,27,Expert(20+),26,15+ Years,0,0,12,1,5
1604,Ex-Employee,1,Yes,28,26-35,Male,Married,3,Medical,Research & Development,Laboratory Technician,1,3,Travel Rarely,24,Far (16-30 km),329,51,7324,2408,<$3K,Lower Income,17,3,3,Good,3,2,3,3,2.75,Yes,High Risk,1,Fresher(0-2),1,1-3 Years,1,0,0,1,3
1605,Active Employee,0,No,22,18-25,Female,Married,2,Other,Research & Development,Research Scientist,1,2,Non-Travel,26,Far (16-30 km),457,85,10293,2814,<$3K,Lower Income,14,0,3,Good,2,3,2,2,2.25,Yes,High Risk,4,Junior(3-5),4,4-7 Years,2,1,3,1,2
1606,Active Employee,0,No,50,46-55,Male,Married,5,Medical,Research & Development,Healthcare Representative,4,3,Travel Frequently,20,Far (16-30 km),1234,41,20689,11245,$10K-<15K,Upper Middle Income,15,1,3,Good,2,3,3,3,2.75,Yes,High Risk,32,Expert(20+),30,15+ Years,8,12,13,2,3
1607,Active Employee,0,No,32,26-35,Female,Married,4,Other,Research & Development,Research Scientist,1,4,Travel Rarely,5,Near (0-5 km),634,35,18783,3312,$3K-<6K,Lower Middle Income,17,2,3,Good,2,4,4,3,3.25,No,Low Risk,6,Mid-Level(6-10),3,1-3 Years,2,0,2,3,3
1608,Active Employee,0,No,44,35-45,Female,Divorced,3,Medical,Research & Development,Research Director,5,3,Travel Rarely,7,Moderate (6-15 km),1313,31,3549,19049,$15K+,Higher Income,14,1,3,Good,2,4,4,2,3,Yes,Moderate Risk,23,Expert(20+),22,15+ Years,7,1,10,0,4
1609,Active Employee,0,No,30,26-35,Male,Married,3,Medical,Research & Development,Research Scientist,1,2,Travel Rarely,7,Moderate (6-15 km),241,48,5348,2141,<$3K,Lower Income,12,1,3,Good,2,2,2,2,2,No,Low Risk,6,Mid-Level(6-10),6,4-7 Years,4,1,1,1,3
1611,Active Employee,0,No,45,35-45,Female,Single,5,Medical,Research & Development,Laboratory Technician,2,1,Travel Rarely,5,Near (0-5 km),1015,50,23447,5769,$3K-<6K,Lower Middle Income,14,0,3,Good,3,1,1,3,2,Yes,High Risk,10,Mid-Level(6-10),10,8-10 Years,7,1,4,1,3
1612,Active Employee,0,No,45,35-45,Male,Married,3,Marketing,Sales,Sales Executive,2,2,Non-Travel,26,Far (16-30 km),336,52,24162,4385,$3K-<6K,Lower Middle Income,15,1,3,Good,1,1,1,3,1.5,No,Low Risk,10,Mid-Level(6-10),10,8-10 Years,7,4,5,1,2
1613,Active Employee,0,No,31,26-35,Male,Single,4,Other,Sales,Sales Executive,2,3,Travel Frequently,2,Near (0-5 km),715,54,21602,5332,$3K-<6K,Lower Middle Income,13,0,3,Good,4,1,4,3,3,No,Low Risk,10,Mid-Level(6-10),5,4-7 Years,2,0,3,7,3
1614,Active Employee,0,No,36,35-45,Female,Married,4,Life Sciences,Research & Development,Manufacturing Director,2,3,Travel Rarely,12,Moderate (6-15 km),559,76,12421,4663,$3K-<6K,Lower Middle Income,12,2,3,Good,3,3,2,3,2.75,Yes,Moderate Risk,7,Mid-Level(6-10),3,1-3 Years,2,1,1,9,2
1615,Active Employee,0,No,34,26-35,Male,Divorced,4,Life Sciences,Research & Development,Manufacturing Director,2,4,Travel Frequently,10,Moderate (6-15 km),426,42,17000,4724,$3K-<6K,Lower Middle Income,13,1,3,Good,3,4,1,3,2.75,No,Low Risk,9,Mid-Level(6-10),9,8-10 Years,7,7,2,1,3
1617,Active Employee,0,No,49,46-55,Female,Married,4,Life Sciences,Research & Development,Laboratory Technician,1,3,Travel Rarely,25,Far (16-30 km),722,84,22102,3211,$3K-<6K,Lower Middle Income,14,1,3,Good,3,1,4,2,2.5,No,Low Risk,10,Mid-Level(6-10),9,8-10 Years,6,1,4,1,3
1618,Active Employee,0,No,39,35-45,Male,Married,5,Medical,Research & Development,Manufacturing Director,2,3,Travel Rarely,10,Moderate (6-15 km),1387,76,3835,5377,$3K-<6K,Lower Middle Income,13,3,3,Good,2,1,4,3,2.5,No,Low Risk,10,Mid-Level(6-10),7,4-7 Years,7,7,7,2,3
1619,Active Employee,0,No,27,26-35,Male,Divorced,3,Other,Research & Development,Laboratory Technician,1,2,Travel Rarely,19,Far (16-30 km),1302,67,16290,4066,$3K-<6K,Lower Middle Income,11,2,3,Good,4,1,1,3,2.25,No,Low Risk,7,Mid-Level(6-10),7,4-7 Years,7,0,7,1,3
1621,Active Employee,0,No,35,35-45,Male,Married,5,Life Sciences,Research & Development,Research Scientist,2,4,Travel Rarely,18,Far (16-30 km),819,48,26312,5208,$3K-<6K,Lower Middle Income,11,0,3,Good,2,1,4,3,2.5,No,Low Risk,16,Senior(11-20),16,15+ Years,15,1,10,1,2
1622,Active Employee,0,No,28,26-35,Female,Divorced,3,Medical,Research & Development,Manufacturing Director,2,1,Travel Rarely,27,Far (16-30 km),580,39,20460,4877,$3K-<6K,Lower Middle Income,21,1,4,Excellent,2,1,2,2,1.75,No,Low Risk,6,Mid-Level(6-10),5,4-7 Years,3,0,0,0,5
1623,Active Employee,0,No,21,18-25,Male,Single,1,Medical,Research & Development,Research Scientist,1,3,Travel Rarely,5,Near (0-5 km),546,97,26009,3117,$3K-<6K,Lower Middle Income,18,0,3,Good,3,4,3,3,3.25,No,Low Risk,3,Junior(3-5),2,1-3 Years,2,2,2,1,2
1624,Ex-Employee,1,Yes,18,18-25,Female,Single,2,Medical,Sales,Sales Representative,1,3,Travel Frequently,3,Near (0-5 km),544,70,18420,1569,<$3K,Lower Income,12,0,3,Good,2,4,3,4,3.25,Yes,Moderate Risk,0,Fresher(0-2),0,New Joiner,0,0,0,1,2
1625,Active Employee,0,No,47,46-55,Female,Married,4,Life Sciences,Human Resources,Manager,5,3,Travel Rarely,26,Far (16-30 km),1176,98,5220,19658,$15K+,Higher Income,11,1,3,Good,4,3,3,3,3.25,No,Low Risk,27,Expert(20+),5,4-7 Years,2,1,0,3,2
1627,Active Employee,0,No,39,35-45,Male,Divorced,2,Medical,Research & Development,Laboratory Technician,2,2,Travel Rarely,3,Near (0-5 km),170,76,10302,3069,$3K-<6K,Lower Middle Income,15,1,3,Good,3,3,4,3,3.25,No,Low Risk,11,Senior(11-20),10,8-10 Years,8,0,7,0,3
1628,Active Employee,0,No,40,35-45,Female,Married,3,Life Sciences,Research & Development,Manufacturing Director,3,2,Travel Rarely,15,Moderate (6-15 km),884,80,25800,10435,$10K-<15K,Upper Middle Income,13,2,3,Good,1,3,4,3,2.75,No,Low Risk,18,Senior(11-20),18,15+ Years,15,14,12,1,2
1630,Active Employee,0,No,35,35-45,Female,Married,4,Life Sciences,Research & Development,Healthcare Representative,2,3,Non-Travel,8,Moderate (6-15 km),208,52,12250,4148,$3K-<6K,Lower Middle Income,12,1,3,Good,3,3,4,3,3.25,No,Low Risk,15,Senior(11-20),14,10-15 Years,11,2,9,1,5
1631,Active Employee,0,No,37,35-45,Male,Married,3,Life Sciences,Research & Development,Manufacturing Director,2,3,Travel Rarely,19,Far (16-30 km),671,85,26493,5768,$3K-<6K,Lower Middle Income,17,3,3,Good,3,3,1,2,2.25,No,Low Risk,9,Mid-Level(6-10),4,4-7 Years,3,0,2,3,2
1633,Active Employee,0,No,39,35-45,Female,Single,3,Medical,Research & Development,Manufacturing Director,2,3,Travel Frequently,4,Near (0-5 km),711,81,3140,5042,$3K-<6K,Lower Middle Income,13,0,3,Good,1,3,4,1,2.25,No,Low Risk,10,Mid-Level(6-10),9,8-10 Years,2,3,8,0,2
1635,Active Employee,0,No,45,35-45,Female,Divorced,2,Other,Research & Development,Manufacturing Director,2,2,Travel Rarely,2,Near (0-5 km),1329,59,5388,5770,$3K-<6K,Lower Middle Income,19,2,3,Good,4,4,1,3,3,No,Low Risk,10,Mid-Level(6-10),10,8-10 Years,7,3,9,1,3
1638,Active Employee,0,No,38,35-45,Female,Married,2,Medical,Research & Development,Manufacturing Director,3,2,Travel Rarely,2,Near (0-5 km),397,54,14199,7756,$6K-<10K,Middle Income,19,1,3,Good,4,3,4,4,3.75,Yes,Moderate Risk,10,Mid-Level(6-10),5,4-7 Years,4,0,2,3,6
1639,Ex-Employee,1,Yes,35,35-45,Male,Married,3,Medical,Sales,Sales Executive,3,2,Travel Rarely,10,Moderate (6-15 km),737,55,21530,10306,$10K-<15K,Upper Middle Income,17,0,3,Good,4,1,3,3,2.75,No,Low Risk,15,Senior(11-20),13,10-15 Years,12,6,0,9,3
1640,Active Employee,0,No,37,35-45,Female,Married,3,Medical,Research & Development,Research Scientist,1,3,Travel Rarely,10,Moderate (6-15 km),1470,71,9953,3936,$3K-<6K,Lower Middle Income,11,1,3,Good,2,2,1,1,1.5,No,Low Risk,8,Mid-Level(6-10),8,8-10 Years,4,7,7,1,2
1641,Active Employee,0,No,40,35-45,Female,Single,3,Life Sciences,Research & Development,Manufacturing Director,3,3,Travel Rarely,16,Far (16-30 km),448,84,19948,7945,$6K-<10K,Middle Income,15,0,3,Good,3,4,4,2,3.25,Yes,High Risk,18,Senior(11-20),4,4-7 Years,2,3,3,6,2
1642,Active Employee,0,No,44,35-45,Male,Married,5,Human Resources,Human Resources,Human Resources,2,3,Travel Frequently,1,Near (0-5 km),602,37,10503,5743,$3K-<6K,Lower Middle Income,11,0,3,Good,1,4,3,3,2.75,Yes,Moderate Risk,14,Senior(11-20),10,8-10 Years,7,0,2,4,3
1644,Active Employee,0,No,48,46-55,Male,Married,5,Medical,Research & Development,Manager,4,2,Travel Frequently,4,Near (0-5 km),365,89,5602,15202,$15K+,Higher Income,25,1,4,Excellent,3,4,2,3,3,No,Low Risk,23,Expert(20+),2,1-3 Years,2,2,2,2,3
1645,Ex-Employee,1,Yes,35,35-45,Male,Divorced,2,Medical,Sales,Sales Executive,2,1,Travel Rarely,15,Moderate (6-15 km),763,59,22098,5440,$3K-<6K,Lower Middle Income,14,2,3,Good,1,4,4,2,2.75,Yes,Moderate Risk,7,Mid-Level(6-10),2,1-3 Years,2,2,2,6,2
1646,Active Employee,0,No,24,18-25,Female,Single,1,Technical Degree,Research & Development,Research Scientist,1,3,Travel Frequently,2,Near (0-5 km),567,32,17218,3760,$3K-<6K,Lower Middle Income,13,0,3,Good,1,4,3,3,2.75,Yes,Moderate Risk,6,Mid-Level(6-10),6,4-7 Years,3,1,3,1,2
1647,Active Employee,0,No,27,26-35,Female,Married,3,Medical,Research & Development,Research Scientist,1,4,Travel Rarely,8,Moderate (6-15 km),486,86,22490,3517,$3K-<6K,Lower Middle Income,17,0,3,Good,2,3,1,3,2.25,No,Low Risk,5,Junior(3-5),3,1-3 Years,2,0,2,7,0
1648,Active Employee,0,No,27,26-35,Male,Single,3,Medical,Research & Development,Research Scientist,1,3,Travel Frequently,2,Near (0-5 km),591,87,6297,2580,<$3K,Lower Income,13,0,3,Good,4,4,3,2,3.25,No,Low Risk,6,Mid-Level(6-10),4,4-7 Years,2,1,2,2,0
1649,Ex-Employee,1,Yes,40,35-45,Male,Single,3,Life Sciences,Research & Development,Laboratory Technician,1,3,Travel Rarely,7,Moderate (6-15 km),1329,73,3339,2166,<$3K,Lower Income,14,0,3,Good,1,1,2,1,1.25,Yes,High Risk,10,Mid-Level(6-10),4,4-7 Years,2,0,3,3,3
1650,Active Employee,0,No,29,26-35,Male,Single,3,Medical,Sales,Sales Executive,2,2,Travel Rarely,10,Moderate (6-15 km),469,42,23413,5869,$3K-<6K,Lower Middle Income,11,0,3,Good,3,3,3,3,3,No,Low Risk,8,Mid-Level(6-10),5,4-7 Years,2,1,4,9,2
1651,Active Employee,0,No,36,35-45,Female,Married,4,Life Sciences,Research & Development,Healthcare Representative,3,3,Travel Rarely,5,Near (0-5 km),711,42,22792,8008,$6K-<10K,Middle Income,12,2,3,Good,2,1,3,3,2.25,No,Low Risk,9,Mid-Level(6-10),3,1-3 Years,2,0,2,4,6
1653,Active Employee,0,No,25,18-25,Male,Divorced,1,Life Sciences,Research & Development,Manufacturing Director,2,4,Travel Frequently,2,Near (0-5 km),772,77,4973,5206,$3K-<6K,Lower Middle Income,17,2,3,Good,4,3,3,3,3.25,No,Low Risk,7,Mid-Level(6-10),7,4-7 Years,7,0,7,1,6
1654,Active Employee,0,No,39,35-45,Male,Married,3,Medical,Research & Development,Manufacturing Director,2,3,Travel Rarely,12,Moderate (6-15 km),492,66,7693,5295,$3K-<6K,Lower Middle Income,21,0,4,Excellent,4,2,3,3,3,No,Low Risk,7,Mid-Level(6-10),5,4-7 Years,4,1,0,4,3
1655,Active Employee,0,No,49,46-55,Female,Married,4,Other,Research & Development,Research Director,4,3,Travel Rarely,22,Far (16-30 km),301,72,3498,16413,$15K+,Higher Income,16,2,3,Good,1,2,2,3,2,No,Low Risk,27,Expert(20+),4,4-7 Years,2,1,2,3,2
1656,Active Employee,0,No,50,46-55,Female,Divorced,5,Life Sciences,Research & Development,Research Director,3,2,Travel Rarely,17,Far (16-30 km),813,50,21981,13269,$10K-<15K,Upper Middle Income,15,3,3,Good,4,1,3,3,2.75,No,Low Risk,19,Senior(11-20),14,10-15 Years,11,1,11,5,3
1657,Active Employee,0,No,20,18-25,Female,Single,3,Medical,Sales,Sales Representative,1,3,Travel Rarely,2,Near (0-5 km),1141,31,13251,2783,<$3K,Lower Income,19,0,3,Good,3,3,1,3,2.5,No,Low Risk,2,Fresher(0-2),2,1-3 Years,2,2,2,1,3
1658,Active Employee,0,No,34,26-35,Female,Divorced,3,Life Sciences,Research & Development,Research Scientist,2,3,Travel Rarely,3,Near (0-5 km),1130,66,19332,5433,$3K-<6K,Lower Middle Income,12,1,3,Good,4,2,3,3,3,No,Low Risk,11,Senior(11-20),11,10-15 Years,8,7,9,1,2
1659,Active Employee,0,No,36,35-45,Male,Single,3,Life Sciences,Research & Development,Laboratory Technician,1,3,Travel Rarely,7,Moderate (6-15 km),311,77,10950,2013,<$3K,Lower Income,11,0,3,Good,1,2,3,3,2.25,No,Low Risk,15,Senior(11-20),4,4-7 Years,3,1,3,2,4
1661,Active Employee,0,No,49,46-55,Female,Married,1,Life Sciences,Research & Development,Healthcare Representative,4,2,Travel Rarely,6,Moderate (6-15 km),465,41,11652,13966,$10K-<15K,Upper Middle Income,19,1,3,Good,3,3,2,3,2.75,Yes,Moderate Risk,30,Expert(20+),15,10-15 Years,11,2,12,2,3
1662,Active Employee,0,No,36,35-45,Female,Married,4,Medical,Research & Development,Manufacturing Director,2,2,Non-Travel,1,Near (0-5 km),894,33,15411,4374,$3K-<6K,Lower Middle Income,15,0,3,Good,4,3,3,3,3.25,No,Low Risk,4,Junior(3-5),3,1-3 Years,2,1,2,0,6
1664,Active Employee,0,No,36,35-45,Male,Divorced,2,Life Sciences,Research & Development,Healthcare Representative,2,4,Travel Rarely,3,Near (0-5 km),1040,79,26308,6842,$6K-<10K,Middle Income,20,1,4,Excellent,4,1,1,3,2.25,No,Low Risk,13,Senior(11-20),5,4-7 Years,4,0,4,6,3
1665,Active Employee,0,No,54,46-55,Female,Married,5,Medical,Research & Development,Manager,4,3,Travel Rarely,22,Far (16-30 km),584,91,18685,17426,$15K+,Higher Income,25,1,4,Excellent,2,3,3,3,2.75,No,Low Risk,36,Expert(20+),10,8-10 Years,8,4,7,3,6
1666,Active Employee,0,No,43,35-45,Male,Married,2,Life Sciences,Research & Development,Research Director,4,2,Travel Rarely,15,Moderate (6-15 km),1291,65,3525,17603,$15K+,Higher Income,24,1,4,Excellent,3,3,1,3,2.5,No,Low Risk,14,Senior(11-20),14,10-15 Years,10,6,11,1,3
1667,Ex-Employee,1,Yes,35,35-45,Male,Single,4,Other,Sales,Sales Executive,2,3,Travel Frequently,12,Moderate (6-15 km),880,36,10414,4581,$3K-<6K,Lower Middle Income,24,0,4,Excellent,4,4,1,4,3.25,Yes,High Risk,13,Senior(11-20),11,10-15 Years,9,6,7,3,2
1668,Active Employee,0,No,38,35-45,Male,Married,3,Life Sciences,Research & Development,Research Scientist,2,3,Travel Frequently,1,Near (0-5 km),1189,90,9867,4735,$3K-<6K,Lower Middle Income,15,2,3,Good,4,4,4,4,4,No,Low Risk,19,Senior(11-20),13,10-15 Years,11,2,9,7,4
1669,Active Employee,0,No,29,26-35,Male,Divorced,3,Medical,Sales,Sales Executive,2,2,Travel Rarely,5,Near (0-5 km),991,43,3356,4187,$3K-<6K,Lower Middle Income,13,1,3,Good,1,2,2,2,1.75,Yes,High Risk,10,Mid-Level(6-10),10,8-10 Years,0,0,9,1,3
1670,Active Employee,0,No,33,26-35,Male,Divorced,4,Medical,Sales,Sales Executive,2,3,Travel Rarely,2,Near (0-5 km),392,93,3921,5505,$3K-<6K,Lower Middle Income,14,2,3,Good,4,4,3,3,3.5,No,Low Risk,6,Mid-Level(6-10),6,4-7 Years,2,0,4,1,5
1671,Active Employee,0,No,32,26-35,Male,Divorced,3,Medical,Research & Development,Research Scientist,2,3,Travel Rarely,2,Near (0-5 km),977,45,25518,5470,$3K-<6K,Lower Middle Income,13,2,3,Good,4,2,3,2,2.75,No,Low Risk,10,Mid-Level(6-10),9,8-10 Years,5,1,6,0,4
1673,Active Employee,0,No,31,26-35,Female,Married,4,Life Sciences,Sales,Sales Executive,2,3,Travel Rarely,5,Near (0-5 km),1112,67,22589,5476,$3K-<6K,Lower Middle Income,11,2,3,Good,1,4,1,3,2.25,No,Low Risk,10,Mid-Level(6-10),10,8-10 Years,0,0,2,1,2
1674,Active Employee,0,No,49,46-55,Female,Divorced,3,Medical,Research & Development,Laboratory Technician,1,3,Travel Rarely,16,Far (16-30 km),464,74,24941,2587,<$3K,Lower Income,16,1,3,Good,4,1,2,2,2.25,Yes,High Risk,17,Senior(11-20),2,1-3 Years,2,2,2,4,2
1675,Active Employee,0,No,38,35-45,Female,Single,3,Medical,Research & Development,Laboratory Technician,1,2,Travel Frequently,2,Near (0-5 km),148,42,23826,2440,<$3K,Lower Income,22,0,4,Excellent,4,2,2,3,2.75,No,Low Risk,4,Junior(3-5),4,4-7 Years,3,3,3,1,3
1676,Active Employee,0,No,47,46-55,Female,Divorced,4,Life Sciences,Sales,Manager,4,4,Travel Rarely,2,Near (0-5 km),1225,47,21086,15972,$15K+,Higher Income,14,3,3,Good,2,2,3,3,2.5,No,Low Risk,29,Expert(20+),3,1-3 Years,2,1,2,6,2
1677,Active Employee,0,No,49,46-55,Male,Single,3,Life Sciences,Research & Development,Manager,4,3,Travel Rarely,1,Near (0-5 km),809,36,22384,15379,$15K+,Higher Income,14,0,3,Good,3,3,1,3,2.5,No,Low Risk,23,Expert(20+),8,8-10 Years,7,0,0,4,2
1678,Active Employee,0,No,41,35-45,Male,Single,2,Life Sciences,Sales,Sales Executive,3,3,Travel Rarely,23,Far (16-30 km),1206,80,11591,7082,$6K-<10K,Middle Income,16,0,3,Good,4,3,4,3,3.5,Yes,High Risk,21,Expert(20+),2,1-3 Years,0,0,2,3,2
1680,Active Employee,0,No,20,18-25,Male,Single,1,Life Sciences,Sales,Sales Representative,1,3,Travel Rarely,9,Moderate (6-15 km),727,54,21082,2728,<$3K,Lower Income,11,0,3,Good,4,1,1,3,2.25,No,Low Risk,2,Fresher(0-2),2,1-3 Years,2,0,2,1,3
1681,Active Employee,0,No,33,26-35,Female,Divorced,3,Life Sciences,Sales,Sales Executive,2,3,Non-Travel,16,Far (16-30 km),530,36,16130,5368,$3K-<6K,Lower Middle Income,25,1,4,Excellent,3,4,3,3,3.25,Yes,High Risk,7,Mid-Level(6-10),6,4-7 Years,5,1,2,1,2
1682,Active Employee,0,No,36,35-45,Male,Married,4,Life Sciences,Research & Development,Healthcare Representative,2,3,Travel Rarely,26,Far (16-30 km),1351,80,7419,5347,$3K-<6K,Lower Middle Income,14,2,3,Good,1,3,2,2,2,No,Low Risk,10,Mid-Level(6-10),3,1-3 Years,2,0,2,6,2
1683,Active Employee,0,No,44,35-45,Female,Divorced,3,Life Sciences,Human Resources,Human Resources,1,3,Travel Rarely,1,Near (0-5 km),528,44,4167,3195,$3K-<6K,Lower Middle Income,18,3,3,Good,3,4,1,3,2.75,Yes,Moderate Risk,8,Mid-Level(6-10),2,1-3 Years,2,2,2,4,2
1684,Ex-Employee,1,Yes,23,18-25,Male,Single,1,Medical,Research & Development,Laboratory Technician,1,2,Travel Rarely,8,Moderate (6-15 km),1320,93,20586,3989,$3K-<6K,Lower Middle Income,11,0,3,Good,4,3,1,3,2.75,Yes,Moderate Risk,5,Junior(3-5),5,4-7 Years,4,1,2,1,2
1687,Active Employee,0,No,38,35-45,Female,Married,2,Medical,Research & Development,Laboratory Technician,1,3,Travel Rarely,4,Near (0-5 km),1495,87,26176,3306,$3K-<6K,Lower Middle Income,19,1,3,Good,4,3,4,2,3.25,No,Low Risk,7,Mid-Level(6-10),0,New Joiner,0,0,0,7,5
1689,Active Employee,0,No,53,46-55,Male,Married,4,Medical,Research & Development,Healthcare Representative,3,4,Travel Rarely,24,Far (16-30 km),1395,48,3458,7005,$6K-<10K,Middle Income,15,0,3,Good,2,4,3,3,3,No,Low Risk,11,Senior(11-20),4,4-7 Years,3,1,2,3,2
1691,Ex-Employee,1,Yes,48,46-55,Female,Married,2,Medical,Sales,Sales Representative,1,3,Travel Frequently,7,Moderate (6-15 km),708,95,11740,2655,<$3K,Lower Income,11,2,3,Good,4,3,3,3,3.25,Yes,High Risk,19,Senior(11-20),9,8-10 Years,7,7,7,2,3
1692,Ex-Employee,1,Yes,32,26-35,Male,Single,4,Life Sciences,Research & Development,Laboratory Technician,1,3,Travel Rarely,2,Near (0-5 km),1259,95,24852,1393,<$3K,Lower Income,12,0,3,Good,4,2,1,3,2.5,No,Low Risk,1,Fresher(0-2),1,1-3 Years,0,0,0,1,2
1693,Active Employee,0,No,26,26-35,Male,Single,3,Medical,Research & Development,Laboratory Technician,1,3,Non-Travel,7,Moderate (6-15 km),786,76,11925,2570,<$3K,Lower Income,20,0,4,Excellent,4,4,3,3,3.5,No,Low Risk,7,Mid-Level(6-10),7,4-7 Years,7,5,7,1,5
1694,Active Employee,0,No,55,46-55,Male,Divorced,3,Technical Degree,Research & Development,Research Scientist,1,2,Travel Rarely,22,Far (16-30 km),1441,94,23737,3537,$3K-<6K,Lower Middle Income,12,1,3,Good,1,2,4,3,2.5,No,Low Risk,8,Mid-Level(6-10),4,4-7 Years,2,1,2,5,1
1696,Active Employee,0,No,34,26-35,Male,Married,2,Medical,Research & Development,Laboratory Technician,2,2,Travel Rarely,5,Near (0-5 km),1157,57,11912,3986,$3K-<6K,Lower Middle Income,14,1,3,Good,2,4,3,4,3.25,No,Low Risk,15,Senior(11-20),15,10-15 Years,10,4,13,1,3
1697,Active Employee,0,No,60,56+,Male,Divorced,4,Medical,Research & Development,Healthcare Representative,3,1,Travel Rarely,1,Near (0-5 km),370,92,20467,10883,$10K-<15K,Upper Middle Income,20,1,4,Excellent,3,4,3,4,3.5,No,Low Risk,19,Senior(11-20),1,1-3 Years,0,0,0,3,2
1698,Active Employee,0,No,33,26-35,Male,Married,3,Medical,Research & Development,Laboratory Technician,1,4,Travel Rarely,21,Far (16-30 km),267,79,13637,2028,<$3K,Lower Income,18,3,3,Good,2,2,4,3,2.75,No,Low Risk,14,Senior(11-20),14,10-15 Years,11,2,13,1,6
1700,Active Employee,0,No,37,35-45,Male,Divorced,4,Medical,Sales,Sales Executive,2,1,Travel Frequently,1,Near (0-5 km),1278,31,7677,9525,$6K-<10K,Middle Income,14,2,3,Good,3,4,3,2,3,No,Low Risk,6,Mid-Level(6-10),6,4-7 Years,3,1,3,1,2
1701,Active Employee,0,No,34,26-35,Female,Married,3,Life Sciences,Research & Development,Research Scientist,1,2,Travel Rarely,19,Far (16-30 km),678,35,20338,2929,<$3K,Lower Income,12,0,3,Good,2,4,2,3,2.75,No,Low Risk,10,Mid-Level(6-10),10,8-10 Years,9,8,7,1,3
1702,Ex-Employee,1,Yes,23,18-25,Male,Divorced,3,Life Sciences,Sales,Sales Representative,1,3,Travel Rarely,7,Moderate (6-15 km),427,99,25103,2275,<$3K,Lower Income,21,1,4,Excellent,3,4,2,3,3,Yes,Moderate Risk,3,Junior(3-5),3,1-3 Years,2,0,2,1,2
1703,Active Employee,0,No,44,35-45,Female,Married,3,Life Sciences,Research & Development,Healthcare Representative,3,4,Travel Rarely,2,Near (0-5 km),921,96,14810,7879,$6K-<10K,Middle Income,19,1,3,Good,3,4,2,3,3,Yes,High Risk,9,Mid-Level(6-10),8,8-10 Years,7,6,7,1,2
1704,Active Employee,0,No,35,35-45,Male,Single,4,Medical,Research & Development,Research Scientist,1,2,Travel Frequently,2,Near (0-5 km),146,79,13970,4930,$3K-<6K,Lower Middle Income,14,0,3,Good,1,4,3,4,3,Yes,Moderate Risk,6,Mid-Level(6-10),5,4-7 Years,4,1,4,0,2
1706,Active Employee,0,No,43,35-45,Male,Married,3,Medical,Sales,Sales Executive,2,3,Travel Rarely,2,Near (0-5 km),1179,73,6069,7847,$6K-<10K,Middle Income,17,1,3,Good,4,4,1,3,3,Yes,High Risk,10,Mid-Level(6-10),10,8-10 Years,9,8,8,1,3
1707,Active Employee,0,No,24,18-25,Male,Married,3,Medical,Research & Development,Research Scientist,1,4,Travel Rarely,9,Moderate (6-15 km),581,62,17616,4401,$3K-<6K,Lower Middle Income,16,1,3,Good,3,3,4,3,3.25,No,Low Risk,5,Junior(3-5),5,4-7 Years,3,0,4,1,1
1708,Active Employee,0,No,41,35-45,Male,Single,3,Marketing,Sales,Sales Executive,3,3,Travel Rarely,6,Moderate (6-15 km),918,35,15869,9241,$6K-<10K,Middle Income,12,0,3,Good,4,3,2,3,3,No,Low Risk,10,Mid-Level(6-10),10,8-10 Years,8,8,7,1,3
1709,Active Employee,0,No,29,26-35,Female,Married,4,Medical,Research & Development,Laboratory Technician,1,3,Travel Rarely,9,Moderate (6-15 km),1082,43,25412,2974,<$3K,Lower Income,17,1,3,Good,4,3,3,3,3.25,No,Low Risk,9,Mid-Level(6-10),5,4-7 Years,3,1,2,9,2
1710,Active Employee,0,No,36,35-45,Female,Single,4,Life Sciences,Sales,Sales Representative,2,3,Travel Rarely,2,Near (0-5 km),530,51,7439,4502,$3K-<6K,Lower Middle Income,15,0,3,Good,3,4,3,2,3,No,Low Risk,17,Senior(11-20),13,10-15 Years,7,6,7,3,2
1712,Active Employee,0,No,45,35-45,Male,Married,1,Life Sciences,Research & Development,Healthcare Representative,3,2,Non-Travel,1,Near (0-5 km),1238,74,3395,10748,$10K-<15K,Upper Middle Income,23,1,4,Excellent,3,3,4,2,3,No,Low Risk,25,Expert(20+),23,15+ Years,15,14,4,3,3
1714,Ex-Employee,1,Yes,24,18-25,Male,Married,1,Human Resources,Human Resources,Human Resources,1,1,Travel Rarely,22,Far (16-30 km),240,58,11585,1555,<$3K,Lower Income,11,1,3,Good,4,3,3,3,3.25,No,Low Risk,1,Fresher(0-2),1,1-3 Years,0,0,0,1,2
1716,Ex-Employee,1,Yes,47,46-55,Male,Married,3,Life Sciences,Sales,Sales Executive,4,1,Travel Frequently,9,Moderate (6-15 km),1093,82,24164,12936,$10K-<15K,Upper Middle Income,11,0,3,Good,3,3,3,1,2.5,No,Low Risk,25,Expert(20+),23,15+ Years,5,14,10,7,3
1718,Active Employee,0,No,26,26-35,Male,Married,4,Medical,Research & Development,Laboratory Technician,1,1,Travel Rarely,17,Far (16-30 km),390,62,6217,2305,<$3K,Lower Income,15,3,3,Good,4,3,3,4,3.5,No,Low Risk,3,Junior(3-5),3,1-3 Years,2,0,2,1,3
1719,Active Employee,0,No,45,35-45,Female,Single,2,Technical Degree,Research & Development,Research Director,4,2,Travel Rarely,28,Far (16-30 km),1005,48,17119,16704,$15K+,Higher Income,11,0,3,Good,4,2,3,3,3,No,Low Risk,21,Expert(20+),21,15+ Years,6,8,6,1,2
1720,Active Employee,0,No,32,26-35,Male,Married,3,Life Sciences,Research & Development,Research Scientist,1,3,Travel Frequently,10,Moderate (6-15 km),585,56,17360,3433,$3K-<6K,Lower Middle Income,13,1,3,Good,1,3,1,2,1.75,No,Low Risk,10,Mid-Level(6-10),5,4-7 Years,2,1,3,6,3
1721,Active Employee,0,No,31,26-35,Male,Married,4,Life Sciences,Research & Development,Laboratory Technician,1,3,Travel Rarely,2,Near (0-5 km),741,69,18103,3477,$3K-<6K,Lower Middle Income,14,1,3,Good,2,3,4,4,3.25,No,Low Risk,6,Mid-Level(6-10),5,4-7 Years,2,0,3,1,2
1722,Active Employee,0,No,41,35-45,Male,Married,3,Human Resources,Human Resources,Human Resources,2,1,Non-Travel,4,Near (0-5 km),552,60,20794,6430,$6K-<10K,Middle Income,19,1,3,Good,3,2,2,3,2.5,No,Low Risk,10,Mid-Level(6-10),3,1-3 Years,2,1,2,6,4
1724,Active Employee,0,No,40,35-45,Female,Married,2,Life Sciences,Research & Development,Manufacturing Director,2,3,Travel Rarely,8,Moderate (6-15 km),369,92,5041,6516,$6K-<10K,Middle Income,16,1,3,Good,2,1,2,3,2,Yes,High Risk,18,Senior(11-20),1,1-3 Years,0,0,0,2,3
1725,Active Employee,0,No,24,18-25,Male,Divorced,1,Medical,Research & Development,Laboratory Technician,1,3,Travel Rarely,29,Far (16-30 km),506,91,3622,3907,$3K-<6K,Lower Middle Income,13,3,3,Good,2,1,2,4,2.25,No,Low Risk,6,Mid-Level(6-10),6,4-7 Years,2,1,2,1,2
1727,Active Employee,0,No,46,46-55,Male,Single,4,Life Sciences,Research & Development,Healthcare Representative,2,3,Travel Rarely,13,Moderate (6-15 km),717,34,9697,5562,$3K-<6K,Lower Middle Income,14,0,3,Good,3,2,4,3,3,No,Low Risk,19,Senior(11-20),10,8-10 Years,7,0,9,6,3
1728,Active Employee,0,No,35,35-45,Male,Married,4,Life Sciences,Research & Development,Manufacturing Director,2,3,Travel Rarely,27,Far (16-30 km),1370,49,5151,6883,$6K-<10K,Middle Income,16,1,3,Good,4,3,2,3,3,No,Low Risk,17,Senior(11-20),7,4-7 Years,7,0,7,2,3
1729,Active Employee,0,No,30,26-35,Male,Married,1,Life Sciences,Research & Development,Research Scientist,1,3,Travel Rarely,16,Far (16-30 km),793,33,3811,2862,<$3K,Lower Income,12,1,3,Good,2,4,2,2,2.5,No,Low Risk,10,Mid-Level(6-10),10,8-10 Years,0,0,8,1,2
1731,Active Employee,0,No,47,46-55,Male,Married,4,Marketing,Sales,Sales Executive,2,3,Non-Travel,2,Near (0-5 km),543,87,3536,4978,$3K-<6K,Lower Middle Income,11,1,3,Good,3,2,4,1,2.5,No,Low Risk,4,Junior(3-5),1,1-3 Years,0,0,0,7,3
1732,Active Employee,0,No,46,46-55,Male,Divorced,3,Life Sciences,Sales,Sales Executive,3,3,Travel Rarely,2,Near (0-5 km),1277,74,5596,10368,$10K-<15K,Upper Middle Income,12,1,3,Good,3,4,2,2,2.75,Yes,Moderate Risk,13,Senior(11-20),10,8-10 Years,6,0,3,4,5
1733,Ex-Employee,1,Yes,36,35-45,Male,Divorced,5,Marketing,Sales,Sales Executive,2,2,Travel Rarely,13,Moderate (6-15 km),1456,96,8658,6134,$6K-<10K,Middle Income,13,3,3,Good,2,1,2,3,2,Yes,High Risk,16,Senior(11-20),2,1-3 Years,2,2,2,5,3
1734,Ex-Employee,1,Yes,32,26-35,Male,Single,2,Life Sciences,Sales,Sales Executive,2,1,Travel Rarely,1,Near (0-5 km),964,34,12147,6735,$6K-<10K,Middle Income,15,0,3,Good,1,2,2,3,2,No,Low Risk,10,Mid-Level(6-10),0,New Joiner,0,0,0,6,2
1735,Active Employee,0,No,23,18-25,Female,Single,1,Medical,Research & Development,Laboratory Technician,1,3,Travel Rarely,4,Near (0-5 km),160,51,12862,3295,$3K-<6K,Lower Middle Income,13,0,3,Good,3,2,3,1,2.25,No,Low Risk,3,Junior(3-5),3,1-3 Years,2,1,2,1,3
1736,Active Employee,0,No,31,26-35,Female,Single,1,Technical Degree,Research & Development,Manufacturing Director,2,3,Travel Frequently,24,Far (16-30 km),163,30,6670,5238,$3K-<6K,Lower Middle Income,20,0,4,Excellent,4,4,4,2,3.5,No,Low Risk,9,Mid-Level(6-10),5,4-7 Years,4,1,4,2,3
1737,Active Employee,0,No,39,35-45,Male,Married,3,Life Sciences,Research & Development,Laboratory Technician,2,3,Non-Travel,1,Near (0-5 km),792,77,8989,6472,$6K-<10K,Middle Income,15,1,3,Good,4,4,4,3,3.75,Yes,High Risk,9,Mid-Level(6-10),9,8-10 Years,8,5,8,1,2
1739,Active Employee,0,No,32,26-35,Male,Married,3,Life Sciences,Sales,Sales Executive,3,1,Travel Rarely,19,Far (16-30 km),371,80,3840,9610,$6K-<10K,Middle Income,13,1,3,Good,4,3,3,1,2.75,No,Low Risk,10,Mid-Level(6-10),4,4-7 Years,3,0,2,3,2
1740,Active Employee,0,No,40,35-45,Male,Single,4,Medical,Sales,Manager,5,3,Travel Rarely,7,Moderate (6-15 km),611,88,4349,19833,$15K+,Higher Income,14,0,3,Good,2,2,2,2,2,No,Low Risk,21,Expert(20+),21,15+ Years,8,12,8,1,3
1744,Active Employee,0,No,45,35-45,Female,Married,3,Life Sciences,Human Resources,Human Resources,3,1,Travel Rarely,4,Near (0-5 km),176,56,6595,9756,$6K-<10K,Middle Income,21,2,4,Excellent,3,3,3,4,3.25,No,Low Risk,9,Mid-Level(6-10),5,4-7 Years,0,0,3,4,2
1745,Active Employee,0,No,30,26-35,Female,Single,4,Technical Degree,Research & Development,Research Scientist,1,2,Travel Frequently,2,Near (0-5 km),1312,78,26427,4968,$3K-<6K,Lower Middle Income,16,0,3,Good,4,1,4,3,3,No,Low Risk,10,Mid-Level(6-10),9,8-10 Years,7,0,7,0,2
1746,Active Employee,0,No,24,18-25,Male,Married,3,Medical,Human Resources,Human Resources,1,3,Travel Frequently,10,Moderate (6-15 km),897,59,2097,2145,<$3K,Lower Income,14,1,3,Good,1,4,4,3,3,No,Low Risk,3,Junior(3-5),2,1-3 Years,2,2,1,0,2
1747,Ex-Employee,1,Yes,30,26-35,Female,Divorced,3,Human Resources,Human Resources,Human Resources,1,2,Travel Frequently,8,Moderate (6-15 km),600,66,9732,2180,<$3K,Lower Income,11,1,3,Good,3,4,3,2,3,No,Low Risk,6,Mid-Level(6-10),4,4-7 Years,2,1,2,6,0
1749,Active Employee,0,No,31,26-35,Male,Married,3,Technical Degree,Sales,Sales Executive,2,3,Travel Rarely,5,Near (0-5 km),1003,51,20943,8346,$6K-<10K,Middle Income,19,1,3,Good,1,3,3,3,2.5,No,Low Risk,6,Mid-Level(6-10),5,4-7 Years,2,0,2,1,3
1751,Active Employee,0,No,27,26-35,Female,Single,3,Medical,Research & Development,Research Scientist,1,3,Travel Rarely,8,Moderate (6-15 km),1054,67,6152,3445,$3K-<6K,Lower Middle Income,11,0,3,Good,3,4,3,2,3,No,Low Risk,6,Mid-Level(6-10),6,4-7 Years,2,1,4,1,5
1752,Ex-Employee,1,Yes,29,26-35,Female,Single,3,Marketing,Sales,Sales Representative,1,1,Travel Rarely,9,Moderate (6-15 km),428,52,14630,2760,<$3K,Lower Income,13,0,3,Good,2,2,3,3,2.5,No,Low Risk,2,Fresher(0-2),2,1-3 Years,2,2,2,1,3
1753,Active Employee,0,No,29,26-35,Male,Single,3,Life Sciences,Research & Development,Healthcare Representative,2,4,Travel Frequently,1,Near (0-5 km),461,70,23060,6294,$6K-<10K,Middle Income,12,0,3,Good,4,3,4,4,3.75,Yes,Moderate Risk,10,Mid-Level(6-10),3,1-3 Years,2,0,2,8,5
1754,Active Employee,0,No,30,26-35,Male,Divorced,2,Marketing,Sales,Sales Executive,3,2,Travel Rarely,15,Moderate (6-15 km),979,94,3088,7140,$6K-<10K,Middle Income,11,1,3,Good,3,1,1,3,2,No,Low Risk,12,Senior(11-20),7,4-7 Years,7,1,7,2,2
1755,Active Employee,0,No,34,26-35,Male,Married,4,Medical,Research & Development,Research Scientist,1,4,Travel Rarely,2,Near (0-5 km),181,97,5586,2932,<$3K,Lower Income,14,3,3,Good,4,4,1,3,3,Yes,Moderate Risk,6,Mid-Level(6-10),5,4-7 Years,0,1,2,0,3
1756,Active Employee,0,No,33,26-35,Female,Single,3,Marketing,Sales,Sales Executive,2,3,Non-Travel,2,Near (0-5 km),1283,62,10697,5147,$3K-<6K,Lower Middle Income,15,0,3,Good,4,2,4,2,3,No,Low Risk,13,Senior(11-20),11,10-15 Years,7,1,7,8,2
1757,Active Employee,0,No,49,46-55,Female,Single,4,Marketing,Sales,Sales Executive,2,3,Travel Rarely,11,Moderate (6-15 km),1313,80,8191,4507,$3K-<6K,Lower Middle Income,12,0,3,Good,4,4,3,4,3.75,No,Low Risk,8,Mid-Level(6-10),5,4-7 Years,1,0,4,3,1
1758,Ex-Employee,1,Yes,33,26-35,Female,Single,3,Life Sciences,Sales,Sales Executive,3,3,Travel Rarely,16,Far (16-30 km),211,74,10092,8564,$6K-<10K,Middle Income,20,0,4,Excellent,1,1,3,2,1.75,Yes,High Risk,11,Senior(11-20),0,New Joiner,0,0,0,2,2
1760,Active Employee,0,No,38,35-45,Female,Married,2,Medical,Research & Development,Laboratory Technician,1,2,Travel Frequently,2,Near (0-5 km),594,75,15963,2468,<$3K,Lower Income,14,1,3,Good,3,2,2,2,2.25,No,Low Risk,9,Mid-Level(6-10),6,4-7 Years,1,0,5,4,4
1761,Ex-Employee,1,Yes,31,26-35,Male,Married,4,Marketing,Sales,Sales Executive,3,3,Travel Rarely,16,Far (16-30 km),1079,70,19002,8161,$6K-<10K,Middle Income,13,3,3,Good,1,3,1,3,2,No,Low Risk,10,Mid-Level(6-10),1,1-3 Years,0,0,0,2,2
1762,Active Employee,0,No,29,26-35,Female,Divorced,3,Technical Degree,Research & Development,Research Scientist,1,2,Travel Rarely,4,Near (0-5 km),590,91,10007,2109,<$3K,Lower Income,13,1,3,Good,4,1,3,3,2.75,No,Low Risk,1,Fresher(0-2),1,1-3 Years,0,0,0,1,2
1763,Active Employee,0,No,30,26-35,Male,Married,3,Life Sciences,Research & Development,Healthcare Representative,2,4,Travel Rarely,16,Far (16-30 km),305,58,9128,5294,$3K-<6K,Lower Middle Income,16,1,3,Good,3,3,3,3,3,No,Low Risk,10,Mid-Level(6-10),7,4-7 Years,0,1,7,3,3
1764,Active Employee,0,No,32,26-35,Male,Single,4,Technical Degree,Research & Development,Research Scientist,1,3,Non-Travel,5,Near (0-5 km),953,65,17674,2718,<$3K,Lower Income,14,0,3,Good,2,2,2,3,2.25,No,Low Risk,12,Senior(11-20),7,4-7 Years,7,0,7,2,3
1766,Active Employee,0,No,38,35-45,Male,Married,3,Medical,Research & Development,Healthcare Representative,2,1,Travel Rarely,18,Far (16-30 km),833,60,24539,5811,$3K-<6K,Lower Middle Income,16,1,3,Good,2,4,3,3,3,Yes,High Risk,15,Senior(11-20),1,1-3 Years,0,1,0,3,2
1767,Ex-Employee,1,Yes,43,35-45,Male,Married,3,Technical Degree,Research & Development,Research Scientist,1,2,Travel Frequently,17,Far (16-30 km),807,38,15587,2437,<$3K,Lower Income,16,1,3,Good,3,3,4,3,3.25,Yes,High Risk,6,Mid-Level(6-10),1,1-3 Years,0,0,0,9,4
1768,Active Employee,0,No,42,35-45,Male,Divorced,3,Medical,Research & Development,Laboratory Technician,1,3,Travel Rarely,12,Moderate (6-15 km),855,57,8952,2766,<$3K,Lower Income,22,3,4,Excellent,2,2,2,2,2,No,Low Risk,7,Mid-Level(6-10),5,4-7 Years,3,0,4,8,6
1770,Active Employee,0,No,55,46-55,Male,Married,3,Medical,Research & Development,Research Director,5,2,Travel Rarely,2,Near (0-5 km),478,60,19805,19038,$15K+,Higher Income,12,3,3,Good,3,1,2,3,2.25,No,Low Risk,34,Expert(20+),1,1-3 Years,0,0,0,8,2
1771,Active Employee,0,No,33,26-35,Male,Divorced,3,Technical Degree,Research & Development,Research Scientist,2,3,Non-Travel,4,Near (0-5 km),775,90,6194,3055,$3K-<6K,Lower Middle Income,15,2,3,Good,4,2,4,2,3,No,Low Risk,11,Senior(11-20),9,8-10 Years,8,1,7,5,2
1772,Active Employee,0,No,41,35-45,Male,Divorced,4,Life Sciences,Research & Development,Laboratory Technician,1,3,Travel Rarely,9,Moderate (6-15 km),548,94,20520,2289,<$3K,Lower Income,20,2,4,Excellent,3,1,2,3,2.25,No,Low Risk,5,Junior(3-5),5,4-7 Years,3,0,4,1,2
1774,Active Employee,0,No,34,26-35,Male,Divorced,3,Life Sciences,Sales,Sales Executive,2,3,Non-Travel,10,Moderate (6-15 km),1375,87,12313,4001,$3K-<6K,Lower Middle Income,14,1,3,Good,4,3,3,3,3.25,Yes,Moderate Risk,15,Senior(11-20),15,10-15 Years,14,0,7,1,3
1775,Active Employee,0,No,53,46-55,Female,Married,4,Medical,Research & Development,Manufacturing Director,4,2,Non-Travel,1,Near (0-5 km),661,60,22308,12965,$10K-<15K,Upper Middle Income,20,3,4,Excellent,1,3,4,2,2.5,Yes,Moderate Risk,27,Expert(20+),3,1-3 Years,2,0,2,4,2
1778,Active Employee,0,No,43,35-45,Male,Single,3,Life Sciences,Human Resources,Human Resources,1,3,Travel Rarely,2,Near (0-5 km),244,97,5033,3539,$3K-<6K,Lower Middle Income,13,0,3,Good,2,4,2,3,2.75,No,Low Risk,10,Mid-Level(6-10),9,8-10 Years,7,1,8,0,5
1779,Active Employee,0,No,34,26-35,Female,Single,2,Life Sciences,Sales,Sales Executive,2,1,Travel Rarely,3,Near (0-5 km),511,32,25353,6029,$6K-<10K,Middle Income,12,0,3,Good,4,4,1,3,3,No,Low Risk,6,Mid-Level(6-10),2,1-3 Years,2,2,2,5,3
1780,Ex-Employee,1,Yes,21,18-25,Male,Single,1,Marketing,Sales,Sales Representative,1,3,Travel Rarely,7,Moderate (6-15 km),337,31,4567,2679,<$3K,Lower Income,13,0,3,Good,2,2,2,3,2.25,No,Low Risk,1,Fresher(0-2),1,1-3 Years,0,1,0,1,3
1782,Active Employee,0,No,38,35-45,Female,Married,2,Other,Research & Development,Laboratory Technician,1,2,Travel Rarely,6,Moderate (6-15 km),1153,40,16376,3702,$3K-<6K,Lower Middle Income,11,1,3,Good,4,3,2,3,3,No,Low Risk,5,Junior(3-5),5,4-7 Years,4,0,4,1,3
1783,Ex-Employee,1,Yes,22,18-25,Female,Married,1,Medical,Research & Development,Laboratory Technician,1,3,Travel Rarely,8,Moderate (6-15 km),1294,79,15999,2398,<$3K,Lower Income,17,0,3,Good,3,1,3,3,2.5,Yes,Moderate Risk,1,Fresher(0-2),1,1-3 Years,0,0,0,1,6
1784,Active Employee,0,No,31,26-35,Female,Married,4,Marketing,Sales,Sales Executive,2,2,Travel Rarely,29,Far (16-30 km),196,91,13402,5468,$3K-<6K,Lower Middle Income,14,2,3,Good,1,4,1,3,2.25,No,Low Risk,13,Senior(11-20),12,10-15 Years,7,5,7,1,3
1786,Active Employee,0,No,51,46-55,Female,Married,3,Technical Degree,Research & Development,Manager,3,3,Travel Rarely,3,Near (0-5 km),942,53,22984,13116,$10K-<15K,Upper Middle Income,11,0,3,Good,1,3,4,3,2.75,No,Low Risk,15,Senior(11-20),2,1-3 Years,2,2,2,2,2
1787,Active Employee,0,No,37,35-45,Male,Married,2,Marketing,Sales,Sales Executive,2,2,Travel Rarely,9,Moderate (6-15 km),589,46,8800,4189,$3K-<6K,Lower Middle Income,14,2,3,Good,2,2,1,3,2,No,Low Risk,5,Junior(3-5),5,4-7 Years,2,0,3,1,2
1789,Active Employee,0,No,46,46-55,Male,Divorced,4,Medical,Research & Development,Research Director,5,3,Travel Rarely,2,Near (0-5 km),734,46,14218,19328,$15K+,Higher Income,17,1,3,Good,3,4,3,3,3.25,Yes,Moderate Risk,24,Expert(20+),2,1-3 Years,1,2,2,7,3
1790,Active Employee,0,No,36,35-45,Male,Married,3,Life Sciences,Research & Development,Healthcare Representative,3,3,Travel Rarely,10,Moderate (6-15 km),1383,90,25949,8321,$6K-<10K,Middle Income,13,1,3,Good,4,1,4,3,3,Yes,High Risk,15,Senior(11-20),12,10-15 Years,8,5,7,7,1
1792,Ex-Employee,1,Yes,44,35-45,Male,Divorced,2,Medical,Research & Development,Research Scientist,1,3,Travel Frequently,1,Near (0-5 km),429,99,11092,2342,<$3K,Lower Income,12,3,3,Good,3,2,3,2,2.5,Yes,Moderate Risk,6,Mid-Level(6-10),5,4-7 Years,3,2,3,1,2
1794,Active Employee,0,No,37,35-45,Male,Divorced,2,Other,Human Resources,Human Resources,2,3,Travel Rarely,8,Moderate (6-15 km),1239,89,12832,4071,$3K-<6K,Lower Middle Income,13,0,3,Good,3,2,3,2,2.5,No,Low Risk,19,Senior(11-20),10,8-10 Years,0,4,7,2,4
1797,Ex-Employee,1,Yes,35,35-45,Male,Single,3,Life Sciences,Sales,Sales Executive,2,3,Travel Rarely,27,Far (16-30 km),303,84,13492,5813,$3K-<6K,Lower Middle Income,18,0,3,Good,3,4,4,3,3.5,Yes,High Risk,10,Mid-Level(6-10),10,8-10 Years,7,7,7,1,2
1798,Active Employee,0,No,33,26-35,Male,Married,4,Life Sciences,Research & Development,Research Scientist,1,4,Travel Rarely,8,Moderate (6-15 km),867,90,6076,3143,$3K-<6K,Lower Middle Income,19,1,3,Good,4,1,2,3,2.5,No,Low Risk,14,Senior(11-20),10,8-10 Years,8,7,6,6,1
1799,Active Employee,0,No,28,26-35,Male,Married,3,Life Sciences,Research & Development,Research Scientist,1,3,Travel Rarely,1,Near (0-5 km),1181,82,5531,2044,<$3K,Lower Income,11,1,3,Good,3,4,3,4,3.5,No,Low Risk,5,Junior(3-5),5,4-7 Years,3,0,3,1,6
1800,Active Employee,0,No,39,35-45,Male,Single,1,Medical,Research & Development,Research Director,3,3,Travel Rarely,10,Moderate (6-15 km),1253,65,7914,13464,$10K-<15K,Upper Middle Income,21,0,4,Excellent,3,3,3,3,3,No,Low Risk,9,Mid-Level(6-10),4,4-7 Years,3,2,2,7,3
1801,Active Employee,0,No,46,46-55,Male,Single,2,Life Sciences,Sales,Sales Executive,2,2,Non-Travel,26,Far (16-30 km),849,98,25166,7991,$6K-<10K,Middle Income,15,0,3,Good,2,2,3,3,2.5,No,Low Risk,6,Mid-Level(6-10),2,1-3 Years,2,2,2,8,3
1802,Active Employee,0,No,40,35-45,Female,Married,2,Life Sciences,Research & Development,Laboratory Technician,1,3,Travel Rarely,2,Near (0-5 km),616,99,25605,3377,$3K-<6K,Lower Middle Income,17,1,3,Good,3,1,4,2,2.5,No,Low Risk,7,Mid-Level(6-10),4,4-7 Years,3,0,2,4,5
1803,Active Employee,0,No,42,35-45,Male,Married,3,Medical,Research & Development,Healthcare Representative,2,4,Travel Rarely,13,Moderate (6-15 km),1128,95,5696,5538,$3K-<6K,Lower Middle Income,18,2,3,Good,2,1,3,2,2,No,Low Risk,10,Mid-Level(6-10),0,New Joiner,0,0,0,5,2
1804,Active Employee,0,No,35,35-45,Male,Divorced,2,Medical,Research & Development,Manufacturing Director,2,3,Non-Travel,2,Near (0-5 km),1180,90,24442,5762,$3K-<6K,Lower Middle Income,14,1,3,Good,2,4,3,3,3,No,Low Risk,15,Senior(11-20),7,4-7 Years,7,1,7,2,6
1805,Active Employee,0,No,38,35-45,Male,Divorced,3,Human Resources,Human Resources,Human Resources,1,3,Non-Travel,2,Near (0-5 km),1336,100,7129,2592,<$3K,Lower Income,13,3,3,Good,1,2,4,3,2.5,No,Low Risk,13,Senior(11-20),11,10-15 Years,10,3,8,5,3
1807,Ex-Employee,1,Yes,34,26-35,Male,Married,4,Life Sciences,Research & Development,Laboratory Technician,2,3,Travel Frequently,9,Moderate (6-15 km),234,93,6208,5346,$3K-<6K,Lower Middle Income,17,1,3,Good,4,1,3,2,2.5,No,Low Risk,11,Senior(11-20),7,4-7 Years,1,0,7,4,3
1809,Ex-Employee,1,Yes,37,35-45,Male,Single,4,Medical,Research & Development,Manufacturing Director,2,3,Travel Rarely,10,Moderate (6-15 km),370,58,4992,4213,$3K-<6K,Lower Middle Income,15,0,3,Good,4,1,2,1,2,No,Low Risk,10,Mid-Level(6-10),10,8-10 Years,3,0,8,1,4
1812,Active Employee,0,No,39,35-45,Male,Divorced,3,Life Sciences,Sales,Sales Executive,2,3,Travel Frequently,20,Far (16-30 km),766,83,19188,4127,$3K-<6K,Lower Middle Income,18,1,3,Good,3,4,4,3,3.5,No,Low Risk,7,Mid-Level(6-10),2,1-3 Years,1,2,2,2,6
1813,Active Employee,0,No,43,35-45,Male,Single,3,Life Sciences,Research & Development,Research Scientist,1,3,Non-Travel,9,Moderate (6-15 km),343,52,24978,2438,<$3K,Lower Income,13,0,3,Good,1,3,3,2,2.25,No,Low Risk,7,Mid-Level(6-10),3,1-3 Years,2,1,2,4,2
1814,Active Employee,0,No,41,35-45,Male,Single,3,Life Sciences,Research & Development,Healthcare Representative,2,4,Travel Rarely,5,Near (0-5 km),447,85,15530,6870,$6K-<10K,Middle Income,12,0,3,Good,2,2,1,1,1.5,No,Low Risk,11,Senior(11-20),3,1-3 Years,2,1,2,3,3
1815,Active Employee,0,No,41,35-45,Female,Divorced,1,Marketing,Sales,Sales Executive,3,3,Travel Rarely,4,Near (0-5 km),796,81,26458,10447,$10K-<15K,Upper Middle Income,13,1,3,Good,3,3,4,4,3.5,Yes,High Risk,23,Expert(20+),22,15+ Years,14,13,5,0,3
1816,Active Employee,0,No,30,26-35,Female,Single,3,Medical,Research & Development,Manufacturing Director,3,3,Travel Rarely,10,Moderate (6-15 km),1092,64,2739,9667,$6K-<10K,Middle Income,14,0,3,Good,1,3,2,3,2.25,No,Low Risk,9,Mid-Level(6-10),7,4-7 Years,7,0,2,9,3
1818,Ex-Employee,1,Yes,26,26-35,Female,Married,2,Medical,Human Resources,Human Resources,1,3,Travel Rarely,20,Far (16-30 km),920,69,6889,2148,<$3K,Lower Income,11,0,3,Good,4,2,3,3,3,Yes,High Risk,6,Mid-Level(6-10),5,4-7 Years,1,1,4,0,3
1821,Ex-Employee,1,Yes,46,46-55,Female,Married,2,Medical,Research & Development,Healthcare Representative,2,3,Travel Rarely,21,Far (16-30 km),261,66,10842,8926,$6K-<10K,Middle Income,22,1,4,Excellent,4,2,4,4,3.5,No,Low Risk,13,Senior(11-20),9,8-10 Years,7,3,7,4,2
1822,Active Employee,0,No,40,35-45,Female,Divorced,3,Life Sciences,Research & Development,Healthcare Representative,2,3,Travel Rarely,1,Near (0-5 km),1194,52,9060,6513,$6K-<10K,Middle Income,17,1,3,Good,3,4,4,3,3.5,No,Low Risk,12,Senior(11-20),5,4-7 Years,3,0,3,4,3
1823,Active Employee,0,No,34,26-35,Male,Married,2,Technical Degree,Sales,Sales Executive,2,4,Travel Rarely,8,Moderate (6-15 km),810,92,22128,6799,$6K-<10K,Middle Income,21,2,4,Excellent,2,3,3,3,2.75,No,Low Risk,10,Mid-Level(6-10),10,8-10 Years,8,4,8,1,5
1824,Active Employee,0,No,58,56+,Male,Divorced,3,Medical,Sales,Manager,4,3,Non-Travel,2,Near (0-5 km),350,52,22577,16291,$15K+,Higher Income,22,1,4,Excellent,2,2,4,2,2.5,No,Low Risk,37,Expert(20+),16,15+ Years,9,14,14,4,0
1826,Active Employee,0,No,35,35-45,Male,Married,4,Medical,Research & Development,Laboratory Technician,1,1,Travel Rarely,23,Far (16-30 km),185,91,9696,2705,<$3K,Lower Income,16,1,3,Good,2,3,2,4,2.75,No,Low Risk,6,Mid-Level(6-10),5,4-7 Years,4,0,3,0,2
1827,Active Employee,0,No,47,46-55,Female,Divorced,3,Life Sciences,Research & Development,Manufacturing Director,3,2,Travel Rarely,4,Near (0-5 km),1001,92,19271,10333,$10K-<15K,Upper Middle Income,12,1,3,Good,3,2,3,3,2.75,Yes,High Risk,28,Expert(20+),22,15+ Years,11,14,10,8,4
1829,Active Employee,0,No,40,35-45,Female,Divorced,3,Life Sciences,Research & Development,Healthcare Representative,2,3,Travel Rarely,12,Moderate (6-15 km),750,47,10748,4448,$3K-<6K,Lower Middle Income,12,1,3,Good,2,1,2,3,2,No,Low Risk,15,Senior(11-20),7,4-7 Years,4,7,7,2,3
1830,Active Employee,0,No,54,46-55,Female,Married,4,Medical,Research & Development,Research Scientist,2,3,Travel Rarely,7,Moderate (6-15 km),431,68,15696,6854,$6K-<10K,Middle Income,15,1,3,Good,4,4,2,2,3,No,Low Risk,14,Senior(11-20),7,4-7 Years,1,1,7,4,2
1833,Active Employee,0,No,31,26-35,Female,Married,4,Marketing,Sales,Sales Executive,3,3,Travel Frequently,7,Moderate (6-15 km),1125,68,8277,9637,$6K-<10K,Middle Income,14,2,3,Good,1,1,4,3,2.25,No,Low Risk,9,Mid-Level(6-10),3,1-3 Years,2,2,2,2,3
1834,Active Employee,0,No,28,26-35,Female,Married,3,Medical,Research & Development,Research Scientist,1,3,Travel Rarely,1,Near (0-5 km),1217,67,12719,3591,$3K-<6K,Lower Middle Income,25,1,4,Excellent,3,1,3,3,2.5,No,Low Risk,3,Junior(3-5),3,1-3 Years,2,1,2,1,3
1835,Active Employee,0,No,38,35-45,Female,Married,4,Marketing,Sales,Sales Representative,2,1,Travel Rarely,2,Near (0-5 km),723,77,4244,5405,$3K-<6K,Lower Middle Income,20,2,4,Excellent,2,4,1,2,2.25,Yes,Moderate Risk,20,Senior(11-20),4,4-7 Years,2,0,3,2,4
1836,Active Employee,0,No,26,26-35,Male,Single,3,Medical,Sales,Sales Executive,2,3,Travel Rarely,10,Moderate (6-15 km),572,46,9125,4684,$3K-<6K,Lower Middle Income,13,0,3,Good,3,4,1,3,2.75,No,Low Risk,5,Junior(3-5),5,4-7 Years,3,1,2,1,4
1837,Active Employee,0,No,58,56+,Male,Married,4,Life Sciences,Research & Development,Research Director,4,3,Travel Frequently,15,Moderate (6-15 km),1216,87,21624,15787,$15K+,Higher Income,14,0,3,Good,1,3,2,3,2.25,Yes,Moderate Risk,23,Expert(20+),2,1-3 Years,2,2,2,2,3
1839,Active Employee,0,No,18,18-25,Female,Single,3,Medical,Research & Development,Research Scientist,1,3,Non-Travel,14,Moderate (6-15 km),1431,33,8018,1514,<$3K,Lower Income,16,0,3,Good,2,3,3,1,2.25,No,Low Risk,0,Fresher(0-2),0,New Joiner,0,0,0,1,4
1842,Ex-Employee,1,Yes,31,26-35,Male,Married,5,Human Resources,Human Resources,Human Resources,1,4,Travel Rarely,18,Far (16-30 km),359,89,21495,2956,<$3K,Lower Income,17,0,3,Good,4,1,3,3,2.75,No,Low Risk,2,Fresher(0-2),1,1-3 Years,0,0,0,0,4
1844,Ex-Employee,1,Yes,29,26-35,Male,Divorced,3,Human Resources,Human Resources,Human Resources,1,2,Travel Rarely,13,Moderate (6-15 km),350,56,3157,2335,<$3K,Lower Income,15,3,3,Good,1,1,4,3,2.25,Yes,Moderate Risk,4,Junior(3-5),2,1-3 Years,2,2,0,4,3
1845,Active Employee,0,No,45,35-45,Female,Married,4,Life Sciences,Sales,Sales Executive,2,3,Non-Travel,2,Near (0-5 km),589,67,19665,5154,$3K-<6K,Lower Middle Income,22,2,4,Excellent,3,3,2,4,3,No,Low Risk,10,Mid-Level(6-10),8,8-10 Years,7,5,7,4,3
1847,Active Employee,0,No,36,35-45,Female,Married,4,Other,Research & Development,Research Scientist,2,3,Travel Rarely,2,Near (0-5 km),430,73,19573,6962,$6K-<10K,Middle Income,22,1,4,Excellent,4,2,4,3,3.25,Yes,Moderate Risk,15,Senior(11-20),1,1-3 Years,0,0,0,4,2
1849,Active Employee,0,No,43,35-45,Male,Married,4,Life Sciences,Sales,Sales Executive,2,3,Travel Frequently,2,Near (0-5 km),1422,92,19246,5675,$3K-<6K,Lower Middle Income,20,1,4,Excellent,1,4,3,3,2.75,No,Low Risk,7,Mid-Level(6-10),7,4-7 Years,7,7,7,1,5
1850,Active Employee,0,No,27,26-35,Female,Single,2,Life Sciences,Research & Development,Laboratory Technician,1,3,Travel Frequently,5,Near (0-5 km),1297,53,19826,2379,<$3K,Lower Income,14,0,3,Good,4,4,3,2,3.25,Yes,Moderate Risk,6,Mid-Level(6-10),5,4-7 Years,4,0,2,0,3
1852,Active Employee,0,No,29,26-35,Male,Married,1,Medical,Research & Development,Laboratory Technician,1,3,Travel Frequently,20,Far (16-30 km),574,40,7003,3812,$3K-<6K,Lower Middle Income,13,0,3,Good,4,4,2,4,3.5,No,Low Risk,11,Senior(11-20),11,10-15 Years,8,3,10,1,3
1853,Active Employee,0,No,32,26-35,Male,Single,4,Marketing,Sales,Sales Executive,2,3,Travel Frequently,10,Moderate (6-15 km),1318,79,26075,4648,$3K-<6K,Lower Middle Income,13,0,3,Good,4,4,3,4,3.75,No,Low Risk,4,Junior(3-5),0,New Joiner,0,0,0,8,2
1854,Active Employee,0,No,42,35-45,Male,Married,4,Technical Degree,Research & Development,Research Scientist,1,3,Non-Travel,10,Moderate (6-15 km),355,38,6161,2936,<$3K,Lower Income,22,2,4,Excellent,3,3,2,2,2.5,No,Low Risk,10,Mid-Level(6-10),6,4-7 Years,3,3,3,3,1
1856,Active Employee,0,No,47,46-55,Female,Single,4,Life Sciences,Research & Development,Laboratory Technician,1,3,Travel Rarely,9,Moderate (6-15 km),207,64,5411,2105,<$3K,Lower Income,12,0,3,Good,2,3,3,3,2.75,No,Low Risk,7,Mid-Level(6-10),2,1-3 Years,2,2,0,4,2
1857,Active Employee,0,No,46,46-55,Male,Divorced,2,Life Sciences,Research & Development,Manufacturing Director,3,3,Travel Rarely,2,Near (0-5 km),706,82,19989,8578,$6K-<10K,Middle Income,14,1,3,Good,4,4,3,2,3.25,No,Low Risk,12,Senior(11-20),9,8-10 Years,8,4,7,3,4
1858,Active Employee,0,No,28,26-35,Male,Divorced,2,Life Sciences,Human Resources,Human Resources,1,3,Non-Travel,1,Near (0-5 km),280,43,10494,2706,<$3K,Lower Income,15,1,3,Good,3,4,2,3,3,No,Low Risk,3,Junior(3-5),3,1-3 Years,2,2,2,1,2
1859,Active Employee,0,No,29,26-35,Male,Divorced,1,Life Sciences,Research & Development,Healthcare Representative,2,1,Travel Rarely,29,Far (16-30 km),726,93,21143,6384,$6K-<10K,Middle Income,17,2,3,Good,4,3,4,3,3.5,No,Low Risk,11,Senior(11-20),7,4-7 Years,0,1,6,8,3
1860,Active Employee,0,No,42,35-45,Male,Single,3,Life Sciences,Research & Development,Laboratory Technician,1,3,Travel Rarely,8,Moderate (6-15 km),1142,81,13624,3968,$3K-<6K,Lower Middle Income,13,0,3,Good,4,3,4,3,3.5,No,Low Risk,8,Mid-Level(6-10),0,New Joiner,0,0,0,4,3
1862,Ex-Employee,1,Yes,32,26-35,Male,Single,4,Marketing,Sales,Sales Executive,2,2,Travel Rarely,2,Near (0-5 km),414,82,26186,9907,$6K-<10K,Middle Income,12,0,3,Good,3,2,3,2,2.5,Yes,Moderate Risk,7,Mid-Level(6-10),2,1-3 Years,2,2,2,7,3
1863,Active Employee,0,No,46,46-55,Female,Divorced,3,Technical Degree,Sales,Sales Executive,4,4,Travel Rarely,3,Near (0-5 km),1319,45,7739,13225,$10K-<15K,Upper Middle Income,12,1,3,Good,1,1,4,3,2.25,No,Low Risk,25,Expert(20+),19,15+ Years,17,2,8,2,5
1864,Active Employee,0,No,27,26-35,Female,Married,1,Medical,Sales,Sales Representative,2,2,Travel Rarely,23,Far (16-30 km),728,36,7018,3540,$3K-<6K,Lower Middle Income,21,1,4,Excellent,2,3,4,3,3,No,Low Risk,9,Mid-Level(6-10),9,8-10 Years,8,5,8,1,5
1865,Active Employee,0,No,29,26-35,Male,Married,1,Medical,Human Resources,Human Resources,1,2,Travel Rarely,6,Moderate (6-15 km),352,87,15434,2804,<$3K,Lower Income,11,0,3,Good,4,2,4,3,3.25,No,Low Risk,1,Fresher(0-2),1,1-3 Years,0,0,0,1,3
1866,Active Employee,0,No,43,35-45,Female,Married,3,Medical,Research & Development,Manager,5,2,Travel Rarely,6,Moderate (6-15 km),823,81,22539,19392,$15K+,Higher Income,13,0,3,Good,1,3,4,3,2.75,No,Low Risk,21,Expert(20+),16,15+ Years,12,6,14,7,2
1867,Active Employee,0,No,48,46-55,Male,Married,3,Life Sciences,Research & Development,Research Director,5,2,Travel Rarely,10,Moderate (6-15 km),1224,91,13583,19665,$15K+,Higher Income,12,0,3,Good,4,2,4,3,3.25,No,Low Risk,29,Expert(20+),22,15+ Years,10,12,9,4,3
1868,Ex-Employee,1,Yes,29,26-35,Male,Single,2,Life Sciences,Research & Development,Research Scientist,1,2,Travel Frequently,24,Far (16-30 km),459,73,14753,2439,<$3K,Lower Income,24,0,4,Excellent,4,4,2,2,3,Yes,High Risk,1,Fresher(0-2),1,1-3 Years,0,1,0,1,3
1869,Ex-Employee,1,Yes,46,46-55,Female,Married,3,Life Sciences,Sales,Sales Executive,3,3,Travel Rarely,10,Moderate (6-15 km),1254,64,14011,7314,$6K-<10K,Middle Income,21,3,4,Excellent,3,2,3,3,2.75,No,Low Risk,14,Senior(11-20),8,8-10 Years,7,0,7,5,2
1870,Active Employee,0,No,27,26-35,Female,Married,3,Life Sciences,Research & Development,Research Scientist,1,2,Travel Frequently,15,Moderate (6-15 km),1131,77,23844,4774,$3K-<6K,Lower Middle Income,19,1,3,Good,4,1,4,2,2.75,No,Low Risk,8,Mid-Level(6-10),7,4-7 Years,6,7,3,0,2
1871,Active Employee,0,No,39,35-45,Male,Divorced,4,Other,Research & Development,Research Scientist,2,3,Travel Rarely,19,Far (16-30 km),835,41,5141,3902,$3K-<6K,Lower Middle Income,14,3,3,Good,4,4,2,3,3.25,No,Low Risk,7,Mid-Level(6-10),2,1-3 Years,2,2,2,8,2
1873,Active Employee,0,No,55,46-55,Male,Married,4,Technical Degree,Research & Development,Research Scientist,1,2,Travel Rarely,2,Near (0-5 km),836,98,7975,2662,<$3K,Lower Income,20,1,4,Excellent,2,4,2,4,3,No,Low Risk,19,Senior(11-20),5,4-7 Years,2,0,4,8,2
1875,Active Employee,0,No,28,26-35,Female,Married,3,Medical,Sales,Sales Representative,1,3,Travel Rarely,3,Near (0-5 km),1172,78,3692,2856,<$3K,Lower Income,19,1,3,Good,2,2,4,3,2.75,No,Low Risk,1,Fresher(0-2),1,1-3 Years,0,0,0,1,3
1876,Ex-Employee,1,Yes,30,26-35,Male,Single,3,Medical,Sales,Sales Representative,1,3,Travel Rarely,9,Moderate (6-15 km),945,89,16019,1081,<$3K,Lower Income,13,0,3,Good,2,4,3,2,2.75,No,Low Risk,1,Fresher(0-2),1,1-3 Years,0,0,0,1,3
1878,Ex-Employee,1,Yes,22,18-25,Male,Single,1,Life Sciences,Research & Development,Research Scientist,1,3,Travel Rarely,7,Moderate (6-15 km),391,75,26092,2472,<$3K,Lower Income,23,0,4,Excellent,4,2,1,3,2.5,Yes,Moderate Risk,1,Fresher(0-2),1,1-3 Years,0,0,0,1,2
1880,Active Employee,0,No,36,35-45,Female,Married,4,Technical Degree,Sales,Sales Executive,2,2,Travel Rarely,10,Moderate (6-15 km),1266,63,6060,5673,$3K-<6K,Lower Middle Income,13,1,3,Good,2,3,1,3,2.25,Yes,Moderate Risk,10,Mid-Level(6-10),10,8-10 Years,9,1,7,1,4
1881,Active Employee,0,No,31,26-35,Male,Divorced,3,Life Sciences,Research & Development,Laboratory Technician,2,3,Travel Rarely,20,Far (16-30 km),311,89,18624,4197,$3K-<6K,Lower Middle Income,11,1,3,Good,2,3,1,3,2.25,No,Low Risk,10,Mid-Level(6-10),10,8-10 Years,8,0,2,1,2
1882,Active Employee,0,No,34,26-35,Male,Married,3,Life Sciences,Sales,Sales Executive,3,3,Travel Rarely,4,Near (0-5 km),1480,64,24444,9713,$6K-<10K,Middle Income,13,3,3,Good,3,4,4,3,3.5,Yes,Moderate Risk,9,Mid-Level(6-10),5,4-7 Years,3,1,0,2,3
1883,Active Employee,0,No,29,26-35,Male,Single,3,Life Sciences,Research & Development,Laboratory Technician,1,3,Travel Rarely,7,Moderate (6-15 km),592,59,19384,2062,<$3K,Lower Income,14,0,3,Good,4,1,2,3,2.5,No,Low Risk,11,Senior(11-20),3,1-3 Years,2,1,2,3,2
1885,Active Employee,0,No,37,35-45,Male,Married,4,Medical,Research & Development,Research Scientist,2,3,Travel Rarely,7,Moderate (6-15 km),783,78,13588,4284,$3K-<6K,Lower Middle Income,22,1,4,Excellent,4,1,3,3,2.75,Yes,Moderate Risk,16,Senior(11-20),5,4-7 Years,3,0,4,5,2
1886,Active Employee,0,No,35,35-45,Female,Married,2,Other,Research & Development,Manufacturing Director,2,2,Travel Rarely,16,Far (16-30 km),219,44,25388,4788,$3K-<6K,Lower Middle Income,11,0,3,Good,4,2,4,3,3.25,Yes,High Risk,4,Junior(3-5),3,1-3 Years,2,0,2,0,2
1888,Active Employee,0,No,45,35-45,Female,Married,2,Life Sciences,Research & Development,Manufacturing Director,2,2,Travel Rarely,25,Far (16-30 km),556,93,23888,5906,$3K-<6K,Lower Middle Income,13,2,3,Good,2,4,4,2,3,No,Low Risk,10,Mid-Level(6-10),9,8-10 Years,8,3,8,0,2
1890,Active Employee,0,No,36,35-45,Male,Single,1,Human Resources,Human Resources,Human Resources,2,2,Travel Frequently,2,Near (0-5 km),1213,94,4223,3886,$3K-<6K,Lower Middle Income,21,0,4,Excellent,2,4,4,2,3,No,Low Risk,10,Mid-Level(6-10),10,8-10 Years,1,0,8,1,2
1892,Active Employee,0,No,40,35-45,Male,Divorced,4,Life Sciences,Research & Development,Manager,4,3,Travel Rarely,1,Near (0-5 km),1137,98,18991,16823,$15K+,Higher Income,11,1,3,Good,1,1,1,3,1.5,No,Low Risk,22,Expert(20+),19,15+ Years,7,11,16,2,3
1893,Active Employee,0,No,26,26-35,Female,Married,2,Life Sciences,Research & Development,Research Scientist,1,2,Travel Rarely,1,Near (0-5 km),482,90,14908,2933,<$3K,Lower Income,13,1,3,Good,2,3,3,2,2.5,Yes,Moderate Risk,1,Fresher(0-2),1,1-3 Years,0,1,0,1,3
1898,Active Employee,0,No,27,26-35,Female,Single,2,Medical,Sales,Sales Executive,2,4,Travel Rarely,2,Near (0-5 km),511,89,26997,6500,$6K-<10K,Middle Income,14,0,3,Good,1,3,2,2,2,No,Low Risk,9,Mid-Level(6-10),8,8-10 Years,7,0,7,0,5
1900,Active Employee,0,No,48,46-55,Female,Divorced,3,Medical,Research & Development,Manager,4,3,Travel Frequently,22,Far (16-30 km),117,58,2437,17174,$15K+,Higher Income,11,1,3,Good,4,4,2,3,3.25,No,Low Risk,24,Expert(20+),22,15+ Years,17,4,7,3,3
1903,Active Employee,0,No,44,35-45,Male,Married,4,Life Sciences,Research & Development,Healthcare Representative,2,4,Travel Rarely,1,Near (0-5 km),170,78,9364,5033,$3K-<6K,Lower Middle Income,15,1,3,Good,2,1,4,3,2.5,No,Low Risk,10,Mid-Level(6-10),2,1-3 Years,0,2,2,2,5
1905,Ex-Employee,1,Yes,34,26-35,Male,Married,4,Technical Degree,Research & Development,Research Scientist,1,1,Non-Travel,16,Far (16-30 km),967,85,14460,2307,<$3K,Lower Income,23,1,4,Excellent,4,1,2,3,2.5,Yes,High Risk,5,Junior(3-5),5,4-7 Years,2,3,0,1,2
1907,Ex-Employee,1,Yes,56,56+,Male,Single,2,Life Sciences,Research & Development,Laboratory Technician,1,3,Travel Rarely,24,Far (16-30 km),1162,97,10261,2587,<$3K,Lower Income,16,0,3,Good,1,4,4,3,3,No,Low Risk,5,Junior(3-5),4,4-7 Years,2,1,0,1,3
1908,Active Employee,0,No,36,35-45,Male,Married,2,Marketing,Sales,Sales Executive,2,2,Travel Rarely,17,Far (16-30 km),335,33,16822,5507,$3K-<6K,Lower Middle Income,16,2,3,Good,3,2,3,1,2.25,No,Low Risk,12,Senior(11-20),4,4-7 Years,2,1,3,2,1
1909,Active Employee,0,No,41,35-45,Female,Married,3,Marketing,Sales,Sales Executive,2,3,Travel Rarely,8,Moderate (6-15 km),337,54,26841,4393,$3K-<6K,Lower Middle Income,21,1,4,Excellent,3,2,3,3,2.75,No,Low Risk,14,Senior(11-20),5,4-7 Years,4,1,4,5,3
1911,Active Employee,0,No,42,35-45,Male,Married,3,Medical,Research & Development,Research Director,3,3,Travel Rarely,6,Moderate (6-15 km),1396,83,14842,13348,$10K-<15K,Upper Middle Income,13,1,3,Good,3,1,2,4,2.5,No,Low Risk,18,Senior(11-20),13,10-15 Years,7,5,7,9,3
1912,Active Employee,0,No,31,26-35,Female,Divorced,2,Medical,Sales,Sales Executive,2,3,Travel Rarely,10,Moderate (6-15 km),1079,86,20115,6583,$6K-<10K,Middle Income,11,1,3,Good,3,4,4,3,3.5,Yes,Moderate Risk,8,Mid-Level(6-10),5,4-7 Years,2,1,4,2,2
1915,Active Employee,0,No,34,26-35,Female,Married,1,Medical,Sales,Sales Executive,2,2,Travel Rarely,3,Near (0-5 km),735,75,16495,8103,$6K-<10K,Middle Income,12,0,3,Good,4,4,3,2,3.25,Yes,Moderate Risk,9,Mid-Level(6-10),4,4-7 Years,2,0,1,3,3
1916,Active Employee,0,No,31,26-35,Female,Divorced,3,Medical,Research & Development,Laboratory Technician,1,4,Travel Rarely,4,Near (0-5 km),471,62,16031,3978,$3K-<6K,Lower Middle Income,12,1,3,Good,1,3,2,2,2,No,Low Risk,4,Junior(3-5),2,1-3 Years,2,2,2,8,0
1918,Active Employee,0,No,26,26-35,Male,Married,3,Other,Research & Development,Laboratory Technician,1,4,Travel Frequently,6,Moderate (6-15 km),1096,61,7102,2544,<$3K,Lower Income,18,1,3,Good,3,4,1,3,2.75,No,Low Risk,8,Mid-Level(6-10),7,4-7 Years,7,7,7,0,3
1922,Active Employee,0,No,45,35-45,Male,Single,4,Medical,Research & Development,Healthcare Representative,2,3,Travel Frequently,1,Near (0-5 km),1297,44,14511,5399,$3K-<6K,Lower Middle Income,12,0,3,Good,2,3,3,3,2.75,No,Low Risk,12,Senior(11-20),4,4-7 Years,2,0,3,4,3
1924,Active Employee,0,No,33,26-35,Male,Single,4,Marketing,Sales,Sales Executive,2,3,Travel Rarely,10,Moderate (6-15 km),217,43,10410,5487,$3K-<6K,Lower Middle Income,14,0,3,Good,2,3,2,2,2.25,No,Low Risk,10,Mid-Level(6-10),10,8-10 Years,4,0,9,1,2
1927,Active Employee,0,No,28,26-35,Male,Married,2,Life Sciences,Sales,Sales Executive,2,2,Travel Frequently,1,Near (0-5 km),783,42,19255,6834,$6K-<10K,Middle Income,12,1,3,Good,3,4,3,3,3.25,Yes,Moderate Risk,7,Mid-Level(6-10),7,4-7 Years,7,0,7,1,2
1928,Ex-Employee,1,Yes,29,26-35,Male,Single,3,Technical Degree,Sales,Sales Representative,1,4,Travel Frequently,24,Far (16-30 km),746,45,10642,1091,<$3K,Lower Income,17,0,3,Good,3,1,4,3,2.75,No,Low Risk,1,Fresher(0-2),1,1-3 Years,0,0,0,1,3
1929,Active Employee,0,No,39,35-45,Female,Married,4,Life Sciences,Sales,Sales Executive,2,1,Non-Travel,21,Far (16-30 km),1251,32,3987,5736,$3K-<6K,Lower Middle Income,19,1,3,Good,1,3,3,3,2.5,No,Low Risk,10,Mid-Level(6-10),3,1-3 Years,2,1,2,6,1
1931,Active Employee,0,No,27,26-35,Male,Married,4,Technical Degree,Research & Development,Research Scientist,1,3,Travel Rarely,2,Near (0-5 km),1354,41,6073,2226,<$3K,Lower Income,11,1,3,Good,2,2,3,2,2.25,No,Low Risk,6,Mid-Level(6-10),5,4-7 Years,3,1,2,1,3
1932,Active Employee,0,No,34,26-35,Male,Married,4,Other,Research & Development,Research Scientist,2,2,Travel Frequently,22,Far (16-30 km),735,86,26496,5747,$3K-<6K,Lower Middle Income,15,0,3,Good,3,4,2,3,3,Yes,High Risk,16,Senior(11-20),15,10-15 Years,10,6,11,1,3
1933,Ex-Employee,1,Yes,28,26-35,Female,Single,2,Marketing,Sales,Sales Executive,2,3,Travel Rarely,13,Moderate (6-15 km),1475,84,23352,9854,$6K-<10K,Middle Income,11,0,3,Good,4,3,4,3,3.5,Yes,Moderate Risk,6,Mid-Level(6-10),2,1-3 Years,0,2,2,3,0
1934,Active Employee,0,No,47,46-55,Male,Married,4,Technical Degree,Research & Development,Research Scientist,2,3,Non-Travel,14,Moderate (6-15 km),1169,64,2125,5467,$3K-<6K,Lower Middle Income,18,1,3,Good,3,2,3,4,3,No,Low Risk,16,Senior(11-20),8,8-10 Years,7,1,7,8,4
1935,Active Employee,0,No,56,56+,Female,Married,5,Marketing,Sales,Sales Executive,2,2,Travel Rarely,11,Moderate (6-15 km),1443,89,20328,5380,$3K-<6K,Lower Middle Income,16,1,3,Good,4,1,3,3,2.75,No,Low Risk,6,Mid-Level(6-10),0,New Joiner,0,0,0,4,3
1936,Active Employee,0,No,39,35-45,Male,Married,2,Medical,Research & Development,Manufacturing Director,2,3,Travel Rarely,9,Moderate (6-15 km),867,87,12315,5151,$3K-<6K,Lower Middle Income,25,1,4,Excellent,1,1,4,3,2.25,No,Low Risk,10,Mid-Level(6-10),10,8-10 Years,0,7,9,1,3
1937,Active Employee,0,No,38,35-45,Female,Divorced,3,Medical,Research & Development,Research Scientist,2,2,Travel Frequently,8,Moderate (6-15 km),1394,58,18115,2133,<$3K,Lower Income,16,1,3,Good,4,2,3,3,3,Yes,Moderate Risk,20,Senior(11-20),20,15+ Years,11,0,7,1,3
1938,Active Employee,0,No,58,56+,Female,Married,3,Life Sciences,Sales,Manager,4,3,Travel Rarely,21,Far (16-30 km),605,72,11761,17875,$15K+,Higher Income,13,1,3,Good,4,4,3,2,3.25,Yes,High Risk,29,Expert(20+),1,1-3 Years,0,0,0,4,2
1939,Ex-Employee,1,Yes,32,26-35,Female,Single,2,Life Sciences,Research & Development,Research Scientist,1,4,Travel Frequently,5,Near (0-5 km),238,47,15318,2432,<$3K,Lower Income,14,0,3,Good,1,3,1,3,2,Yes,High Risk,8,Mid-Level(6-10),4,4-7 Years,1,0,3,3,2
1940,Active Employee,0,No,38,35-45,Male,Divorced,2,Life Sciences,Research & Development,Research Scientist,1,3,Travel Rarely,9,Moderate (6-15 km),1206,71,14293,4771,$3K-<6K,Lower Middle Income,19,2,3,Good,2,4,4,4,3.5,No,Low Risk,10,Mid-Level(6-10),5,4-7 Years,2,0,3,2,0
1941,Active Employee,0,No,49,46-55,Male,Married,1,Life Sciences,Research & Development,Research Director,5,3,Travel Frequently,2,Near (0-5 km),1064,42,13738,19161,$15K+,Higher Income,15,0,3,Good,2,4,4,3,3.25,No,Low Risk,28,Expert(20+),5,4-7 Years,4,4,3,3,3
1943,Active Employee,0,No,42,35-45,Male,Divorced,4,Marketing,Sales,Sales Executive,2,3,Travel Rarely,12,Moderate (6-15 km),419,77,2900,5087,$3K-<6K,Lower Middle Income,12,2,3,Good,2,4,3,3,3,Yes,Moderate Risk,14,Senior(11-20),0,New Joiner,0,0,0,3,4
1944,Ex-Employee,1,Yes,27,26-35,Female,Married,3,Human Resources,Human Resources,Human Resources,1,2,Travel Frequently,22,Far (16-30 km),1337,58,19555,2863,<$3K,Lower Income,12,0,3,Good,1,2,1,3,1.75,No,Low Risk,1,Fresher(0-2),1,1-3 Years,0,0,0,1,2
1945,Active Employee,0,No,35,35-45,Male,Married,4,Medical,Sales,Sales Executive,2,3,Travel Rarely,18,Far (16-30 km),682,71,15975,5561,$3K-<6K,Lower Middle Income,16,1,3,Good,2,1,4,1,2,No,Low Risk,6,Mid-Level(6-10),5,4-7 Years,3,0,4,0,2
1947,Active Employee,0,No,28,26-35,Male,Single,3,Medical,Research & Development,Research Scientist,1,3,Non-Travel,16,Far (16-30 km),1103,49,2122,2144,<$3K,Lower Income,14,0,3,Good,3,3,3,2,2.75,No,Low Risk,5,Junior(3-5),5,4-7 Years,3,1,4,1,3
1948,Active Employee,0,No,31,26-35,Male,Divorced,2,Medical,Research & Development,Research Scientist,1,3,Non-Travel,3,Near (0-5 km),976,48,3995,3065,$3K-<6K,Lower Middle Income,13,1,3,Good,3,1,4,4,3,Yes,Moderate Risk,4,Junior(3-5),4,4-7 Years,2,2,3,1,3
1949,Active Employee,0,No,36,35-45,Male,Married,4,Life Sciences,Research & Development,Laboratory Technician,1,4,Non-Travel,9,Moderate (6-15 km),1351,66,9238,2810,<$3K,Lower Income,22,0,4,Excellent,1,2,2,3,2,No,Low Risk,5,Junior(3-5),5,4-7 Years,4,0,2,1,3
1950,Active Employee,0,No,34,26-35,Male,Single,3,Marketing,Sales,Sales Executive,3,3,Travel Rarely,1,Near (0-5 km),937,32,6770,9888,$6K-<10K,Middle Income,21,0,4,Excellent,1,4,1,2,2,No,Low Risk,14,Senior(11-20),14,10-15 Years,8,2,1,1,3
1951,Active Employee,0,No,34,26-35,Male,Divorced,4,Medical,Sales,Sales Executive,3,3,Travel Rarely,13,Moderate (6-15 km),1239,39,22914,8628,$6K-<10K,Middle Income,18,1,3,Good,4,3,3,2,3,No,Low Risk,9,Mid-Level(6-10),8,8-10 Years,7,1,1,1,2
1952,Active Employee,0,No,26,26-35,Male,Single,3,Medical,Research & Development,Laboratory Technician,1,3,Travel Rarely,1,Near (0-5 km),157,95,20006,2867,<$3K,Lower Income,13,0,3,Good,3,1,4,2,2.5,No,Low Risk,8,Mid-Level(6-10),7,4-7 Years,7,7,6,0,6
1954,Active Employee,0,No,29,26-35,Male,Married,3,Life Sciences,Research & Development,Healthcare Representative,2,3,Travel Rarely,1,Near (0-5 km),136,89,6225,5373,$3K-<6K,Lower Middle Income,12,1,3,Good,1,1,1,2,1.25,No,Low Risk,6,Mid-Level(6-10),5,4-7 Years,3,0,2,0,5
1955,Active Employee,0,No,32,26-35,Female,Divorced,4,Medical,Research & Development,Healthcare Representative,2,3,Non-Travel,15,Moderate (6-15 km),1146,34,16542,6667,$6K-<10K,Middle Income,18,1,3,Good,3,4,2,3,3,No,Low Risk,9,Mid-Level(6-10),5,4-7 Years,1,1,2,5,6
1956,Active Employee,0,No,31,26-35,Male,Married,3,Life Sciences,Research & Development,Research Scientist,2,1,Travel Frequently,1,Near (0-5 km),1125,48,5771,5003,$3K-<6K,Lower Middle Income,21,0,4,Excellent,4,1,2,3,2.5,No,Low Risk,10,Mid-Level(6-10),10,8-10 Years,8,8,7,1,6
1960,Ex-Employee,1,Yes,28,26-35,Male,Divorced,3,Technical Degree,Research & Development,Laboratory Technician,1,2,Travel Rarely,17,Far (16-30 km),1404,32,18779,2367,<$3K,Lower Income,12,1,3,Good,3,4,1,2,2.5,No,Low Risk,6,Mid-Level(6-10),4,4-7 Years,1,0,3,5,2
1961,Active Employee,0,No,38,35-45,Male,Single,3,Life Sciences,Sales,Sales Representative,1,2,Travel Rarely,1,Near (0-5 km),1404,59,11473,2858,<$3K,Lower Income,14,0,3,Good,1,1,1,2,1.25,No,Low Risk,20,Senior(11-20),1,1-3 Years,0,0,0,4,3
1962,Active Employee,0,No,35,35-45,Female,Married,4,Life Sciences,Sales,Sales Executive,2,3,Travel Rarely,7,Moderate (6-15 km),1224,55,13586,5204,$3K-<6K,Lower Middle Income,11,0,3,Good,3,4,4,3,3.5,Yes,Moderate Risk,10,Mid-Level(6-10),10,8-10 Years,8,0,9,1,2
1965,Active Employee,0,No,27,26-35,Male,Single,3,Marketing,Sales,Sales Executive,2,3,Travel Rarely,9,Moderate (6-15 km),954,44,5099,4105,$3K-<6K,Lower Middle Income,14,0,3,Good,4,4,1,3,3,No,Low Risk,7,Mid-Level(6-10),7,4-7 Years,7,0,7,1,5
1966,Active Employee,0,No,32,26-35,Male,Single,4,Life Sciences,Research & Development,Manufacturing Director,2,2,Travel Rarely,5,Near (0-5 km),1373,56,10138,9679,$6K-<10K,Middle Income,24,0,4,Excellent,4,4,2,3,3.25,No,Low Risk,8,Mid-Level(6-10),1,1-3 Years,0,0,0,8,1
1967,Ex-Employee,1,Yes,31,26-35,Male,Married,4,Marketing,Sales,Sales Executive,2,3,Travel Frequently,26,Far (16-30 km),754,63,21075,5617,$3K-<6K,Lower Middle Income,11,0,3,Good,1,4,3,3,2.75,Yes,High Risk,10,Mid-Level(6-10),10,8-10 Years,7,0,8,1,4
1968,Ex-Employee,1,Yes,53,46-55,Male,Single,4,Life Sciences,Sales,Sales Executive,3,3,Travel Rarely,24,Far (16-30 km),1168,66,5843,10448,$10K-<15K,Upper Middle Income,13,0,3,Good,1,1,2,2,1.5,Yes,High Risk,15,Senior(11-20),2,1-3 Years,2,2,2,6,2
1969,Active Employee,0,No,54,46-55,Female,Married,2,Life Sciences,Research & Development,Research Scientist,2,3,Travel Rarely,9,Moderate (6-15 km),155,67,22474,2897,<$3K,Lower Income,11,2,3,Good,1,3,3,2,2.25,No,Low Risk,9,Mid-Level(6-10),4,4-7 Years,3,2,3,3,6
1970,Active Employee,0,No,33,26-35,Male,Divorced,2,Life Sciences,Research & Development,Healthcare Representative,2,3,Travel Frequently,7,Moderate (6-15 km),1303,36,18079,5968,$3K-<6K,Lower Middle Income,20,3,4,Excellent,4,3,3,3,3.25,No,Low Risk,9,Mid-Level(6-10),9,8-10 Years,7,2,8,1,2
1971,Active Employee,0,No,43,35-45,Male,Married,3,Life Sciences,Research & Development,Healthcare Representative,3,3,Travel Rarely,11,Moderate (6-15 km),574,30,16873,7510,$6K-<10K,Middle Income,17,1,3,Good,1,3,2,3,2.25,No,Low Risk,10,Mid-Level(6-10),10,8-10 Years,9,0,9,1,1
1972,Active Employee,0,No,38,35-45,Male,Married,4,Other,Human Resources,Human Resources,1,3,Travel Frequently,1,Near (0-5 km),1444,88,5224,2991,<$3K,Lower Income,11,1,3,Good,4,2,2,3,2.75,Yes,Moderate Risk,7,Mid-Level(6-10),6,4-7 Years,2,1,2,0,2
1973,Active Employee,0,No,55,46-55,Male,Married,4,Human Resources,Human Resources,Manager,5,4,Travel Rarely,26,Far (16-30 km),189,71,25811,19636,$15K+,Higher Income,18,1,3,Good,3,2,1,3,2.25,Yes,High Risk,35,Expert(20+),10,8-10 Years,9,1,4,4,0
1974,Active Employee,0,No,31,26-35,Female,Divorced,1,Medical,Research & Development,Laboratory Technician,1,1,Travel Rarely,2,Near (0-5 km),1276,59,17536,1129,<$3K,Lower Income,11,3,3,Good,4,4,3,3,3.5,Yes,Moderate Risk,1,Fresher(0-2),1,1-3 Years,0,0,0,1,4
1975,Active Employee,0,No,39,35-45,Male,Single,4,Marketing,Sales,Sales Executive,4,3,Travel Rarely,15,Moderate (6-15 km),119,77,25098,13341,$10K-<15K,Upper Middle Income,12,0,3,Good,2,1,1,3,1.75,No,Low Risk,21,Expert(20+),20,15+ Years,8,11,10,0,3
1976,Active Employee,0,No,42,35-45,Male,Single,2,Life Sciences,Research & Development,Research Scientist,2,2,Non-Travel,23,Far (16-30 km),335,37,14811,4332,$3K-<6K,Lower Middle Income,12,0,3,Good,4,3,4,3,3.5,No,Low Risk,20,Senior(11-20),20,15+ Years,9,3,7,1,2
1979,Active Employee,0,No,31,26-35,Female,Married,3,Medical,Research & Development,Research Director,3,3,Non-Travel,10,Moderate (6-15 km),697,40,26862,11031,$10K-<15K,Upper Middle Income,20,1,4,Excellent,3,3,3,4,3.25,No,Low Risk,13,Senior(11-20),11,10-15 Years,7,4,8,4,2
1980,Active Employee,0,No,54,46-55,Female,Single,3,Medical,Research & Development,Manufacturing Director,2,3,Travel Rarely,10,Moderate (6-15 km),157,77,25198,4440,$3K-<6K,Lower Middle Income,19,0,3,Good,3,1,4,3,2.75,Yes,Moderate Risk,9,Mid-Level(6-10),5,4-7 Years,2,1,4,6,3
1981,Active Employee,0,No,24,18-25,Male,Single,2,Life Sciences,Research & Development,Healthcare Representative,2,2,Travel Rarely,1,Near (0-5 km),771,45,14120,4617,$3K-<6K,Lower Middle Income,12,0,3,Good,2,3,2,2,2.25,No,Low Risk,4,Junior(3-5),4,4-7 Years,3,1,2,1,2
1982,Active Employee,0,No,23,18-25,Male,Single,2,Other,Research & Development,Laboratory Technician,1,3,Travel Rarely,12,Moderate (6-15 km),571,78,13672,2647,<$3K,Lower Income,13,0,3,Good,4,4,3,4,3.75,No,Low Risk,5,Junior(3-5),5,4-7 Years,2,1,4,1,6
1985,Active Employee,0,No,40,35-45,Female,Married,3,Technical Degree,Research & Development,Laboratory Technician,2,3,Travel Frequently,11,Moderate (6-15 km),692,73,26849,6323,$6K-<10K,Middle Income,11,1,3,Good,4,3,1,4,3,No,Low Risk,10,Mid-Level(6-10),10,8-10 Years,9,9,4,1,2
1986,Active Employee,0,No,40,35-45,Female,Married,2,Marketing,Sales,Sales Executive,2,3,Travel Rarely,2,Near (0-5 km),444,92,4258,5677,$3K-<6K,Lower Middle Income,14,1,3,Good,2,2,3,3,2.5,No,Low Risk,15,Senior(11-20),11,10-15 Years,8,5,10,3,4
1987,Active Employee,0,No,25,18-25,Female,Married,3,Human Resources,Human Resources,Human Resources,1,3,Travel Rarely,2,Near (0-5 km),309,82,19655,2187,<$3K,Lower Income,14,0,3,Good,3,2,3,3,2.75,No,Low Risk,6,Mid-Level(6-10),2,1-3 Years,0,1,2,4,3
1989,Active Employee,0,No,30,26-35,Male,Married,2,Medical,Research & Development,Laboratory Technician,1,3,Travel Rarely,1,Near (0-5 km),911,76,4077,3748,$3K-<6K,Lower Middle Income,13,0,3,Good,4,2,3,2,2.75,No,Low Risk,12,Senior(11-20),12,10-15 Years,8,1,7,1,6
1992,Active Employee,0,No,25,18-25,Male,Divorced,1,Other,Research & Development,Laboratory Technician,1,3,Travel Rarely,2,Near (0-5 km),977,57,7298,3977,$3K-<6K,Lower Middle Income,19,1,3,Good,4,3,3,2,3,Yes,Moderate Risk,7,Mid-Level(6-10),2,1-3 Years,2,0,2,6,2
1993,Active Employee,0,No,47,46-55,Male,Single,3,Medical,Research & Development,Healthcare Representative,3,3,Travel Rarely,25,Far (16-30 km),1180,84,13084,8633,$6K-<10K,Middle Income,23,0,4,Excellent,1,3,2,3,2.25,No,Low Risk,25,Expert(20+),17,15+ Years,14,12,11,2,3
1994,Active Employee,0,No,33,26-35,Male,Divorced,2,Medical,Research & Development,Laboratory Technician,1,2,Non-Travel,1,Near (0-5 km),1313,59,20439,2008,<$3K,Lower Income,12,3,3,Good,2,3,3,2,2.5,No,Low Risk,1,Fresher(0-2),1,1-3 Years,1,0,0,1,2
1995,Active Employee,0,No,38,35-45,Male,Married,4,Life Sciences,Sales,Sales Executive,2,3,Travel Rarely,1,Near (0-5 km),1321,86,7636,4440,$3K-<6K,Lower Middle Income,15,2,3,Good,4,2,1,3,2.5,No,Low Risk,16,Senior(11-20),15,10-15 Years,13,5,8,0,3
1996,Active Employee,0,No,31,26-35,Male,Married,2,Life Sciences,Sales,Sales Representative,1,3,Travel Rarely,2,Near (0-5 km),1154,54,6393,3067,$3K-<6K,Lower Middle Income,19,1,3,Good,1,3,3,3,2.5,No,Low Risk,3,Junior(3-5),2,1-3 Years,2,1,2,0,1
1997,Active Employee,0,No,38,35-45,Male,Married,4,Life Sciences,Research & Development,Manufacturing Director,2,2,Travel Frequently,6,Moderate (6-15 km),508,72,14284,5321,$3K-<6K,Lower Middle Income,11,1,3,Good,1,3,4,3,2.75,No,Low Risk,10,Mid-Level(6-10),8,8-10 Years,3,7,7,2,1
1998,Active Employee,0,No,42,35-45,Male,Divorced,4,Life Sciences,Research & Development,Research Scientist,2,3,Travel Rarely,18,Far (16-30 km),557,35,11189,5410,$3K-<6K,Lower Middle Income,17,1,3,Good,4,1,3,2,2.5,Yes,High Risk,9,Mid-Level(6-10),4,4-7 Years,3,1,2,6,3
1999,Active Employee,0,No,41,35-45,Male,Married,3,Life Sciences,Research & Development,Research Scientist,1,3,Travel Rarely,1,Near (0-5 km),642,76,21412,2782,<$3K,Lower Income,22,1,4,Excellent,4,4,1,3,3,No,Low Risk,12,Senior(11-20),5,4-7 Years,3,1,0,3,3
2000,Active Employee,0,No,47,46-55,Female,Married,1,Medical,Research & Development,Research Director,3,3,Non-Travel,1,Near (0-5 km),1162,98,17231,11957,$10K-<15K,Upper Middle Income,18,2,3,Good,3,2,1,1,1.75,No,Low Risk,14,Senior(11-20),13,10-15 Years,8,5,12,0,3
2003,Active Employee,0,No,35,35-45,Male,Married,4,Medical,Research & Development,Laboratory Technician,1,3,Travel Rarely,11,Moderate (6-15 km),1490,43,20232,2660,<$3K,Lower Income,11,1,3,Good,4,3,3,3,3.25,Yes,Moderate Risk,5,Junior(3-5),2,1-3 Years,2,2,2,7,3
2007,Active Employee,0,No,22,18-25,Male,Single,2,Life Sciences,Research & Development,Research Scientist,1,3,Travel Rarely,1,Near (0-5 km),581,63,17624,3375,$3K-<6K,Lower Middle Income,12,0,3,Good,4,3,4,4,3.75,No,Low Risk,4,Junior(3-5),3,1-3 Years,2,1,2,0,2
2008,Active Employee,0,No,35,35-45,Male,Single,4,Medical,Research & Development,Research Scientist,2,3,Travel Rarely,9,Moderate (6-15 km),1395,48,18698,5098,$3K-<6K,Lower Middle Income,19,0,3,Good,2,3,2,3,2.5,No,Low Risk,10,Mid-Level(6-10),10,8-10 Years,7,0,8,1,5
2009,Active Employee,0,No,33,26-35,Female,Married,2,Medical,Research & Development,Healthcare Representative,2,3,Travel Rarely,15,Moderate (6-15 km),501,95,21653,4878,$3K-<6K,Lower Middle Income,13,1,3,Good,2,4,1,3,2.5,Yes,High Risk,10,Mid-Level(6-10),9,8-10 Years,7,8,1,0,6
2010,Active Employee,0,No,32,26-35,Female,Single,4,Life Sciences,Research & Development,Laboratory Technician,1,2,Travel Rarely,29,Far (16-30 km),267,49,15919,2837,<$3K,Lower Income,13,0,3,Good,3,2,3,3,2.75,No,Low Risk,6,Mid-Level(6-10),6,4-7 Years,2,4,1,1,3
2012,Active Employee,0,No,40,35-45,Male,Married,4,Life Sciences,Research & Development,Laboratory Technician,1,3,Travel Rarely,1,Near (0-5 km),543,83,4060,2406,<$3K,Lower Income,19,2,3,Good,1,4,3,2,2.5,No,Low Risk,8,Mid-Level(6-10),1,1-3 Years,0,0,0,8,3
2013,Active Employee,0,No,32,26-35,Male,Married,4,Medical,Sales,Sales Representative,1,2,Travel Rarely,1,Near (0-5 km),234,68,18024,2269,<$3K,Lower Income,14,1,3,Good,2,2,2,3,2.25,No,Low Risk,3,Junior(3-5),2,1-3 Years,2,2,2,0,2
2014,Active Employee,0,No,39,35-45,Male,Single,1,Life Sciences,Research & Development,Research Scientist,2,3,Travel Rarely,24,Far (16-30 km),116,52,5340,4108,$3K-<6K,Lower Middle Income,13,0,3,Good,1,4,1,3,2.25,No,Low Risk,18,Senior(11-20),7,4-7 Years,7,1,7,7,2
2015,Active Employee,0,No,38,35-45,Female,Married,3,Medical,Research & Development,Research Director,3,1,Travel Rarely,10,Moderate (6-15 km),201,99,3376,13206,$10K-<15K,Upper Middle Income,12,1,3,Good,2,3,1,3,2.25,No,Low Risk,20,Senior(11-20),18,15+ Years,16,1,11,3,3
2016,Active Employee,0,No,32,26-35,Female,Married,4,Marketing,Sales,Sales Executive,3,3,Travel Rarely,1,Near (0-5 km),801,48,24032,10422,$10K-<15K,Upper Middle Income,19,2,3,Good,3,4,3,3,3.25,No,Low Risk,14,Senior(11-20),14,10-15 Years,10,5,7,1,3
2017,Active Employee,0,No,37,35-45,Female,Married,3,Life Sciences,Research & Development,Research Director,3,4,Travel Rarely,10,Moderate (6-15 km),161,42,15471,13744,$10K-<15K,Upper Middle Income,25,1,4,Excellent,3,4,1,3,2.75,Yes,High Risk,16,Senior(11-20),16,15+ Years,11,6,8,1,2
2018,Active Employee,0,No,25,18-25,Female,Divorced,2,Other,Sales,Sales Executive,2,3,Travel Rarely,8,Moderate (6-15 km),1382,85,13684,4907,$3K-<6K,Lower Middle Income,22,1,4,Excellent,1,3,2,2,2,Yes,High Risk,6,Mid-Level(6-10),5,4-7 Years,3,0,4,0,3
2019,Active Employee,0,No,52,46-55,Male,Divorced,4,Life Sciences,Sales,Sales Representative,1,3,Non-Travel,29,Far (16-30 km),585,40,19788,3482,$3K-<6K,Lower Middle Income,15,2,3,Good,1,4,2,2,2.25,No,Low Risk,16,Senior(11-20),9,8-10 Years,8,0,0,2,3
2020,Active Employee,0,No,44,35-45,Male,Single,3,Medical,Research & Development,Research Scientist,1,3,Travel Rarely,1,Near (0-5 km),1037,42,13422,2436,<$3K,Lower Income,12,0,3,Good,2,4,3,3,3,Yes,Moderate Risk,6,Mid-Level(6-10),4,4-7 Years,3,1,2,6,2
2021,Active Employee,0,No,21,18-25,Male,Single,1,Medical,Sales,Sales Representative,1,3,Travel Rarely,5,Near (0-5 km),501,58,25479,2380,<$3K,Lower Income,11,0,3,Good,3,1,4,3,2.75,Yes,Moderate Risk,2,Fresher(0-2),2,1-3 Years,2,1,2,1,6
2022,Active Employee,0,No,39,35-45,Male,Single,3,Life Sciences,Research & Development,Manager,5,3,Non-Travel,9,Moderate (6-15 km),105,87,15302,19431,$15K+,Higher Income,13,0,3,Good,4,4,3,2,3.25,No,Low Risk,21,Expert(20+),6,4-7 Years,0,1,3,2,3
2023,Ex-Employee,1,Yes,23,18-25,Male,Married,3,Marketing,Sales,Sales Representative,1,3,Travel Frequently,9,Moderate (6-15 km),638,33,26956,1790,<$3K,Lower Income,19,1,3,Good,4,1,1,2,2,No,Low Risk,1,Fresher(0-2),1,1-3 Years,0,1,0,1,3
2024,Active Employee,0,No,36,35-45,Female,Married,3,Medical,Sales,Sales Executive,3,2,Travel Rarely,3,Near (0-5 km),557,94,12695,7644,$6K-<10K,Middle Income,19,2,3,Good,1,4,3,3,2.75,No,Low Risk,10,Mid-Level(6-10),9,8-10 Years,7,3,4,0,2
2025,Active Employee,0,No,36,35-45,Female,Divorced,2,Life Sciences,Research & Development,Manufacturing Director,2,3,Travel Frequently,4,Near (0-5 km),688,97,9192,5131,$3K-<6K,Lower Middle Income,13,3,3,Good,4,2,2,3,2.75,No,Low Risk,18,Senior(11-20),4,4-7 Years,2,0,2,7,3
2026,Active Employee,0,No,56,56+,Male,Divorced,4,Life Sciences,Research & Development,Healthcare Representative,2,3,Non-Travel,1,Near (0-5 km),667,57,26236,6306,$6K-<10K,Middle Income,21,1,4,Excellent,3,3,1,2,2.25,No,Low Risk,13,Senior(11-20),13,10-15 Years,12,1,9,1,2
2027,Ex-Employee,1,Yes,29,26-35,Male,Married,4,Medical,Research & Development,Research Scientist,1,3,Travel Rarely,1,Near (0-5 km),1092,36,26124,4787,$3K-<6K,Lower Middle Income,14,3,3,Good,1,4,2,4,2.75,Yes,Moderate Risk,4,Junior(3-5),2,1-3 Years,2,2,2,9,3
2031,Active Employee,0,No,42,35-45,Male,Married,3,Life Sciences,Research & Development,Manager,5,3,Travel Rarely,2,Near (0-5 km),300,56,17312,18880,$15K+,Higher Income,11,0,3,Good,1,3,1,2,1.75,No,Low Risk,24,Expert(20+),22,15+ Years,6,4,14,5,2
2032,Ex-Employee,1,Yes,56,56+,Male,Married,2,Technical Degree,Research & Development,Laboratory Technician,1,3,Travel Rarely,7,Moderate (6-15 km),310,72,3666,2339,<$3K,Lower Income,11,1,3,Good,4,3,4,1,3,No,Low Risk,14,Senior(11-20),10,8-10 Years,9,9,8,8,4
2034,Active Employee,0,No,41,35-45,Female,Married,4,Life Sciences,Research & Development,Manufacturing Director,4,2,Travel Rarely,28,Far (16-30 km),582,60,5640,13570,$10K-<15K,Upper Middle Income,23,1,4,Excellent,1,2,3,3,2.25,No,Low Risk,21,Expert(20+),20,15+ Years,7,0,10,0,3
2035,Active Employee,0,No,34,26-35,Female,Married,3,Marketing,Sales,Sales Executive,2,2,Travel Rarely,28,Far (16-30 km),704,95,8978,6712,$6K-<10K,Middle Income,21,2,4,Excellent,4,3,4,3,3.5,No,Low Risk,8,Mid-Level(6-10),8,8-10 Years,7,1,7,1,2
2036,Active Employee,0,No,36,35-45,Male,Divorced,4,Marketing,Sales,Sales Executive,2,1,Non-Travel,15,Moderate (6-15 km),301,88,10436,5406,$3K-<6K,Lower Middle Income,24,1,4,Excellent,4,4,1,2,2.75,No,Low Risk,15,Senior(11-20),15,10-15 Years,12,11,11,1,4
2037,Active Employee,0,No,41,35-45,Male,Divorced,3,Life Sciences,Sales,Sales Executive,2,2,Travel Rarely,3,Near (0-5 km),930,57,12227,8938,$6K-<10K,Middle Income,11,1,3,Good,3,2,3,3,2.75,No,Low Risk,14,Senior(11-20),5,4-7 Years,4,0,4,2,5
2038,Active Employee,0,No,32,26-35,Male,Single,3,Technical Degree,Research & Development,Research Scientist,1,3,Travel Rarely,2,Near (0-5 km),529,78,11288,2439,<$3K,Lower Income,14,0,3,Good,4,1,4,3,3,No,Low Risk,4,Junior(3-5),4,4-7 Years,2,1,2,1,4
2040,Active Employee,0,No,35,35-45,Female,Single,4,Life Sciences,Human Resources,Human Resources,3,3,Travel Rarely,26,Far (16-30 km),1146,31,16642,8837,$6K-<10K,Middle Income,16,0,3,Good,3,4,3,3,3.25,Yes,High Risk,9,Mid-Level(6-10),9,8-10 Years,0,1,7,1,2
2041,Active Employee,0,No,38,35-45,Female,Married,2,Life Sciences,Sales,Sales Executive,2,3,Travel Rarely,10,Moderate (6-15 km),345,100,5982,5343,$3K-<6K,Lower Middle Income,11,1,3,Good,1,4,3,3,2.75,No,Low Risk,10,Mid-Level(6-10),10,8-10 Years,7,1,9,1,1
2044,Ex-Employee,1,Yes,50,46-55,Male,Divorced,4,Life Sciences,Sales,Sales Executive,2,3,Travel Frequently,1,Near (0-5 km),878,94,14255,6728,$6K-<10K,Middle Income,12,2,3,Good,2,3,4,3,3,No,Low Risk,12,Senior(11-20),6,4-7 Years,3,0,1,7,3
2045,Active Employee,0,No,36,35-45,Female,Married,4,Marketing,Sales,Sales Executive,2,2,Travel Rarely,11,Moderate (6-15 km),1120,100,14369,6652,$6K-<10K,Middle Income,13,1,3,Good,2,4,1,2,2.25,No,Low Risk,8,Mid-Level(6-10),6,4-7 Years,3,0,0,4,2
2046,Active Employee,0,No,45,35-45,Female,Single,3,Life Sciences,Sales,Sales Executive,2,3,Travel Rarely,20,Far (16-30 km),374,50,23333,4850,$3K-<6K,Lower Middle Income,15,0,3,Good,4,3,3,3,3.25,No,Low Risk,8,Mid-Level(6-10),5,4-7 Years,3,0,1,8,3
2048,Active Employee,0,No,40,35-45,Male,Single,4,Life Sciences,Research & Development,Research Scientist,1,2,Travel Rarely,2,Near (0-5 km),1322,52,2725,2809,<$3K,Lower Income,14,0,3,Good,3,3,4,3,3.25,No,Low Risk,8,Mid-Level(6-10),2,1-3 Years,2,2,2,2,2
2049,Active Employee,0,No,35,35-45,Male,Married,4,Life Sciences,Research & Development,Healthcare Representative,2,3,Travel Frequently,18,Far (16-30 km),1199,80,24594,5689,$3K-<6K,Lower Middle Income,14,2,3,Good,3,3,4,4,3.5,Yes,High Risk,10,Mid-Level(6-10),10,8-10 Years,2,0,2,1,2
2051,Active Employee,0,No,40,35-45,Female,Married,4,Medical,Research & Development,Research Scientist,1,3,Travel Rarely,2,Near (0-5 km),1194,98,12549,2001,<$3K,Lower Income,14,3,3,Good,3,3,2,3,2.75,No,Low Risk,20,Senior(11-20),5,4-7 Years,3,0,2,2,2
2052,Active Employee,0,No,35,35-45,Female,Married,4,Life Sciences,Research & Development,Research Scientist,1,1,Travel Rarely,1,Near (0-5 km),287,62,8952,2977,<$3K,Lower Income,12,1,3,Good,3,4,4,3,3.5,No,Low Risk,4,Junior(3-5),4,4-7 Years,3,1,1,1,5
2053,Active Employee,0,No,29,26-35,Male,Married,2,Other,Research & Development,Laboratory Technician,2,2,Travel Rarely,13,Moderate (6-15 km),1378,46,23679,4025,$3K-<6K,Lower Middle Income,13,1,3,Good,4,2,1,3,2.5,Yes,Moderate Risk,10,Mid-Level(6-10),4,4-7 Years,3,0,3,4,2
2054,Active Employee,0,No,29,26-35,Female,Single,4,Medical,Research & Development,Research Scientist,1,2,Travel Rarely,28,Far (16-30 km),468,73,8489,3785,$3K-<6K,Lower Middle Income,14,0,3,Good,4,1,2,1,2,No,Low Risk,5,Junior(3-5),5,4-7 Years,4,0,4,1,3
2055,Ex-Employee,1,Yes,50,46-55,Male,Divorced,3,Marketing,Sales,Sales Executive,3,2,Travel Rarely,28,Far (16-30 km),410,39,16586,10854,$10K-<15K,Upper Middle Income,13,1,3,Good,4,1,2,3,2.5,Yes,High Risk,20,Senior(11-20),3,1-3 Years,2,2,0,4,3
2056,Active Employee,0,No,39,35-45,Female,Married,1,Marketing,Sales,Sales Executive,4,2,Travel Rarely,24,Far (16-30 km),722,60,8828,12031,$10K-<15K,Upper Middle Income,11,1,3,Good,2,4,1,2,2.25,No,Low Risk,21,Expert(20+),20,15+ Years,9,9,6,0,2
2057,Active Employee,0,No,31,26-35,Male,Single,3,Medical,Research & Development,Manufacturing Director,2,3,Non-Travel,5,Near (0-5 km),325,74,3787,9936,$6K-<10K,Middle Income,19,0,3,Good,2,1,2,3,2,No,Low Risk,10,Mid-Level(6-10),9,8-10 Years,4,1,7,0,2
2060,Active Employee,0,No,26,26-35,Female,Single,3,Other,Sales,Sales Representative,1,2,Travel Rarely,5,Near (0-5 km),1167,30,21378,2966,<$3K,Lower Income,18,0,3,Good,4,3,4,3,3.5,No,Low Risk,5,Junior(3-5),4,4-7 Years,2,0,0,0,2
2061,Active Employee,0,No,36,35-45,Male,Married,2,Medical,Research & Development,Laboratory Technician,2,4,Travel Frequently,23,Far (16-30 km),884,41,12290,2571,<$3K,Lower Income,17,1,3,Good,3,4,3,3,3.25,No,Low Risk,17,Senior(11-20),5,4-7 Years,2,0,3,4,3
2062,Active Employee,0,No,39,35-45,Male,Married,1,Medical,Research & Development,Healthcare Representative,3,2,Travel Rarely,6,Moderate (6-15 km),613,42,21457,9991,$6K-<10K,Middle Income,15,1,3,Good,4,1,1,3,2.25,No,Low Risk,9,Mid-Level(6-10),7,4-7 Years,7,1,7,4,5
2064,Active Employee,0,No,27,26-35,Male,Married,3,Life Sciences,Research & Development,Manufacturing Director,2,4,Travel Rarely,4,Near (0-5 km),155,87,5174,6142,$6K-<10K,Middle Income,20,1,4,Excellent,2,2,2,3,2.25,Yes,Moderate Risk,6,Mid-Level(6-10),6,4-7 Years,2,0,3,1,0
2065,Active Employee,0,No,49,46-55,Male,Married,3,Medical,Sales,Sales Executive,2,2,Travel Frequently,2,Near (0-5 km),1023,63,13243,5390,$3K-<6K,Lower Middle Income,14,0,3,Good,4,2,4,2,3,No,Low Risk,17,Senior(11-20),9,8-10 Years,6,0,8,2,3
2068,Active Employee,0,No,34,26-35,Male,Married,3,Medical,Research & Development,Laboratory Technician,2,4,Travel Rarely,8,Moderate (6-15 km),628,82,10228,4404,$3K-<6K,Lower Middle Income,12,0,3,Good,2,3,1,4,2.5,No,Low Risk,6,Mid-Level(6-10),4,4-7 Years,3,1,2,2,3
